/work/mathiamt/SnowPoleDetection/RetinaNet/keras-retinanet/retinanet_data/lidar/images/train/image_1.png,551,85,557,109,pole
/work/mathiamt/SnowPoleDetection/RetinaNet/keras-retinanet/retinanet_data/lidar/images/train/image_1.png,402,98,409,120,pole
/work/mathiamt/SnowPoleDetection/RetinaNet/keras-retinanet/retinanet_data/lidar/images/train/image_10.png,984,80,990,113,pole
/work/mathiamt/SnowPoleDetection/RetinaNet/keras-retinanet/retinanet_data/lidar/images/train/image_10.png,66,91,71,118,pole
/work/mathiamt/SnowPoleDetection/RetinaNet/keras-retinanet/retinanet_data/lidar/images/train/image_100.png,416,91,423,111,pole
/work/mathiamt/SnowPoleDetection/RetinaNet/keras-retinanet/retinanet_data/lidar/images/train/image_100.png,553,89,558,108,pole
/work/mathiamt/SnowPoleDetection/RetinaNet/keras-retinanet/retinanet_data/lidar/images/train/image_1000.png,439,74,443,89,pole
/work/mathiamt/SnowPoleDetection/RetinaNet/keras-retinanet/retinanet_data/lidar/images/train/image_1000.png,982,83,986,103,pole
/work/mathiamt/SnowPoleDetection/RetinaNet/keras-retinanet/retinanet_data/lidar/images/train/image_1001.png,428,76,435,96,pole
/work/mathiamt/SnowPoleDetection/RetinaNet/keras-retinanet/retinanet_data/lidar/images/train/image_1001.png,542,78,548,94,pole
/work/mathiamt/SnowPoleDetection/RetinaNet/keras-retinanet/retinanet_data/lidar/images/train/image_1003.png,401,84,408,112,pole
/work/mathiamt/SnowPoleDetection/RetinaNet/keras-retinanet/retinanet_data/lidar/images/train/image_1003.png,558,80,565,107,pole
/work/mathiamt/SnowPoleDetection/RetinaNet/keras-retinanet/retinanet_data/lidar/images/train/image_1005.png,596,88,607,127,pole
/work/mathiamt/SnowPoleDetection/RetinaNet/keras-retinanet/retinanet_data/lidar/images/train/image_1005.png,354,102,360,127,pole
/work/mathiamt/SnowPoleDetection/RetinaNet/keras-retinanet/retinanet_data/lidar/images/train/image_1006.png,640,98,650,128,pole
/work/mathiamt/SnowPoleDetection/RetinaNet/keras-retinanet/retinanet_data/lidar/images/train/image_1006.png,315,91,323,125,pole
/work/mathiamt/SnowPoleDetection/RetinaNet/keras-retinanet/retinanet_data/lidar/images/train/image_1007.png,731,116,738,128,pole
/work/mathiamt/SnowPoleDetection/RetinaNet/keras-retinanet/retinanet_data/lidar/images/train/image_1007.png,43,73,47,91,pole
/work/mathiamt/SnowPoleDetection/RetinaNet/keras-retinanet/retinanet_data/lidar/images/train/image_1007.png,270,89,278,126,pole
/work/mathiamt/SnowPoleDetection/RetinaNet/keras-retinanet/retinanet_data/lidar/images/train/image_101.png,395,94,403,125,pole
/work/mathiamt/SnowPoleDetection/RetinaNet/keras-retinanet/retinanet_data/lidar/images/train/image_101.png,565,94,572,123,pole
/work/mathiamt/SnowPoleDetection/RetinaNet/keras-retinanet/retinanet_data/lidar/images/train/image_1010.png,446,73,451,88,pole
/work/mathiamt/SnowPoleDetection/RetinaNet/keras-retinanet/retinanet_data/lidar/images/train/image_1010.png,941,89,950,128,pole
/work/mathiamt/SnowPoleDetection/RetinaNet/keras-retinanet/retinanet_data/lidar/images/train/image_1012.png,430,81,435,100,pole
/work/mathiamt/SnowPoleDetection/RetinaNet/keras-retinanet/retinanet_data/lidar/images/train/image_1012.png,971,82,977,115,pole
/work/mathiamt/SnowPoleDetection/RetinaNet/keras-retinanet/retinanet_data/lidar/images/train/image_1012.png,94,99,103,127,pole
/work/mathiamt/SnowPoleDetection/RetinaNet/keras-retinanet/retinanet_data/lidar/images/train/image_1013.png,413,81,423,112,pole
/work/mathiamt/SnowPoleDetection/RetinaNet/keras-retinanet/retinanet_data/lidar/images/train/image_1013.png,79,98,86,121,pole
/work/mathiamt/SnowPoleDetection/RetinaNet/keras-retinanet/retinanet_data/lidar/images/train/image_1013.png,979,84,984,109,pole
/work/mathiamt/SnowPoleDetection/RetinaNet/keras-retinanet/retinanet_data/lidar/images/train/image_1014.png,399,84,407,111,pole
/work/mathiamt/SnowPoleDetection/RetinaNet/keras-retinanet/retinanet_data/lidar/images/train/image_1014.png,69,95,76,115,pole
/work/mathiamt/SnowPoleDetection/RetinaNet/keras-retinanet/retinanet_data/lidar/images/train/image_1015.png,378,93,387,125,pole
/work/mathiamt/SnowPoleDetection/RetinaNet/keras-retinanet/retinanet_data/lidar/images/train/image_1015.png,991,84,993,101,pole
/work/mathiamt/SnowPoleDetection/RetinaNet/keras-retinanet/retinanet_data/lidar/images/train/image_1015.png,60,92,66,108,pole
/work/mathiamt/SnowPoleDetection/RetinaNet/keras-retinanet/retinanet_data/lidar/images/train/image_1016.png,348,99,357,127,pole
/work/mathiamt/SnowPoleDetection/RetinaNet/keras-retinanet/retinanet_data/lidar/images/train/image_1016.png,54,87,60,105,pole
/work/mathiamt/SnowPoleDetection/RetinaNet/keras-retinanet/retinanet_data/lidar/images/train/image_1018.png,265,94,274,128,pole
/work/mathiamt/SnowPoleDetection/RetinaNet/keras-retinanet/retinanet_data/lidar/images/train/image_1020.png,172,94,180,128,pole
/work/mathiamt/SnowPoleDetection/RetinaNet/keras-retinanet/retinanet_data/lidar/images/train/image_1023.png,91,91,99,124,pole
/work/mathiamt/SnowPoleDetection/RetinaNet/keras-retinanet/retinanet_data/lidar/images/train/image_1023.png,453,74,457,87,pole
/work/mathiamt/SnowPoleDetection/RetinaNet/keras-retinanet/retinanet_data/lidar/images/train/image_1024.png,446,70,453,91,pole
/work/mathiamt/SnowPoleDetection/RetinaNet/keras-retinanet/retinanet_data/lidar/images/train/image_1024.png,78,97,84,119,pole
/work/mathiamt/SnowPoleDetection/RetinaNet/keras-retinanet/retinanet_data/lidar/images/train/image_1025.png,439,77,445,94,pole
/work/mathiamt/SnowPoleDetection/RetinaNet/keras-retinanet/retinanet_data/lidar/images/train/image_1025.png,541,75,544,88,pole
/work/mathiamt/SnowPoleDetection/RetinaNet/keras-retinanet/retinanet_data/lidar/images/train/image_1025.png,67,92,73,108,pole
/work/mathiamt/SnowPoleDetection/RetinaNet/keras-retinanet/retinanet_data/lidar/images/train/image_1026.png,545,74,551,96,pole
/work/mathiamt/SnowPoleDetection/RetinaNet/keras-retinanet/retinanet_data/lidar/images/train/image_1026.png,430,75,437,99,pole
/work/mathiamt/SnowPoleDetection/RetinaNet/keras-retinanet/retinanet_data/lidar/images/train/image_1029.png,582,77,592,126,pole
/work/mathiamt/SnowPoleDetection/RetinaNet/keras-retinanet/retinanet_data/lidar/images/train/image_1029.png,381,90,390,124,pole
/work/mathiamt/SnowPoleDetection/RetinaNet/keras-retinanet/retinanet_data/lidar/images/train/image_103.png,327,98,338,127,pole
/work/mathiamt/SnowPoleDetection/RetinaNet/keras-retinanet/retinanet_data/lidar/images/train/image_103.png,642,106,649,128,pole
/work/mathiamt/SnowPoleDetection/RetinaNet/keras-retinanet/retinanet_data/lidar/images/train/image_1030.png,615,87,626,128,pole
/work/mathiamt/SnowPoleDetection/RetinaNet/keras-retinanet/retinanet_data/lidar/images/train/image_1030.png,354,84,363,127,pole
/work/mathiamt/SnowPoleDetection/RetinaNet/keras-retinanet/retinanet_data/lidar/images/train/image_1031.png,684,98,695,128,pole
/work/mathiamt/SnowPoleDetection/RetinaNet/keras-retinanet/retinanet_data/lidar/images/train/image_1031.png,316,92,326,128,pole
/work/mathiamt/SnowPoleDetection/RetinaNet/keras-retinanet/retinanet_data/lidar/images/train/image_1032.png,799,106,808,128,pole
/work/mathiamt/SnowPoleDetection/RetinaNet/keras-retinanet/retinanet_data/lidar/images/train/image_1032.png,270,101,277,127,pole
/work/mathiamt/SnowPoleDetection/RetinaNet/keras-retinanet/retinanet_data/lidar/images/train/image_1033.png,219,97,228,128,pole
/work/mathiamt/SnowPoleDetection/RetinaNet/keras-retinanet/retinanet_data/lidar/images/train/image_1033.png,887,100,896,127,pole
/work/mathiamt/SnowPoleDetection/RetinaNet/keras-retinanet/retinanet_data/lidar/images/train/image_1035.png,954,94,962,119,pole
/work/mathiamt/SnowPoleDetection/RetinaNet/keras-retinanet/retinanet_data/lidar/images/train/image_1035.png,138,91,148,127,pole
/work/mathiamt/SnowPoleDetection/RetinaNet/keras-retinanet/retinanet_data/lidar/images/train/image_1036.png,967,81,976,123,pole
/work/mathiamt/SnowPoleDetection/RetinaNet/keras-retinanet/retinanet_data/lidar/images/train/image_1036.png,111,81,119,128,pole
/work/mathiamt/SnowPoleDetection/RetinaNet/keras-retinanet/retinanet_data/lidar/images/train/image_1038.png,449,75,453,90,pole
/work/mathiamt/SnowPoleDetection/RetinaNet/keras-retinanet/retinanet_data/lidar/images/train/image_1038.png,983,89,988,104,pole
/work/mathiamt/SnowPoleDetection/RetinaNet/keras-retinanet/retinanet_data/lidar/images/train/image_1038.png,79,82,84,110,pole
/work/mathiamt/SnowPoleDetection/RetinaNet/keras-retinanet/retinanet_data/lidar/images/train/image_1039.png,442,71,446,93,pole
/work/mathiamt/SnowPoleDetection/RetinaNet/keras-retinanet/retinanet_data/lidar/images/train/image_1039.png,68,88,73,105,pole
/work/mathiamt/SnowPoleDetection/RetinaNet/keras-retinanet/retinanet_data/lidar/images/train/image_1039.png,540,69,544,84,pole
/work/mathiamt/SnowPoleDetection/RetinaNet/keras-retinanet/retinanet_data/lidar/images/train/image_104.png,277,98,286,128,pole
/work/mathiamt/SnowPoleDetection/RetinaNet/keras-retinanet/retinanet_data/lidar/images/train/image_1040.png,431,76,438,98,pole
/work/mathiamt/SnowPoleDetection/RetinaNet/keras-retinanet/retinanet_data/lidar/images/train/image_1040.png,545,77,550,94,pole
/work/mathiamt/SnowPoleDetection/RetinaNet/keras-retinanet/retinanet_data/lidar/images/train/image_1041.png,551,79,559,105,pole
/work/mathiamt/SnowPoleDetection/RetinaNet/keras-retinanet/retinanet_data/lidar/images/train/image_1041.png,419,81,427,107,pole
/work/mathiamt/SnowPoleDetection/RetinaNet/keras-retinanet/retinanet_data/lidar/images/train/image_1044.png,612,82,627,128,pole
/work/mathiamt/SnowPoleDetection/RetinaNet/keras-retinanet/retinanet_data/lidar/images/train/image_1044.png,358,99,367,128,pole
/work/mathiamt/SnowPoleDetection/RetinaNet/keras-retinanet/retinanet_data/lidar/images/train/image_1045.png,686,95,694,128,pole
/work/mathiamt/SnowPoleDetection/RetinaNet/keras-retinanet/retinanet_data/lidar/images/train/image_1045.png,320,103,324,128,pole
/work/mathiamt/SnowPoleDetection/RetinaNet/keras-retinanet/retinanet_data/lidar/images/train/image_1045.png,323,103,328,128,pole
/work/mathiamt/SnowPoleDetection/RetinaNet/keras-retinanet/retinanet_data/lidar/images/train/image_1048.png,932,87,939,128,pole
/work/mathiamt/SnowPoleDetection/RetinaNet/keras-retinanet/retinanet_data/lidar/images/train/image_1048.png,178,96,186,128,pole
/work/mathiamt/SnowPoleDetection/RetinaNet/keras-retinanet/retinanet_data/lidar/images/train/image_105.png,881,113,889,128,pole
/work/mathiamt/SnowPoleDetection/RetinaNet/keras-retinanet/retinanet_data/lidar/images/train/image_105.png,220,103,230,127,pole
/work/mathiamt/SnowPoleDetection/RetinaNet/keras-retinanet/retinanet_data/lidar/images/train/image_1050.png,968,80,975,124,pole
/work/mathiamt/SnowPoleDetection/RetinaNet/keras-retinanet/retinanet_data/lidar/images/train/image_1050.png,457,68,462,89,pole
/work/mathiamt/SnowPoleDetection/RetinaNet/keras-retinanet/retinanet_data/lidar/images/train/image_1050.png,114,91,121,124,pole
/work/mathiamt/SnowPoleDetection/RetinaNet/keras-retinanet/retinanet_data/lidar/images/train/image_1052.png,447,73,451,89,pole
/work/mathiamt/SnowPoleDetection/RetinaNet/keras-retinanet/retinanet_data/lidar/images/train/image_1052.png,983,74,990,104,pole
/work/mathiamt/SnowPoleDetection/RetinaNet/keras-retinanet/retinanet_data/lidar/images/train/image_1052.png,80,88,88,110,pole
/work/mathiamt/SnowPoleDetection/RetinaNet/keras-retinanet/retinanet_data/lidar/images/train/image_1053.png,440,74,444,90,pole
/work/mathiamt/SnowPoleDetection/RetinaNet/keras-retinanet/retinanet_data/lidar/images/train/image_1053.png,989,80,995,104,pole
/work/mathiamt/SnowPoleDetection/RetinaNet/keras-retinanet/retinanet_data/lidar/images/train/image_1053.png,69,85,73,106,pole
/work/mathiamt/SnowPoleDetection/RetinaNet/keras-retinanet/retinanet_data/lidar/images/train/image_1054.png,431,78,437,97,pole
/work/mathiamt/SnowPoleDetection/RetinaNet/keras-retinanet/retinanet_data/lidar/images/train/image_1054.png,992,80,998,100,pole
/work/mathiamt/SnowPoleDetection/RetinaNet/keras-retinanet/retinanet_data/lidar/images/train/image_1055.png,541,66,548,106,pole
/work/mathiamt/SnowPoleDetection/RetinaNet/keras-retinanet/retinanet_data/lidar/images/train/image_1055.png,420,80,427,99,pole
/work/mathiamt/SnowPoleDetection/RetinaNet/keras-retinanet/retinanet_data/lidar/images/train/image_1055.png,997,78,999,93,pole
/work/mathiamt/SnowPoleDetection/RetinaNet/keras-retinanet/retinanet_data/lidar/images/train/image_1058.png,574,72,585,124,pole
/work/mathiamt/SnowPoleDetection/RetinaNet/keras-retinanet/retinanet_data/lidar/images/train/image_1058.png,358,84,368,127,pole
/work/mathiamt/SnowPoleDetection/RetinaNet/keras-retinanet/retinanet_data/lidar/images/train/image_106.png,931,97,944,127,pole
/work/mathiamt/SnowPoleDetection/RetinaNet/keras-retinanet/retinanet_data/lidar/images/train/image_106.png,170,90,181,128,pole
/work/mathiamt/SnowPoleDetection/RetinaNet/keras-retinanet/retinanet_data/lidar/images/train/image_1060.png,678,84,690,128,pole
/work/mathiamt/SnowPoleDetection/RetinaNet/keras-retinanet/retinanet_data/lidar/images/train/image_1060.png,283,108,292,128,pole
/work/mathiamt/SnowPoleDetection/RetinaNet/keras-retinanet/retinanet_data/lidar/images/train/image_1061.png,808,91,818,128,pole
/work/mathiamt/SnowPoleDetection/RetinaNet/keras-retinanet/retinanet_data/lidar/images/train/image_1061.png,234,85,244,128,pole
/work/mathiamt/SnowPoleDetection/RetinaNet/keras-retinanet/retinanet_data/lidar/images/train/image_1063.png,938,80,946,128,pole
/work/mathiamt/SnowPoleDetection/RetinaNet/keras-retinanet/retinanet_data/lidar/images/train/image_1063.png,150,88,158,127,pole
/work/mathiamt/SnowPoleDetection/RetinaNet/keras-retinanet/retinanet_data/lidar/images/train/image_1064.png,958,77,967,128,pole
/work/mathiamt/SnowPoleDetection/RetinaNet/keras-retinanet/retinanet_data/lidar/images/train/image_1064.png,121,93,128,119,pole
/work/mathiamt/SnowPoleDetection/RetinaNet/keras-retinanet/retinanet_data/lidar/images/train/image_1066.png,980,75,987,102,pole
/work/mathiamt/SnowPoleDetection/RetinaNet/keras-retinanet/retinanet_data/lidar/images/train/image_1066.png,83,90,91,110,pole
/work/mathiamt/SnowPoleDetection/RetinaNet/keras-retinanet/retinanet_data/lidar/images/train/image_107.png,957,92,969,128,pole
/work/mathiamt/SnowPoleDetection/RetinaNet/keras-retinanet/retinanet_data/lidar/images/train/image_1070.png,552,75,558,95,pole
/work/mathiamt/SnowPoleDetection/RetinaNet/keras-retinanet/retinanet_data/lidar/images/train/image_1070.png,998,77,1003,94,pole
/work/mathiamt/SnowPoleDetection/RetinaNet/keras-retinanet/retinanet_data/lidar/images/train/image_1071.png,564,69,572,122,pole
/work/mathiamt/SnowPoleDetection/RetinaNet/keras-retinanet/retinanet_data/lidar/images/train/image_1073.png,614,82,625,127,pole
/work/mathiamt/SnowPoleDetection/RetinaNet/keras-retinanet/retinanet_data/lidar/images/train/image_1074.png,686,92,695,127,pole
/work/mathiamt/SnowPoleDetection/RetinaNet/keras-retinanet/retinanet_data/lidar/images/train/image_1075.png,805,98,814,127,pole
/work/mathiamt/SnowPoleDetection/RetinaNet/keras-retinanet/retinanet_data/lidar/images/train/image_1076.png,892,93,900,128,pole
/work/mathiamt/SnowPoleDetection/RetinaNet/keras-retinanet/retinanet_data/lidar/images/train/image_1078.png,955,86,963,120,pole
/work/mathiamt/SnowPoleDetection/RetinaNet/keras-retinanet/retinanet_data/lidar/images/train/image_1079.png,455,70,460,90,pole
/work/mathiamt/SnowPoleDetection/RetinaNet/keras-retinanet/retinanet_data/lidar/images/train/image_1079.png,968,79,975,112,pole
/work/mathiamt/SnowPoleDetection/RetinaNet/keras-retinanet/retinanet_data/lidar/images/train/image_108.png,973,99,981,119,pole
/work/mathiamt/SnowPoleDetection/RetinaNet/keras-retinanet/retinanet_data/lidar/images/train/image_1080.png,977,84,985,112,pole
/work/mathiamt/SnowPoleDetection/RetinaNet/keras-retinanet/retinanet_data/lidar/images/train/image_1081.png,983,77,989,105,pole
/work/mathiamt/SnowPoleDetection/RetinaNet/keras-retinanet/retinanet_data/lidar/images/train/image_1081.png,444,76,449,89,pole
/work/mathiamt/SnowPoleDetection/RetinaNet/keras-retinanet/retinanet_data/lidar/images/train/image_1084.png,554,78,560,97,pole
/work/mathiamt/SnowPoleDetection/RetinaNet/keras-retinanet/retinanet_data/lidar/images/train/image_1084.png,412,83,418,103,pole
/work/mathiamt/SnowPoleDetection/RetinaNet/keras-retinanet/retinanet_data/lidar/images/train/image_1086.png,583,75,592,128,pole
/work/mathiamt/SnowPoleDetection/RetinaNet/keras-retinanet/retinanet_data/lidar/images/train/image_1086.png,369,84,378,128,pole
/work/mathiamt/SnowPoleDetection/RetinaNet/keras-retinanet/retinanet_data/lidar/images/train/image_1086.png,365,88,372,128,pole
/work/mathiamt/SnowPoleDetection/RetinaNet/keras-retinanet/retinanet_data/lidar/images/train/image_1088.png,678,95,687,128,pole
/work/mathiamt/SnowPoleDetection/RetinaNet/keras-retinanet/retinanet_data/lidar/images/train/image_1088.png,291,90,300,128,pole
/work/mathiamt/SnowPoleDetection/RetinaNet/keras-retinanet/retinanet_data/lidar/images/train/image_1089.png,786,104,796,127,pole
/work/mathiamt/SnowPoleDetection/RetinaNet/keras-retinanet/retinanet_data/lidar/images/train/image_1089.png,243,96,251,127,pole
/work/mathiamt/SnowPoleDetection/RetinaNet/keras-retinanet/retinanet_data/lidar/images/train/image_109.png,982,84,989,107,pole
/work/mathiamt/SnowPoleDetection/RetinaNet/keras-retinanet/retinanet_data/lidar/images/train/image_109.png,85,98,90,112,pole
/work/mathiamt/SnowPoleDetection/RetinaNet/keras-retinanet/retinanet_data/lidar/images/train/image_1092.png,950,85,958,123,pole
/work/mathiamt/SnowPoleDetection/RetinaNet/keras-retinanet/retinanet_data/lidar/images/train/image_1092.png,123,89,132,128,pole
/work/mathiamt/SnowPoleDetection/RetinaNet/keras-retinanet/retinanet_data/lidar/images/train/image_1093.png,964,84,972,113,pole
/work/mathiamt/SnowPoleDetection/RetinaNet/keras-retinanet/retinanet_data/lidar/images/train/image_1093.png,101,87,108,116,pole
/work/mathiamt/SnowPoleDetection/RetinaNet/keras-retinanet/retinanet_data/lidar/images/train/image_1094.png,974,85,981,113,pole
/work/mathiamt/SnowPoleDetection/RetinaNet/keras-retinanet/retinanet_data/lidar/images/train/image_1094.png,83,82,91,108,pole
/work/mathiamt/SnowPoleDetection/RetinaNet/keras-retinanet/retinanet_data/lidar/images/train/image_1097.png,425,79,431,100,pole
/work/mathiamt/SnowPoleDetection/RetinaNet/keras-retinanet/retinanet_data/lidar/images/train/image_1097.png,542,75,548,88,pole
/work/mathiamt/SnowPoleDetection/RetinaNet/keras-retinanet/retinanet_data/lidar/images/train/image_1099.png,559,74,568,111,pole
/work/mathiamt/SnowPoleDetection/RetinaNet/keras-retinanet/retinanet_data/lidar/images/train/image_1099.png,391,84,401,115,pole
/work/mathiamt/SnowPoleDetection/RetinaNet/keras-retinanet/retinanet_data/lidar/images/train/image_11.png,452,72,456,90,pole
/work/mathiamt/SnowPoleDetection/RetinaNet/keras-retinanet/retinanet_data/lidar/images/train/image_11.png,56,87,61,104,pole
/work/mathiamt/SnowPoleDetection/RetinaNet/keras-retinanet/retinanet_data/lidar/images/train/image_11.png,989,84,996,101,pole
/work/mathiamt/SnowPoleDetection/RetinaNet/keras-retinanet/retinanet_data/lidar/images/train/image_1100.png,576,75,585,128,pole
/work/mathiamt/SnowPoleDetection/RetinaNet/keras-retinanet/retinanet_data/lidar/images/train/image_1100.png,372,87,378,120,pole
/work/mathiamt/SnowPoleDetection/RetinaNet/keras-retinanet/retinanet_data/lidar/images/train/image_1102.png,667,97,680,128,pole
/work/mathiamt/SnowPoleDetection/RetinaNet/keras-retinanet/retinanet_data/lidar/images/train/image_1102.png,298,98,308,127,pole
/work/mathiamt/SnowPoleDetection/RetinaNet/keras-retinanet/retinanet_data/lidar/images/train/image_1103.png,789,105,799,128,pole
/work/mathiamt/SnowPoleDetection/RetinaNet/keras-retinanet/retinanet_data/lidar/images/train/image_1103.png,253,94,262,127,pole
/work/mathiamt/SnowPoleDetection/RetinaNet/keras-retinanet/retinanet_data/lidar/images/train/image_1104.png,886,98,896,128,pole
/work/mathiamt/SnowPoleDetection/RetinaNet/keras-retinanet/retinanet_data/lidar/images/train/image_1104.png,204,101,214,128,pole
/work/mathiamt/SnowPoleDetection/RetinaNet/keras-retinanet/retinanet_data/lidar/images/train/image_1107.png,968,80,976,112,pole
/work/mathiamt/SnowPoleDetection/RetinaNet/keras-retinanet/retinanet_data/lidar/images/train/image_1107.png,107,93,116,125,pole
/work/mathiamt/SnowPoleDetection/RetinaNet/keras-retinanet/retinanet_data/lidar/images/train/image_1108.png,978,81,985,106,pole
/work/mathiamt/SnowPoleDetection/RetinaNet/keras-retinanet/retinanet_data/lidar/images/train/image_1108.png,452,75,457,89,pole
/work/mathiamt/SnowPoleDetection/RetinaNet/keras-retinanet/retinanet_data/lidar/images/train/image_1108.png,89,96,96,119,pole
/work/mathiamt/SnowPoleDetection/RetinaNet/keras-retinanet/retinanet_data/lidar/images/train/image_1109.png,985,77,990,106,pole
/work/mathiamt/SnowPoleDetection/RetinaNet/keras-retinanet/retinanet_data/lidar/images/train/image_1109.png,445,73,451,90,pole
/work/mathiamt/SnowPoleDetection/RetinaNet/keras-retinanet/retinanet_data/lidar/images/train/image_1111.png,429,79,434,103,pole
/work/mathiamt/SnowPoleDetection/RetinaNet/keras-retinanet/retinanet_data/lidar/images/train/image_1111.png,550,73,556,87,pole
/work/mathiamt/SnowPoleDetection/RetinaNet/keras-retinanet/retinanet_data/lidar/images/train/image_1113.png,397,86,406,118,pole
/work/mathiamt/SnowPoleDetection/RetinaNet/keras-retinanet/retinanet_data/lidar/images/train/image_1113.png,569,73,577,106,pole
/work/mathiamt/SnowPoleDetection/RetinaNet/keras-retinanet/retinanet_data/lidar/images/train/image_1114.png,586,80,594,125,pole
/work/mathiamt/SnowPoleDetection/RetinaNet/keras-retinanet/retinanet_data/lidar/images/train/image_1114.png,376,82,384,126,pole
/work/mathiamt/SnowPoleDetection/RetinaNet/keras-retinanet/retinanet_data/lidar/images/train/image_1115.png,614,83,625,128,pole
/work/mathiamt/SnowPoleDetection/RetinaNet/keras-retinanet/retinanet_data/lidar/images/train/image_1115.png,344,98,353,128,pole
/work/mathiamt/SnowPoleDetection/RetinaNet/keras-retinanet/retinanet_data/lidar/images/train/image_112.png,445,80,449,94,pole
/work/mathiamt/SnowPoleDetection/RetinaNet/keras-retinanet/retinanet_data/lidar/images/train/image_112.png,998,87,1001,99,pole
/work/mathiamt/SnowPoleDetection/RetinaNet/keras-retinanet/retinanet_data/lidar/images/train/image_1121.png,948,85,964,120,pole
/work/mathiamt/SnowPoleDetection/RetinaNet/keras-retinanet/retinanet_data/lidar/images/train/image_1121.png,105,85,112,128,pole
/work/mathiamt/SnowPoleDetection/RetinaNet/keras-retinanet/retinanet_data/lidar/images/train/image_1122.png,961,82,971,109,pole
/work/mathiamt/SnowPoleDetection/RetinaNet/keras-retinanet/retinanet_data/lidar/images/train/image_1122.png,453,75,456,90,pole
/work/mathiamt/SnowPoleDetection/RetinaNet/keras-retinanet/retinanet_data/lidar/images/train/image_1122.png,87,84,95,117,pole
/work/mathiamt/SnowPoleDetection/RetinaNet/keras-retinanet/retinanet_data/lidar/images/train/image_1123.png,969,79,978,103,pole
/work/mathiamt/SnowPoleDetection/RetinaNet/keras-retinanet/retinanet_data/lidar/images/train/image_1123.png,446,72,452,95,pole
/work/mathiamt/SnowPoleDetection/RetinaNet/keras-retinanet/retinanet_data/lidar/images/train/image_1123.png,74,86,80,117,pole
/work/mathiamt/SnowPoleDetection/RetinaNet/keras-retinanet/retinanet_data/lidar/images/train/image_1124.png,438,73,445,95,pole
/work/mathiamt/SnowPoleDetection/RetinaNet/keras-retinanet/retinanet_data/lidar/images/train/image_1124.png,64,88,69,109,pole
/work/mathiamt/SnowPoleDetection/RetinaNet/keras-retinanet/retinanet_data/lidar/images/train/image_1124.png,978,80,985,98,pole
/work/mathiamt/SnowPoleDetection/RetinaNet/keras-retinanet/retinanet_data/lidar/images/train/image_1125.png,430,76,435,93,pole
/work/mathiamt/SnowPoleDetection/RetinaNet/keras-retinanet/retinanet_data/lidar/images/train/image_1125.png,983,80,989,97,pole
/work/mathiamt/SnowPoleDetection/RetinaNet/keras-retinanet/retinanet_data/lidar/images/train/image_1125.png,56,87,62,101,pole
/work/mathiamt/SnowPoleDetection/RetinaNet/keras-retinanet/retinanet_data/lidar/images/train/image_1126.png,418,80,424,104,pole
/work/mathiamt/SnowPoleDetection/RetinaNet/keras-retinanet/retinanet_data/lidar/images/train/image_1126.png,545,63,552,103,pole
/work/mathiamt/SnowPoleDetection/RetinaNet/keras-retinanet/retinanet_data/lidar/images/train/image_1127.png,552,61,561,101,pole
/work/mathiamt/SnowPoleDetection/RetinaNet/keras-retinanet/retinanet_data/lidar/images/train/image_1127.png,400,82,408,115,pole
/work/mathiamt/SnowPoleDetection/RetinaNet/keras-retinanet/retinanet_data/lidar/images/train/image_1129.png,583,64,594,117,pole
/work/mathiamt/SnowPoleDetection/RetinaNet/keras-retinanet/retinanet_data/lidar/images/train/image_1129.png,345,94,351,127,pole
/work/mathiamt/SnowPoleDetection/RetinaNet/keras-retinanet/retinanet_data/lidar/images/train/image_1129.png,349,94,357,128,pole
/work/mathiamt/SnowPoleDetection/RetinaNet/keras-retinanet/retinanet_data/lidar/images/train/image_113.png,437,84,440,98,pole
/work/mathiamt/SnowPoleDetection/RetinaNet/keras-retinanet/retinanet_data/lidar/images/train/image_113.png,538,81,543,97,pole
/work/mathiamt/SnowPoleDetection/RetinaNet/keras-retinanet/retinanet_data/lidar/images/train/image_1130.png,624,69,634,127,pole
/work/mathiamt/SnowPoleDetection/RetinaNet/keras-retinanet/retinanet_data/lidar/images/train/image_1130.png,310,100,317,128,pole
/work/mathiamt/SnowPoleDetection/RetinaNet/keras-retinanet/retinanet_data/lidar/images/train/image_1131.png,707,71,718,128,pole
/work/mathiamt/SnowPoleDetection/RetinaNet/keras-retinanet/retinanet_data/lidar/images/train/image_1131.png,261,114,267,128,pole
/work/mathiamt/SnowPoleDetection/RetinaNet/keras-retinanet/retinanet_data/lidar/images/train/image_1132.png,829,80,839,128,pole
/work/mathiamt/SnowPoleDetection/RetinaNet/keras-retinanet/retinanet_data/lidar/images/train/image_1132.png,208,115,217,128,pole
/work/mathiamt/SnowPoleDetection/RetinaNet/keras-retinanet/retinanet_data/lidar/images/train/image_1134.png,940,74,947,127,pole
/work/mathiamt/SnowPoleDetection/RetinaNet/keras-retinanet/retinanet_data/lidar/images/train/image_1134.png,132,94,140,127,pole
/work/mathiamt/SnowPoleDetection/RetinaNet/keras-retinanet/retinanet_data/lidar/images/train/image_1135.png,959,74,965,118,pole
/work/mathiamt/SnowPoleDetection/RetinaNet/keras-retinanet/retinanet_data/lidar/images/train/image_1135.png,108,95,114,121,pole
/work/mathiamt/SnowPoleDetection/RetinaNet/keras-retinanet/retinanet_data/lidar/images/train/image_1137.png,980,72,985,100,pole
/work/mathiamt/SnowPoleDetection/RetinaNet/keras-retinanet/retinanet_data/lidar/images/train/image_1137.png,74,81,80,107,pole
/work/mathiamt/SnowPoleDetection/RetinaNet/keras-retinanet/retinanet_data/lidar/images/train/image_1138.png,536,72,540,89,pole
/work/mathiamt/SnowPoleDetection/RetinaNet/keras-retinanet/retinanet_data/lidar/images/train/image_1138.png,440,75,446,97,pole
/work/mathiamt/SnowPoleDetection/RetinaNet/keras-retinanet/retinanet_data/lidar/images/train/image_1138.png,986,70,992,100,pole
/work/mathiamt/SnowPoleDetection/RetinaNet/keras-retinanet/retinanet_data/lidar/images/train/image_1138.png,64,87,70,108,pole
/work/mathiamt/SnowPoleDetection/RetinaNet/keras-retinanet/retinanet_data/lidar/images/train/image_1139.png,430,78,436,96,pole
/work/mathiamt/SnowPoleDetection/RetinaNet/keras-retinanet/retinanet_data/lidar/images/train/image_1139.png,541,70,546,89,pole
/work/mathiamt/SnowPoleDetection/RetinaNet/keras-retinanet/retinanet_data/lidar/images/train/image_1139.png,989,70,996,92,pole
/work/mathiamt/SnowPoleDetection/RetinaNet/keras-retinanet/retinanet_data/lidar/images/train/image_1139.png,56,88,62,103,pole
/work/mathiamt/SnowPoleDetection/RetinaNet/keras-retinanet/retinanet_data/lidar/images/train/image_114.png,546,85,551,102,pole
/work/mathiamt/SnowPoleDetection/RetinaNet/keras-retinanet/retinanet_data/lidar/images/train/image_114.png,423,86,430,106,pole
/work/mathiamt/SnowPoleDetection/RetinaNet/keras-retinanet/retinanet_data/lidar/images/train/image_114.png,1003,84,1006,96,pole
/work/mathiamt/SnowPoleDetection/RetinaNet/keras-retinanet/retinanet_data/lidar/images/train/image_1140.png,416,81,426,109,pole
/work/mathiamt/SnowPoleDetection/RetinaNet/keras-retinanet/retinanet_data/lidar/images/train/image_1140.png,548,75,554,102,pole
/work/mathiamt/SnowPoleDetection/RetinaNet/keras-retinanet/retinanet_data/lidar/images/train/image_1140.png,994,71,999,91,pole
/work/mathiamt/SnowPoleDetection/RetinaNet/keras-retinanet/retinanet_data/lidar/images/train/image_1141.png,401,77,411,118,pole
/work/mathiamt/SnowPoleDetection/RetinaNet/keras-retinanet/retinanet_data/lidar/images/train/image_1141.png,557,80,564,111,pole
/work/mathiamt/SnowPoleDetection/RetinaNet/keras-retinanet/retinanet_data/lidar/images/train/image_1142.png,572,79,580,128,pole
/work/mathiamt/SnowPoleDetection/RetinaNet/keras-retinanet/retinanet_data/lidar/images/train/image_1142.png,381,85,389,128,pole
/work/mathiamt/SnowPoleDetection/RetinaNet/keras-retinanet/retinanet_data/lidar/images/train/image_1144.png,653,92,663,128,pole
/work/mathiamt/SnowPoleDetection/RetinaNet/keras-retinanet/retinanet_data/lidar/images/train/image_1144.png,313,93,323,127,pole
/work/mathiamt/SnowPoleDetection/RetinaNet/keras-retinanet/retinanet_data/lidar/images/train/image_1145.png,768,106,777,127,pole
/work/mathiamt/SnowPoleDetection/RetinaNet/keras-retinanet/retinanet_data/lidar/images/train/image_1145.png,264,97,273,127,pole
/work/mathiamt/SnowPoleDetection/RetinaNet/keras-retinanet/retinanet_data/lidar/images/train/image_1147.png,928,93,937,127,pole
/work/mathiamt/SnowPoleDetection/RetinaNet/keras-retinanet/retinanet_data/lidar/images/train/image_1147.png,170,99,177,127,pole
/work/mathiamt/SnowPoleDetection/RetinaNet/keras-retinanet/retinanet_data/lidar/images/train/image_1148.png,952,85,961,128,pole
/work/mathiamt/SnowPoleDetection/RetinaNet/keras-retinanet/retinanet_data/lidar/images/train/image_1148.png,133,89,143,125,pole
/work/mathiamt/SnowPoleDetection/RetinaNet/keras-retinanet/retinanet_data/lidar/images/train/image_115.png,557,79,562,118,pole
/work/mathiamt/SnowPoleDetection/RetinaNet/keras-retinanet/retinanet_data/lidar/images/train/image_115.png,407,93,412,114,pole
/work/mathiamt/SnowPoleDetection/RetinaNet/keras-retinanet/retinanet_data/lidar/images/train/image_1151.png,984,79,990,107,pole
/work/mathiamt/SnowPoleDetection/RetinaNet/keras-retinanet/retinanet_data/lidar/images/train/image_1151.png,75,77,83,109,pole
/work/mathiamt/SnowPoleDetection/RetinaNet/keras-retinanet/retinanet_data/lidar/images/train/image_1152.png,990,78,995,104,pole
/work/mathiamt/SnowPoleDetection/RetinaNet/keras-retinanet/retinanet_data/lidar/images/train/image_1156.png,576,75,584,128,pole
/work/mathiamt/SnowPoleDetection/RetinaNet/keras-retinanet/retinanet_data/lidar/images/train/image_1157.png,601,81,613,128,pole
/work/mathiamt/SnowPoleDetection/RetinaNet/keras-retinanet/retinanet_data/lidar/images/train/image_1158.png,654,90,664,128,pole
/work/mathiamt/SnowPoleDetection/RetinaNet/keras-retinanet/retinanet_data/lidar/images/train/image_1159.png,757,106,766,128,pole
/work/mathiamt/SnowPoleDetection/RetinaNet/keras-retinanet/retinanet_data/lidar/images/train/image_116.png,576,83,584,128,pole
/work/mathiamt/SnowPoleDetection/RetinaNet/keras-retinanet/retinanet_data/lidar/images/train/image_116.png,381,89,389,127,pole
/work/mathiamt/SnowPoleDetection/RetinaNet/keras-retinanet/retinanet_data/lidar/images/train/image_1162.png,946,83,954,122,pole
/work/mathiamt/SnowPoleDetection/RetinaNet/keras-retinanet/retinanet_data/lidar/images/train/image_1163.png,960,82,971,116,pole
/work/mathiamt/SnowPoleDetection/RetinaNet/keras-retinanet/retinanet_data/lidar/images/train/image_1165.png,980,80,986,103,pole
/work/mathiamt/SnowPoleDetection/RetinaNet/keras-retinanet/retinanet_data/lidar/images/train/image_1166.png,441,73,448,96,pole
/work/mathiamt/SnowPoleDetection/RetinaNet/keras-retinanet/retinanet_data/lidar/images/train/image_1166.png,985,77,991,100,pole
/work/mathiamt/SnowPoleDetection/RetinaNet/keras-retinanet/retinanet_data/lidar/images/train/image_1167.png,432,75,440,98,pole
/work/mathiamt/SnowPoleDetection/RetinaNet/keras-retinanet/retinanet_data/lidar/images/train/image_1167.png,543,73,549,86,pole
/work/mathiamt/SnowPoleDetection/RetinaNet/keras-retinanet/retinanet_data/lidar/images/train/image_1168.png,421,80,428,99,pole
/work/mathiamt/SnowPoleDetection/RetinaNet/keras-retinanet/retinanet_data/lidar/images/train/image_1168.png,552,81,556,96,pole
/work/mathiamt/SnowPoleDetection/RetinaNet/keras-retinanet/retinanet_data/lidar/images/train/image_117.png,346,103,355,127,pole
/work/mathiamt/SnowPoleDetection/RetinaNet/keras-retinanet/retinanet_data/lidar/images/train/image_117.png,619,92,628,128,pole
/work/mathiamt/SnowPoleDetection/RetinaNet/keras-retinanet/retinanet_data/lidar/images/train/image_1170.png,387,78,396,114,pole
/work/mathiamt/SnowPoleDetection/RetinaNet/keras-retinanet/retinanet_data/lidar/images/train/image_1170.png,575,73,583,122,pole
/work/mathiamt/SnowPoleDetection/RetinaNet/keras-retinanet/retinanet_data/lidar/images/train/image_1171.png,601,95,610,127,pole
/work/mathiamt/SnowPoleDetection/RetinaNet/keras-retinanet/retinanet_data/lidar/images/train/image_1171.png,360,83,370,120,pole
/work/mathiamt/SnowPoleDetection/RetinaNet/keras-retinanet/retinanet_data/lidar/images/train/image_1173.png,743,104,753,127,pole
/work/mathiamt/SnowPoleDetection/RetinaNet/keras-retinanet/retinanet_data/lidar/images/train/image_1173.png,279,92,291,128,pole
/work/mathiamt/SnowPoleDetection/RetinaNet/keras-retinanet/retinanet_data/lidar/images/train/image_1174.png,848,100,858,128,pole
/work/mathiamt/SnowPoleDetection/RetinaNet/keras-retinanet/retinanet_data/lidar/images/train/image_1174.png,231,99,239,128,pole
/work/mathiamt/SnowPoleDetection/RetinaNet/keras-retinanet/retinanet_data/lidar/images/train/image_1175.png,184,93,193,128,pole
/work/mathiamt/SnowPoleDetection/RetinaNet/keras-retinanet/retinanet_data/lidar/images/train/image_1175.png,909,94,921,128,pole
/work/mathiamt/SnowPoleDetection/RetinaNet/keras-retinanet/retinanet_data/lidar/images/train/image_1176.png,145,83,154,124,pole
/work/mathiamt/SnowPoleDetection/RetinaNet/keras-retinanet/retinanet_data/lidar/images/train/image_1176.png,940,84,950,128,pole
/work/mathiamt/SnowPoleDetection/RetinaNet/keras-retinanet/retinanet_data/lidar/images/train/image_1179.png,979,86,983,104,pole
/work/mathiamt/SnowPoleDetection/RetinaNet/keras-retinanet/retinanet_data/lidar/images/train/image_1179.png,451,73,455,92,pole
/work/mathiamt/SnowPoleDetection/RetinaNet/keras-retinanet/retinanet_data/lidar/images/train/image_1179.png,81,86,87,124,pole
/work/mathiamt/SnowPoleDetection/RetinaNet/keras-retinanet/retinanet_data/lidar/images/train/image_1180.png,445,74,448,91,pole
/work/mathiamt/SnowPoleDetection/RetinaNet/keras-retinanet/retinanet_data/lidar/images/train/image_1180.png,986,85,989,101,pole
/work/mathiamt/SnowPoleDetection/RetinaNet/keras-retinanet/retinanet_data/lidar/images/train/image_1180.png,71,83,74,109,pole
/work/mathiamt/SnowPoleDetection/RetinaNet/keras-retinanet/retinanet_data/lidar/images/train/image_1182.png,424,81,432,99,pole
/work/mathiamt/SnowPoleDetection/RetinaNet/keras-retinanet/retinanet_data/lidar/images/train/image_1182.png,543,71,547,83,pole
/work/mathiamt/SnowPoleDetection/RetinaNet/keras-retinanet/retinanet_data/lidar/images/train/image_1184.png,559,65,566,127,pole
/work/mathiamt/SnowPoleDetection/RetinaNet/keras-retinanet/retinanet_data/lidar/images/train/image_1184.png,394,81,402,119,pole
/work/mathiamt/SnowPoleDetection/RetinaNet/keras-retinanet/retinanet_data/lidar/images/train/image_1186.png,602,71,612,128,pole
/work/mathiamt/SnowPoleDetection/RetinaNet/keras-retinanet/retinanet_data/lidar/images/train/image_1186.png,334,89,343,126,pole
/work/mathiamt/SnowPoleDetection/RetinaNet/keras-retinanet/retinanet_data/lidar/images/train/image_1187.png,290,94,298,128,pole
/work/mathiamt/SnowPoleDetection/RetinaNet/keras-retinanet/retinanet_data/lidar/images/train/image_1187.png,663,75,673,128,pole
/work/mathiamt/SnowPoleDetection/RetinaNet/keras-retinanet/retinanet_data/lidar/images/train/image_1188.png,784,80,794,127,pole
/work/mathiamt/SnowPoleDetection/RetinaNet/keras-retinanet/retinanet_data/lidar/images/train/image_1188.png,241,96,249,128,pole
/work/mathiamt/SnowPoleDetection/RetinaNet/keras-retinanet/retinanet_data/lidar/images/train/image_1189.png,885,79,894,128,pole
/work/mathiamt/SnowPoleDetection/RetinaNet/keras-retinanet/retinanet_data/lidar/images/train/image_1189.png,192,99,200,128,pole
/work/mathiamt/SnowPoleDetection/RetinaNet/keras-retinanet/retinanet_data/lidar/images/train/image_1190.png,931,77,939,128,pole
/work/mathiamt/SnowPoleDetection/RetinaNet/keras-retinanet/retinanet_data/lidar/images/train/image_1190.png,152,94,159,128,pole
/work/mathiamt/SnowPoleDetection/RetinaNet/keras-retinanet/retinanet_data/lidar/images/train/image_1192.png,969,72,975,113,pole
/work/mathiamt/SnowPoleDetection/RetinaNet/keras-retinanet/retinanet_data/lidar/images/train/image_1192.png,99,91,105,116,pole
/work/mathiamt/SnowPoleDetection/RetinaNet/keras-retinanet/retinanet_data/lidar/images/train/image_1192.png,457,72,461,84,pole
/work/mathiamt/SnowPoleDetection/RetinaNet/keras-retinanet/retinanet_data/lidar/images/train/image_1193.png,979,73,985,100,pole
/work/mathiamt/SnowPoleDetection/RetinaNet/keras-retinanet/retinanet_data/lidar/images/train/image_1193.png,83,83,88,120,pole
/work/mathiamt/SnowPoleDetection/RetinaNet/keras-retinanet/retinanet_data/lidar/images/train/image_1193.png,452,74,456,85,pole
/work/mathiamt/SnowPoleDetection/RetinaNet/keras-retinanet/retinanet_data/lidar/images/train/image_1194.png,446,73,451,88,pole
/work/mathiamt/SnowPoleDetection/RetinaNet/keras-retinanet/retinanet_data/lidar/images/train/image_1194.png,71,92,75,115,pole
/work/mathiamt/SnowPoleDetection/RetinaNet/keras-retinanet/retinanet_data/lidar/images/train/image_1194.png,985,83,989,93,pole
/work/mathiamt/SnowPoleDetection/RetinaNet/keras-retinanet/retinanet_data/lidar/images/train/image_1195.png,439,75,443,92,pole
/work/mathiamt/SnowPoleDetection/RetinaNet/keras-retinanet/retinanet_data/lidar/images/train/image_1195.png,989,73,995,99,pole
/work/mathiamt/SnowPoleDetection/RetinaNet/keras-retinanet/retinanet_data/lidar/images/train/image_1196.png,428,77,433,96,pole
/work/mathiamt/SnowPoleDetection/RetinaNet/keras-retinanet/retinanet_data/lidar/images/train/image_1197.png,549,76,555,108,pole
/work/mathiamt/SnowPoleDetection/RetinaNet/keras-retinanet/retinanet_data/lidar/images/train/image_1197.png,415,81,422,110,pole
/work/mathiamt/SnowPoleDetection/RetinaNet/keras-retinanet/retinanet_data/lidar/images/train/image_1199.png,373,83,383,128,pole
/work/mathiamt/SnowPoleDetection/RetinaNet/keras-retinanet/retinanet_data/lidar/images/train/image_1199.png,573,74,582,127,pole
/work/mathiamt/SnowPoleDetection/RetinaNet/keras-retinanet/retinanet_data/lidar/images/train/image_12.png,530,73,536,89,pole
/work/mathiamt/SnowPoleDetection/RetinaNet/keras-retinanet/retinanet_data/lidar/images/train/image_12.png,441,75,449,111,pole
/work/mathiamt/SnowPoleDetection/RetinaNet/keras-retinanet/retinanet_data/lidar/images/train/image_120.png,186,104,197,128,pole
/work/mathiamt/SnowPoleDetection/RetinaNet/keras-retinanet/retinanet_data/lidar/images/train/image_120.png,938,94,948,128,pole
/work/mathiamt/SnowPoleDetection/RetinaNet/keras-retinanet/retinanet_data/lidar/images/train/image_1201.png,649,91,657,128,pole
/work/mathiamt/SnowPoleDetection/RetinaNet/keras-retinanet/retinanet_data/lidar/images/train/image_1201.png,297,89,310,128,pole
/work/mathiamt/SnowPoleDetection/RetinaNet/keras-retinanet/retinanet_data/lidar/images/train/image_1204.png,158,94,169,127,pole
/work/mathiamt/SnowPoleDetection/RetinaNet/keras-retinanet/retinanet_data/lidar/images/train/image_1204.png,915,93,923,127,pole
/work/mathiamt/SnowPoleDetection/RetinaNet/keras-retinanet/retinanet_data/lidar/images/train/image_1205.png,944,86,952,128,pole
/work/mathiamt/SnowPoleDetection/RetinaNet/keras-retinanet/retinanet_data/lidar/images/train/image_1205.png,126,89,134,122,pole
/work/mathiamt/SnowPoleDetection/RetinaNet/keras-retinanet/retinanet_data/lidar/images/train/image_1206.png,960,78,968,128,pole
/work/mathiamt/SnowPoleDetection/RetinaNet/keras-retinanet/retinanet_data/lidar/images/train/image_1206.png,104,81,110,128,pole
/work/mathiamt/SnowPoleDetection/RetinaNet/keras-retinanet/retinanet_data/lidar/images/train/image_1207.png,973,75,980,122,pole
/work/mathiamt/SnowPoleDetection/RetinaNet/keras-retinanet/retinanet_data/lidar/images/train/image_1207.png,86,82,93,108,pole
/work/mathiamt/SnowPoleDetection/RetinaNet/keras-retinanet/retinanet_data/lidar/images/train/image_1208.png,449,71,453,86,pole
/work/mathiamt/SnowPoleDetection/RetinaNet/keras-retinanet/retinanet_data/lidar/images/train/image_1208.png,73,83,78,113,pole
/work/mathiamt/SnowPoleDetection/RetinaNet/keras-retinanet/retinanet_data/lidar/images/train/image_1208.png,980,83,986,109,pole
/work/mathiamt/SnowPoleDetection/RetinaNet/keras-retinanet/retinanet_data/lidar/images/train/image_121.png,961,86,971,127,pole
/work/mathiamt/SnowPoleDetection/RetinaNet/keras-retinanet/retinanet_data/lidar/images/train/image_121.png,142,94,152,126,pole
/work/mathiamt/SnowPoleDetection/RetinaNet/keras-retinanet/retinanet_data/lidar/images/train/image_1210.png,544,74,551,100,pole
/work/mathiamt/SnowPoleDetection/RetinaNet/keras-retinanet/retinanet_data/lidar/images/train/image_1210.png,431,76,437,99,pole
/work/mathiamt/SnowPoleDetection/RetinaNet/keras-retinanet/retinanet_data/lidar/images/train/image_1210.png,56,83,60,102,pole
/work/mathiamt/SnowPoleDetection/RetinaNet/keras-retinanet/retinanet_data/lidar/images/train/image_1211.png,553,75,558,98,pole
/work/mathiamt/SnowPoleDetection/RetinaNet/keras-retinanet/retinanet_data/lidar/images/train/image_1211.png,420,82,426,105,pole
/work/mathiamt/SnowPoleDetection/RetinaNet/keras-retinanet/retinanet_data/lidar/images/train/image_1213.png,577,83,584,118,pole
/work/mathiamt/SnowPoleDetection/RetinaNet/keras-retinanet/retinanet_data/lidar/images/train/image_1213.png,381,80,388,121,pole
/work/mathiamt/SnowPoleDetection/RetinaNet/keras-retinanet/retinanet_data/lidar/images/train/image_1214.png,350,97,355,125,pole
/work/mathiamt/SnowPoleDetection/RetinaNet/keras-retinanet/retinanet_data/lidar/images/train/image_1214.png,353,95,359,126,pole
/work/mathiamt/SnowPoleDetection/RetinaNet/keras-retinanet/retinanet_data/lidar/images/train/image_1214.png,603,81,612,122,pole
/work/mathiamt/SnowPoleDetection/RetinaNet/keras-retinanet/retinanet_data/lidar/images/train/image_1215.png,308,99,314,128,pole
/work/mathiamt/SnowPoleDetection/RetinaNet/keras-retinanet/retinanet_data/lidar/images/train/image_1215.png,313,90,319,127,pole
/work/mathiamt/SnowPoleDetection/RetinaNet/keras-retinanet/retinanet_data/lidar/images/train/image_1215.png,654,89,661,128,pole
/work/mathiamt/SnowPoleDetection/RetinaNet/keras-retinanet/retinanet_data/lidar/images/train/image_1217.png,852,96,861,127,pole
/work/mathiamt/SnowPoleDetection/RetinaNet/keras-retinanet/retinanet_data/lidar/images/train/image_1217.png,211,89,220,128,pole
/work/mathiamt/SnowPoleDetection/RetinaNet/keras-retinanet/retinanet_data/lidar/images/train/image_1219.png,131,89,138,121,pole
/work/mathiamt/SnowPoleDetection/RetinaNet/keras-retinanet/retinanet_data/lidar/images/train/image_1219.png,940,83,949,128,pole
/work/mathiamt/SnowPoleDetection/RetinaNet/keras-retinanet/retinanet_data/lidar/images/train/image_122.png,977,83,983,120,pole
/work/mathiamt/SnowPoleDetection/RetinaNet/keras-retinanet/retinanet_data/lidar/images/train/image_122.png,112,92,118,120,pole
/work/mathiamt/SnowPoleDetection/RetinaNet/keras-retinanet/retinanet_data/lidar/images/train/image_1221.png,971,86,976,114,pole
/work/mathiamt/SnowPoleDetection/RetinaNet/keras-retinanet/retinanet_data/lidar/images/train/image_1221.png,86,85,94,123,pole
/work/mathiamt/SnowPoleDetection/RetinaNet/keras-retinanet/retinanet_data/lidar/images/train/image_1222.png,73,82,80,116,pole
/work/mathiamt/SnowPoleDetection/RetinaNet/keras-retinanet/retinanet_data/lidar/images/train/image_1222.png,979,86,983,102,pole
/work/mathiamt/SnowPoleDetection/RetinaNet/keras-retinanet/retinanet_data/lidar/images/train/image_1224.png,434,77,438,95,pole
/work/mathiamt/SnowPoleDetection/RetinaNet/keras-retinanet/retinanet_data/lidar/images/train/image_1224.png,989,85,993,100,pole
/work/mathiamt/SnowPoleDetection/RetinaNet/keras-retinanet/retinanet_data/lidar/images/train/image_1225.png,553,84,557,98,pole
/work/mathiamt/SnowPoleDetection/RetinaNet/keras-retinanet/retinanet_data/lidar/images/train/image_1225.png,422,81,426,102,pole
/work/mathiamt/SnowPoleDetection/RetinaNet/keras-retinanet/retinanet_data/lidar/images/train/image_1225.png,993,82,996,93,pole
/work/mathiamt/SnowPoleDetection/RetinaNet/keras-retinanet/retinanet_data/lidar/images/train/image_1226.png,406,76,411,108,pole
/work/mathiamt/SnowPoleDetection/RetinaNet/keras-retinanet/retinanet_data/lidar/images/train/image_1226.png,562,69,568,111,pole
/work/mathiamt/SnowPoleDetection/RetinaNet/keras-retinanet/retinanet_data/lidar/images/train/image_1230.png,267,95,278,128,pole
/work/mathiamt/SnowPoleDetection/RetinaNet/keras-retinanet/retinanet_data/lidar/images/train/image_1230.png,745,103,753,127,pole
/work/mathiamt/SnowPoleDetection/RetinaNet/keras-retinanet/retinanet_data/lidar/images/train/image_1231.png,849,100,858,128,pole
/work/mathiamt/SnowPoleDetection/RetinaNet/keras-retinanet/retinanet_data/lidar/images/train/image_1231.png,216,96,226,128,pole
/work/mathiamt/SnowPoleDetection/RetinaNet/keras-retinanet/retinanet_data/lidar/images/train/image_1232.png,910,93,917,127,pole
/work/mathiamt/SnowPoleDetection/RetinaNet/keras-retinanet/retinanet_data/lidar/images/train/image_1232.png,171,91,179,127,pole
/work/mathiamt/SnowPoleDetection/RetinaNet/keras-retinanet/retinanet_data/lidar/images/train/image_1234.png,958,82,965,122,pole
/work/mathiamt/SnowPoleDetection/RetinaNet/keras-retinanet/retinanet_data/lidar/images/train/image_1234.png,109,89,116,120,pole
/work/mathiamt/SnowPoleDetection/RetinaNet/keras-retinanet/retinanet_data/lidar/images/train/image_1235.png,970,80,977,116,pole
/work/mathiamt/SnowPoleDetection/RetinaNet/keras-retinanet/retinanet_data/lidar/images/train/image_1235.png,90,85,96,118,pole
/work/mathiamt/SnowPoleDetection/RetinaNet/keras-retinanet/retinanet_data/lidar/images/train/image_1236.png,537,71,541,84,pole
/work/mathiamt/SnowPoleDetection/RetinaNet/keras-retinanet/retinanet_data/lidar/images/train/image_1236.png,449,76,454,88,pole
/work/mathiamt/SnowPoleDetection/RetinaNet/keras-retinanet/retinanet_data/lidar/images/train/image_1236.png,978,78,983,105,pole
/work/mathiamt/SnowPoleDetection/RetinaNet/keras-retinanet/retinanet_data/lidar/images/train/image_1236.png,76,86,81,105,pole
/work/mathiamt/SnowPoleDetection/RetinaNet/keras-retinanet/retinanet_data/lidar/images/train/image_1238.png,434,77,438,94,pole
/work/mathiamt/SnowPoleDetection/RetinaNet/keras-retinanet/retinanet_data/lidar/images/train/image_1238.png,547,73,551,88,pole
/work/mathiamt/SnowPoleDetection/RetinaNet/keras-retinanet/retinanet_data/lidar/images/train/image_1240.png,408,80,414,105,pole
/work/mathiamt/SnowPoleDetection/RetinaNet/keras-retinanet/retinanet_data/lidar/images/train/image_1240.png,563,81,569,102,pole
/work/mathiamt/SnowPoleDetection/RetinaNet/keras-retinanet/retinanet_data/lidar/images/train/image_1241.png,578,76,584,114,pole
/work/mathiamt/SnowPoleDetection/RetinaNet/keras-retinanet/retinanet_data/lidar/images/train/image_1241.png,385,89,389,124,pole
/work/mathiamt/SnowPoleDetection/RetinaNet/keras-retinanet/retinanet_data/lidar/images/train/image_1241.png,388,86,394,121,pole
/work/mathiamt/SnowPoleDetection/RetinaNet/keras-retinanet/retinanet_data/lidar/images/train/image_1243.png,649,92,656,128,pole
/work/mathiamt/SnowPoleDetection/RetinaNet/keras-retinanet/retinanet_data/lidar/images/train/image_1243.png,322,89,332,128,pole
/work/mathiamt/SnowPoleDetection/RetinaNet/keras-retinanet/retinanet_data/lidar/images/train/image_1244.png,278,87,286,127,pole
/work/mathiamt/SnowPoleDetection/RetinaNet/keras-retinanet/retinanet_data/lidar/images/train/image_1244.png,737,104,745,127,pole
/work/mathiamt/SnowPoleDetection/RetinaNet/keras-retinanet/retinanet_data/lidar/images/train/image_1245.png,840,103,850,128,pole
/work/mathiamt/SnowPoleDetection/RetinaNet/keras-retinanet/retinanet_data/lidar/images/train/image_1245.png,227,91,235,127,pole
/work/mathiamt/SnowPoleDetection/RetinaNet/keras-retinanet/retinanet_data/lidar/images/train/image_1249.png,95,82,101,113,pole
/work/mathiamt/SnowPoleDetection/RetinaNet/keras-retinanet/retinanet_data/lidar/images/train/image_1249.png,968,81,974,110,pole
/work/mathiamt/SnowPoleDetection/RetinaNet/keras-retinanet/retinanet_data/lidar/images/train/image_125.png,995,77,1001,103,pole
/work/mathiamt/SnowPoleDetection/RetinaNet/keras-retinanet/retinanet_data/lidar/images/train/image_125.png,453,72,458,88,pole
/work/mathiamt/SnowPoleDetection/RetinaNet/keras-retinanet/retinanet_data/lidar/images/train/image_125.png,63,87,69,102,pole
/work/mathiamt/SnowPoleDetection/RetinaNet/keras-retinanet/retinanet_data/lidar/images/train/image_1251.png,444,74,449,94,pole
/work/mathiamt/SnowPoleDetection/RetinaNet/keras-retinanet/retinanet_data/lidar/images/train/image_1251.png,68,84,73,104,pole
/work/mathiamt/SnowPoleDetection/RetinaNet/keras-retinanet/retinanet_data/lidar/images/train/image_1251.png,982,86,988,102,pole
/work/mathiamt/SnowPoleDetection/RetinaNet/keras-retinanet/retinanet_data/lidar/images/train/image_1251.png,536,70,540,87,pole
/work/mathiamt/SnowPoleDetection/RetinaNet/keras-retinanet/retinanet_data/lidar/images/train/image_1253.png,427,80,432,97,pole
/work/mathiamt/SnowPoleDetection/RetinaNet/keras-retinanet/retinanet_data/lidar/images/train/image_1253.png,544,74,550,90,pole
/work/mathiamt/SnowPoleDetection/RetinaNet/keras-retinanet/retinanet_data/lidar/images/train/image_1255.png,561,68,569,105,pole
/work/mathiamt/SnowPoleDetection/RetinaNet/keras-retinanet/retinanet_data/lidar/images/train/image_1255.png,392,80,401,110,pole
/work/mathiamt/SnowPoleDetection/RetinaNet/keras-retinanet/retinanet_data/lidar/images/train/image_1256.png,367,83,376,121,pole
/work/mathiamt/SnowPoleDetection/RetinaNet/keras-retinanet/retinanet_data/lidar/images/train/image_1256.png,576,79,580,111,pole
/work/mathiamt/SnowPoleDetection/RetinaNet/keras-retinanet/retinanet_data/lidar/images/train/image_1256.png,579,79,585,116,pole
/work/mathiamt/SnowPoleDetection/RetinaNet/keras-retinanet/retinanet_data/lidar/images/train/image_1258.png,646,89,653,128,pole
/work/mathiamt/SnowPoleDetection/RetinaNet/keras-retinanet/retinanet_data/lidar/images/train/image_1258.png,657,92,664,128,pole
/work/mathiamt/SnowPoleDetection/RetinaNet/keras-retinanet/retinanet_data/lidar/images/train/image_1258.png,288,89,297,128,pole
/work/mathiamt/SnowPoleDetection/RetinaNet/keras-retinanet/retinanet_data/lidar/images/train/image_126.png,446,75,451,91,pole
/work/mathiamt/SnowPoleDetection/RetinaNet/keras-retinanet/retinanet_data/lidar/images/train/image_1261.png,908,92,917,127,pole
/work/mathiamt/SnowPoleDetection/RetinaNet/keras-retinanet/retinanet_data/lidar/images/train/image_1261.png,916,92,924,128,pole
/work/mathiamt/SnowPoleDetection/RetinaNet/keras-retinanet/retinanet_data/lidar/images/train/image_1261.png,149,94,157,127,pole
/work/mathiamt/SnowPoleDetection/RetinaNet/keras-retinanet/retinanet_data/lidar/images/train/image_1263.png,97,88,105,122,pole
/work/mathiamt/SnowPoleDetection/RetinaNet/keras-retinanet/retinanet_data/lidar/images/train/image_1263.png,958,80,964,117,pole
/work/mathiamt/SnowPoleDetection/RetinaNet/keras-retinanet/retinanet_data/lidar/images/train/image_1264.png,81,86,88,112,pole
/work/mathiamt/SnowPoleDetection/RetinaNet/keras-retinanet/retinanet_data/lidar/images/train/image_1264.png,968,81,977,115,pole
/work/mathiamt/SnowPoleDetection/RetinaNet/keras-retinanet/retinanet_data/lidar/images/train/image_1265.png,977,78,984,103,pole
/work/mathiamt/SnowPoleDetection/RetinaNet/keras-retinanet/retinanet_data/lidar/images/train/image_1265.png,70,85,76,105,pole
/work/mathiamt/SnowPoleDetection/RetinaNet/keras-retinanet/retinanet_data/lidar/images/train/image_1269.png,439,77,444,96,pole
/work/mathiamt/SnowPoleDetection/RetinaNet/keras-retinanet/retinanet_data/lidar/images/train/image_1269.png,996,79,1000,91,pole
/work/mathiamt/SnowPoleDetection/RetinaNet/keras-retinanet/retinanet_data/lidar/images/train/image_127.png,438,76,443,98,pole
/work/mathiamt/SnowPoleDetection/RetinaNet/keras-retinanet/retinanet_data/lidar/images/train/image_1270.png,429,81,434,99,pole
/work/mathiamt/SnowPoleDetection/RetinaNet/keras-retinanet/retinanet_data/lidar/images/train/image_1271.png,415,80,422,106,pole
/work/mathiamt/SnowPoleDetection/RetinaNet/keras-retinanet/retinanet_data/lidar/images/train/image_1274.png,344,85,357,127,pole
/work/mathiamt/SnowPoleDetection/RetinaNet/keras-retinanet/retinanet_data/lidar/images/train/image_1274.png,542,69,548,88,pole
/work/mathiamt/SnowPoleDetection/RetinaNet/keras-retinanet/retinanet_data/lidar/images/train/image_1276.png,559,74,565,96,pole
/work/mathiamt/SnowPoleDetection/RetinaNet/keras-retinanet/retinanet_data/lidar/images/train/image_1276.png,259,93,267,128,pole
/work/mathiamt/SnowPoleDetection/RetinaNet/keras-retinanet/retinanet_data/lidar/images/train/image_1277.png,208,95,217,127,pole
/work/mathiamt/SnowPoleDetection/RetinaNet/keras-retinanet/retinanet_data/lidar/images/train/image_1277.png,574,69,582,108,pole
/work/mathiamt/SnowPoleDetection/RetinaNet/keras-retinanet/retinanet_data/lidar/images/train/image_1278.png,598,74,611,128,pole
/work/mathiamt/SnowPoleDetection/RetinaNet/keras-retinanet/retinanet_data/lidar/images/train/image_1278.png,165,92,173,127,pole
/work/mathiamt/SnowPoleDetection/RetinaNet/keras-retinanet/retinanet_data/lidar/images/train/image_1279.png,656,81,668,128,pole
/work/mathiamt/SnowPoleDetection/RetinaNet/keras-retinanet/retinanet_data/lidar/images/train/image_1279.png,130,90,139,127,pole
/work/mathiamt/SnowPoleDetection/RetinaNet/keras-retinanet/retinanet_data/lidar/images/train/image_128.png,428,83,434,102,pole
/work/mathiamt/SnowPoleDetection/RetinaNet/keras-retinanet/retinanet_data/lidar/images/train/image_128.png,540,73,546,100,pole
/work/mathiamt/SnowPoleDetection/RetinaNet/keras-retinanet/retinanet_data/lidar/images/train/image_1282.png,927,79,935,128,pole
/work/mathiamt/SnowPoleDetection/RetinaNet/keras-retinanet/retinanet_data/lidar/images/train/image_1282.png,75,83,82,106,pole
/work/mathiamt/SnowPoleDetection/RetinaNet/keras-retinanet/retinanet_data/lidar/images/train/image_1284.png,966,73,972,105,pole
/work/mathiamt/SnowPoleDetection/RetinaNet/keras-retinanet/retinanet_data/lidar/images/train/image_1285.png,976,76,983,108,pole
/work/mathiamt/SnowPoleDetection/RetinaNet/keras-retinanet/retinanet_data/lidar/images/train/image_1286.png,983,75,989,100,pole
/work/mathiamt/SnowPoleDetection/RetinaNet/keras-retinanet/retinanet_data/lidar/images/train/image_129.png,549,73,557,120,pole
/work/mathiamt/SnowPoleDetection/RetinaNet/keras-retinanet/retinanet_data/lidar/images/train/image_129.png,410,83,419,112,pole
/work/mathiamt/SnowPoleDetection/RetinaNet/keras-retinanet/retinanet_data/lidar/images/train/image_130.png,390,85,399,117,pole
/work/mathiamt/SnowPoleDetection/RetinaNet/keras-retinanet/retinanet_data/lidar/images/train/image_130.png,565,79,575,127,pole
/work/mathiamt/SnowPoleDetection/RetinaNet/keras-retinanet/retinanet_data/lidar/images/train/image_1302.png,442,67,447,88,pole
/work/mathiamt/SnowPoleDetection/RetinaNet/keras-retinanet/retinanet_data/lidar/images/train/image_1305.png,561,69,567,107,pole
/work/mathiamt/SnowPoleDetection/RetinaNet/keras-retinanet/retinanet_data/lidar/images/train/image_1305.png,404,70,415,103,pole
/work/mathiamt/SnowPoleDetection/RetinaNet/keras-retinanet/retinanet_data/lidar/images/train/image_1306.png,381,74,395,112,pole
/work/mathiamt/SnowPoleDetection/RetinaNet/keras-retinanet/retinanet_data/lidar/images/train/image_1306.png,577,72,586,120,pole
/work/mathiamt/SnowPoleDetection/RetinaNet/keras-retinanet/retinanet_data/lidar/images/train/image_1307.png,609,76,622,127,pole
/work/mathiamt/SnowPoleDetection/RetinaNet/keras-retinanet/retinanet_data/lidar/images/train/image_1307.png,351,73,368,128,pole
/work/mathiamt/SnowPoleDetection/RetinaNet/keras-retinanet/retinanet_data/lidar/images/train/image_1308.png,311,80,321,127,pole
/work/mathiamt/SnowPoleDetection/RetinaNet/keras-retinanet/retinanet_data/lidar/images/train/image_1308.png,684,87,695,128,pole
/work/mathiamt/SnowPoleDetection/RetinaNet/keras-retinanet/retinanet_data/lidar/images/train/image_1309.png,261,87,272,128,pole
/work/mathiamt/SnowPoleDetection/RetinaNet/keras-retinanet/retinanet_data/lidar/images/train/image_1309.png,812,94,822,128,pole
/work/mathiamt/SnowPoleDetection/RetinaNet/keras-retinanet/retinanet_data/lidar/images/train/image_131.png,598,88,605,128,pole
/work/mathiamt/SnowPoleDetection/RetinaNet/keras-retinanet/retinanet_data/lidar/images/train/image_131.png,363,88,371,128,pole
/work/mathiamt/SnowPoleDetection/RetinaNet/keras-retinanet/retinanet_data/lidar/images/train/image_1310.png,210,88,218,127,pole
/work/mathiamt/SnowPoleDetection/RetinaNet/keras-retinanet/retinanet_data/lidar/images/train/image_1310.png,898,75,908,127,pole
/work/mathiamt/SnowPoleDetection/RetinaNet/keras-retinanet/retinanet_data/lidar/images/train/image_1313.png,972,75,978,111,pole
/work/mathiamt/SnowPoleDetection/RetinaNet/keras-retinanet/retinanet_data/lidar/images/train/image_1313.png,104,80,111,113,pole
/work/mathiamt/SnowPoleDetection/RetinaNet/keras-retinanet/retinanet_data/lidar/images/train/image_1314.png,980,75,986,106,pole
/work/mathiamt/SnowPoleDetection/RetinaNet/keras-retinanet/retinanet_data/lidar/images/train/image_1314.png,85,79,93,110,pole
/work/mathiamt/SnowPoleDetection/RetinaNet/keras-retinanet/retinanet_data/lidar/images/train/image_1315.png,72,83,79,104,pole
/work/mathiamt/SnowPoleDetection/RetinaNet/keras-retinanet/retinanet_data/lidar/images/train/image_1315.png,987,76,991,95,pole
/work/mathiamt/SnowPoleDetection/RetinaNet/keras-retinanet/retinanet_data/lidar/images/train/image_1318.png,997,74,1001,89,pole
/work/mathiamt/SnowPoleDetection/RetinaNet/keras-retinanet/retinanet_data/lidar/images/train/image_132.png,322,96,332,128,pole
/work/mathiamt/SnowPoleDetection/RetinaNet/keras-retinanet/retinanet_data/lidar/images/train/image_132.png,682,111,692,128,pole
/work/mathiamt/SnowPoleDetection/RetinaNet/keras-retinanet/retinanet_data/lidar/images/train/image_1322.png,450,69,455,88,pole
/work/mathiamt/SnowPoleDetection/RetinaNet/keras-retinanet/retinanet_data/lidar/images/train/image_1323.png,444,69,447,86,pole
/work/mathiamt/SnowPoleDetection/RetinaNet/keras-retinanet/retinanet_data/lidar/images/train/image_1323.png,534,71,537,83,pole
/work/mathiamt/SnowPoleDetection/RetinaNet/keras-retinanet/retinanet_data/lidar/images/train/image_1325.png,543,67,548,91,pole
/work/mathiamt/SnowPoleDetection/RetinaNet/keras-retinanet/retinanet_data/lidar/images/train/image_1325.png,423,71,426,95,pole
/work/mathiamt/SnowPoleDetection/RetinaNet/keras-retinanet/retinanet_data/lidar/images/train/image_1326.png,406,74,414,106,pole
/work/mathiamt/SnowPoleDetection/RetinaNet/keras-retinanet/retinanet_data/lidar/images/train/image_1326.png,549,71,557,99,pole
/work/mathiamt/SnowPoleDetection/RetinaNet/keras-retinanet/retinanet_data/lidar/images/train/image_1327.png,383,74,392,110,pole
/work/mathiamt/SnowPoleDetection/RetinaNet/keras-retinanet/retinanet_data/lidar/images/train/image_1327.png,560,71,569,110,pole
/work/mathiamt/SnowPoleDetection/RetinaNet/keras-retinanet/retinanet_data/lidar/images/train/image_1328.png,581,71,588,127,pole
/work/mathiamt/SnowPoleDetection/RetinaNet/keras-retinanet/retinanet_data/lidar/images/train/image_1328.png,356,78,363,119,pole
/work/mathiamt/SnowPoleDetection/RetinaNet/keras-retinanet/retinanet_data/lidar/images/train/image_1330.png,693,89,703,128,pole
/work/mathiamt/SnowPoleDetection/RetinaNet/keras-retinanet/retinanet_data/lidar/images/train/image_1330.png,265,88,275,128,pole
/work/mathiamt/SnowPoleDetection/RetinaNet/keras-retinanet/retinanet_data/lidar/images/train/image_1331.png,824,93,834,128,pole
/work/mathiamt/SnowPoleDetection/RetinaNet/keras-retinanet/retinanet_data/lidar/images/train/image_1331.png,213,94,222,128,pole
/work/mathiamt/SnowPoleDetection/RetinaNet/keras-retinanet/retinanet_data/lidar/images/train/image_1334.png,105,83,114,116,pole
/work/mathiamt/SnowPoleDetection/RetinaNet/keras-retinanet/retinanet_data/lidar/images/train/image_1334.png,962,75,969,112,pole
/work/mathiamt/SnowPoleDetection/RetinaNet/keras-retinanet/retinanet_data/lidar/images/train/image_1335.png,973,75,981,104,pole
/work/mathiamt/SnowPoleDetection/RetinaNet/keras-retinanet/retinanet_data/lidar/images/train/image_1335.png,86,82,95,116,pole
/work/mathiamt/SnowPoleDetection/RetinaNet/keras-retinanet/retinanet_data/lidar/images/train/image_1336.png,73,81,79,109,pole
/work/mathiamt/SnowPoleDetection/RetinaNet/keras-retinanet/retinanet_data/lidar/images/train/image_1336.png,981,78,987,98,pole
/work/mathiamt/SnowPoleDetection/RetinaNet/keras-retinanet/retinanet_data/lidar/images/train/image_1337.png,451,70,458,85,pole
/work/mathiamt/SnowPoleDetection/RetinaNet/keras-retinanet/retinanet_data/lidar/images/train/image_1337.png,63,80,69,102,pole
/work/mathiamt/SnowPoleDetection/RetinaNet/keras-retinanet/retinanet_data/lidar/images/train/image_1337.png,987,73,994,94,pole
/work/mathiamt/SnowPoleDetection/RetinaNet/keras-retinanet/retinanet_data/lidar/images/train/image_1338.png,445,65,451,91,pole
/work/mathiamt/SnowPoleDetection/RetinaNet/keras-retinanet/retinanet_data/lidar/images/train/image_1338.png,56,79,61,99,pole
/work/mathiamt/SnowPoleDetection/RetinaNet/keras-retinanet/retinanet_data/lidar/images/train/image_1338.png,992,73,997,89,pole
/work/mathiamt/SnowPoleDetection/RetinaNet/keras-retinanet/retinanet_data/lidar/images/train/image_1339.png,545,66,551,86,pole
/work/mathiamt/SnowPoleDetection/RetinaNet/keras-retinanet/retinanet_data/lidar/images/train/image_1339.png,438,69,443,93,pole
/work/mathiamt/SnowPoleDetection/RetinaNet/keras-retinanet/retinanet_data/lidar/images/train/image_1339.png,995,71,1000,90,pole
/work/mathiamt/SnowPoleDetection/RetinaNet/keras-retinanet/retinanet_data/lidar/images/train/image_134.png,928,92,937,128,pole
/work/mathiamt/SnowPoleDetection/RetinaNet/keras-retinanet/retinanet_data/lidar/images/train/image_134.png,213,99,220,128,pole
/work/mathiamt/SnowPoleDetection/RetinaNet/keras-retinanet/retinanet_data/lidar/images/train/image_1341.png,561,63,568,97,pole
/work/mathiamt/SnowPoleDetection/RetinaNet/keras-retinanet/retinanet_data/lidar/images/train/image_1341.png,409,73,418,105,pole
/work/mathiamt/SnowPoleDetection/RetinaNet/keras-retinanet/retinanet_data/lidar/images/train/image_1341.png,1001,75,1004,85,pole
/work/mathiamt/SnowPoleDetection/RetinaNet/keras-retinanet/retinanet_data/lidar/images/train/image_1343.png,363,79,375,118,pole
/work/mathiamt/SnowPoleDetection/RetinaNet/keras-retinanet/retinanet_data/lidar/images/train/image_1343.png,600,71,608,123,pole
/work/mathiamt/SnowPoleDetection/RetinaNet/keras-retinanet/retinanet_data/lidar/images/train/image_1345.png,729,84,738,128,pole
/work/mathiamt/SnowPoleDetection/RetinaNet/keras-retinanet/retinanet_data/lidar/images/train/image_1345.png,275,86,287,128,pole
/work/mathiamt/SnowPoleDetection/RetinaNet/keras-retinanet/retinanet_data/lidar/images/train/image_1346.png,836,87,843,128,pole
/work/mathiamt/SnowPoleDetection/RetinaNet/keras-retinanet/retinanet_data/lidar/images/train/image_1346.png,226,87,235,128,pole
/work/mathiamt/SnowPoleDetection/RetinaNet/keras-retinanet/retinanet_data/lidar/images/train/image_1347.png,178,87,185,128,pole
/work/mathiamt/SnowPoleDetection/RetinaNet/keras-retinanet/retinanet_data/lidar/images/train/image_1347.png,902,82,908,127,pole
/work/mathiamt/SnowPoleDetection/RetinaNet/keras-retinanet/retinanet_data/lidar/images/train/image_1348.png,137,85,145,121,pole
/work/mathiamt/SnowPoleDetection/RetinaNet/keras-retinanet/retinanet_data/lidar/images/train/image_1348.png,935,75,942,127,pole
/work/mathiamt/SnowPoleDetection/RetinaNet/keras-retinanet/retinanet_data/lidar/images/train/image_1349.png,954,77,961,110,pole
/work/mathiamt/SnowPoleDetection/RetinaNet/keras-retinanet/retinanet_data/lidar/images/train/image_1349.png,110,84,117,119,pole
/work/mathiamt/SnowPoleDetection/RetinaNet/keras-retinanet/retinanet_data/lidar/images/train/image_135.png,960,88,967,128,pole
/work/mathiamt/SnowPoleDetection/RetinaNet/keras-retinanet/retinanet_data/lidar/images/train/image_135.png,165,99,173,128,pole
/work/mathiamt/SnowPoleDetection/RetinaNet/keras-retinanet/retinanet_data/lidar/images/train/image_1351.png,974,75,982,108,pole
/work/mathiamt/SnowPoleDetection/RetinaNet/keras-retinanet/retinanet_data/lidar/images/train/image_1351.png,75,75,81,107,pole
/work/mathiamt/SnowPoleDetection/RetinaNet/keras-retinanet/retinanet_data/lidar/images/train/image_1352.png,982,78,987,100,pole
/work/mathiamt/SnowPoleDetection/RetinaNet/keras-retinanet/retinanet_data/lidar/images/train/image_1352.png,65,78,70,105,pole
/work/mathiamt/SnowPoleDetection/RetinaNet/keras-retinanet/retinanet_data/lidar/images/train/image_1353.png,457,65,461,83,pole
/work/mathiamt/SnowPoleDetection/RetinaNet/keras-retinanet/retinanet_data/lidar/images/train/image_1353.png,987,74,991,96,pole
/work/mathiamt/SnowPoleDetection/RetinaNet/keras-retinanet/retinanet_data/lidar/images/train/image_1354.png,449,64,456,84,pole
/work/mathiamt/SnowPoleDetection/RetinaNet/keras-retinanet/retinanet_data/lidar/images/train/image_1354.png,989,74,995,97,pole
/work/mathiamt/SnowPoleDetection/RetinaNet/keras-retinanet/retinanet_data/lidar/images/train/image_1355.png,443,68,448,87,pole
/work/mathiamt/SnowPoleDetection/RetinaNet/keras-retinanet/retinanet_data/lidar/images/train/image_1355.png,994,74,997,91,pole
/work/mathiamt/SnowPoleDetection/RetinaNet/keras-retinanet/retinanet_data/lidar/images/train/image_1356.png,434,67,440,95,pole
/work/mathiamt/SnowPoleDetection/RetinaNet/keras-retinanet/retinanet_data/lidar/images/train/image_1356.png,996,74,1000,90,pole
/work/mathiamt/SnowPoleDetection/RetinaNet/keras-retinanet/retinanet_data/lidar/images/train/image_1357.png,422,69,427,95,pole
/work/mathiamt/SnowPoleDetection/RetinaNet/keras-retinanet/retinanet_data/lidar/images/train/image_1357.png,998,70,1003,86,pole
/work/mathiamt/SnowPoleDetection/RetinaNet/keras-retinanet/retinanet_data/lidar/images/train/image_1359.png,383,80,392,111,pole
/work/mathiamt/SnowPoleDetection/RetinaNet/keras-retinanet/retinanet_data/lidar/images/train/image_136.png,975,83,983,128,pole
/work/mathiamt/SnowPoleDetection/RetinaNet/keras-retinanet/retinanet_data/lidar/images/train/image_136.png,128,96,135,127,pole
/work/mathiamt/SnowPoleDetection/RetinaNet/keras-retinanet/retinanet_data/lidar/images/train/image_1360.png,351,79,363,126,pole
/work/mathiamt/SnowPoleDetection/RetinaNet/keras-retinanet/retinanet_data/lidar/images/train/image_1361.png,310,83,321,128,pole
/work/mathiamt/SnowPoleDetection/RetinaNet/keras-retinanet/retinanet_data/lidar/images/train/image_1363.png,205,88,215,128,pole
/work/mathiamt/SnowPoleDetection/RetinaNet/keras-retinanet/retinanet_data/lidar/images/train/image_1364.png,160,87,168,128,pole
/work/mathiamt/SnowPoleDetection/RetinaNet/keras-retinanet/retinanet_data/lidar/images/train/image_1365.png,125,88,134,124,pole
/work/mathiamt/SnowPoleDetection/RetinaNet/keras-retinanet/retinanet_data/lidar/images/train/image_1367.png,83,83,90,113,pole
/work/mathiamt/SnowPoleDetection/RetinaNet/keras-retinanet/retinanet_data/lidar/images/train/image_1367.png,449,68,454,87,pole
/work/mathiamt/SnowPoleDetection/RetinaNet/keras-retinanet/retinanet_data/lidar/images/train/image_1368.png,441,68,447,91,pole
/work/mathiamt/SnowPoleDetection/RetinaNet/keras-retinanet/retinanet_data/lidar/images/train/image_1368.png,70,81,77,105,pole
/work/mathiamt/SnowPoleDetection/RetinaNet/keras-retinanet/retinanet_data/lidar/images/train/image_1369.png,431,69,439,95,pole
/work/mathiamt/SnowPoleDetection/RetinaNet/keras-retinanet/retinanet_data/lidar/images/train/image_1369.png,541,65,547,84,pole
/work/mathiamt/SnowPoleDetection/RetinaNet/keras-retinanet/retinanet_data/lidar/images/train/image_1369.png,61,79,67,101,pole
/work/mathiamt/SnowPoleDetection/RetinaNet/keras-retinanet/retinanet_data/lidar/images/train/image_137.png,983,84,992,123,pole
/work/mathiamt/SnowPoleDetection/RetinaNet/keras-retinanet/retinanet_data/lidar/images/train/image_137.png,102,90,108,124,pole
/work/mathiamt/SnowPoleDetection/RetinaNet/keras-retinanet/retinanet_data/lidar/images/train/image_1370.png,418,76,426,102,pole
/work/mathiamt/SnowPoleDetection/RetinaNet/keras-retinanet/retinanet_data/lidar/images/train/image_1370.png,548,66,554,93,pole
/work/mathiamt/SnowPoleDetection/RetinaNet/keras-retinanet/retinanet_data/lidar/images/train/image_1371.png,403,75,412,106,pole
/work/mathiamt/SnowPoleDetection/RetinaNet/keras-retinanet/retinanet_data/lidar/images/train/image_1371.png,559,67,566,104,pole
/work/mathiamt/SnowPoleDetection/RetinaNet/keras-retinanet/retinanet_data/lidar/images/train/image_1372.png,574,69,583,121,pole
/work/mathiamt/SnowPoleDetection/RetinaNet/keras-retinanet/retinanet_data/lidar/images/train/image_1372.png,382,79,390,115,pole
/work/mathiamt/SnowPoleDetection/RetinaNet/keras-retinanet/retinanet_data/lidar/images/train/image_1374.png,668,79,680,128,pole
/work/mathiamt/SnowPoleDetection/RetinaNet/keras-retinanet/retinanet_data/lidar/images/train/image_1374.png,308,87,322,128,pole
/work/mathiamt/SnowPoleDetection/RetinaNet/keras-retinanet/retinanet_data/lidar/images/train/image_1375.png,796,89,806,127,pole
/work/mathiamt/SnowPoleDetection/RetinaNet/keras-retinanet/retinanet_data/lidar/images/train/image_1375.png,261,92,269,127,pole
/work/mathiamt/SnowPoleDetection/RetinaNet/keras-retinanet/retinanet_data/lidar/images/train/image_1376.png,208,94,217,127,pole
/work/mathiamt/SnowPoleDetection/RetinaNet/keras-retinanet/retinanet_data/lidar/images/train/image_1376.png,892,86,902,128,pole
/work/mathiamt/SnowPoleDetection/RetinaNet/keras-retinanet/retinanet_data/lidar/images/train/image_1377.png,936,61,943,120,pole
/work/mathiamt/SnowPoleDetection/RetinaNet/keras-retinanet/retinanet_data/lidar/images/train/image_1377.png,164,92,171,128,pole
/work/mathiamt/SnowPoleDetection/RetinaNet/keras-retinanet/retinanet_data/lidar/images/train/image_1378.png,128,90,139,127,pole
/work/mathiamt/SnowPoleDetection/RetinaNet/keras-retinanet/retinanet_data/lidar/images/train/image_1378.png,958,75,966,116,pole
/work/mathiamt/SnowPoleDetection/RetinaNet/keras-retinanet/retinanet_data/lidar/images/train/image_1379.png,971,73,978,109,pole
/work/mathiamt/SnowPoleDetection/RetinaNet/keras-retinanet/retinanet_data/lidar/images/train/image_1379.png,103,87,111,122,pole
/work/mathiamt/SnowPoleDetection/RetinaNet/keras-retinanet/retinanet_data/lidar/images/train/image_138.png,83,87,90,121,pole
/work/mathiamt/SnowPoleDetection/RetinaNet/keras-retinanet/retinanet_data/lidar/images/train/image_138.png,991,84,998,114,pole
/work/mathiamt/SnowPoleDetection/RetinaNet/keras-retinanet/retinanet_data/lidar/images/train/image_1381.png,73,84,80,114,pole
/work/mathiamt/SnowPoleDetection/RetinaNet/keras-retinanet/retinanet_data/lidar/images/train/image_1381.png,985,73,992,94,pole
/work/mathiamt/SnowPoleDetection/RetinaNet/keras-retinanet/retinanet_data/lidar/images/train/image_1382.png,63,80,69,104,pole
/work/mathiamt/SnowPoleDetection/RetinaNet/keras-retinanet/retinanet_data/lidar/images/train/image_1382.png,990,75,996,95,pole
/work/mathiamt/SnowPoleDetection/RetinaNet/keras-retinanet/retinanet_data/lidar/images/train/image_1384.png,453,71,458,87,pole
/work/mathiamt/SnowPoleDetection/RetinaNet/keras-retinanet/retinanet_data/lidar/images/train/image_1384.png,997,78,1001,89,pole
/work/mathiamt/SnowPoleDetection/RetinaNet/keras-retinanet/retinanet_data/lidar/images/train/image_1386.png,438,74,444,91,pole
/work/mathiamt/SnowPoleDetection/RetinaNet/keras-retinanet/retinanet_data/lidar/images/train/image_1388.png,413,77,421,108,pole
/work/mathiamt/SnowPoleDetection/RetinaNet/keras-retinanet/retinanet_data/lidar/images/train/image_1390.png,368,93,374,122,pole
/work/mathiamt/SnowPoleDetection/RetinaNet/keras-retinanet/retinanet_data/lidar/images/train/image_1390.png,372,86,378,126,pole
/work/mathiamt/SnowPoleDetection/RetinaNet/keras-retinanet/retinanet_data/lidar/images/train/image_1394.png,191,100,198,128,pole
/work/mathiamt/SnowPoleDetection/RetinaNet/keras-retinanet/retinanet_data/lidar/images/train/image_1395.png,150,96,158,127,pole
/work/mathiamt/SnowPoleDetection/RetinaNet/keras-retinanet/retinanet_data/lidar/images/train/image_1396.png,120,93,127,127,pole
/work/mathiamt/SnowPoleDetection/RetinaNet/keras-retinanet/retinanet_data/lidar/images/train/image_1397.png,98,89,104,124,pole
/work/mathiamt/SnowPoleDetection/RetinaNet/keras-retinanet/retinanet_data/lidar/images/train/image_1398.png,82,89,88,115,pole
/work/mathiamt/SnowPoleDetection/RetinaNet/keras-retinanet/retinanet_data/lidar/images/train/image_14.png,411,84,417,109,pole
/work/mathiamt/SnowPoleDetection/RetinaNet/keras-retinanet/retinanet_data/lidar/images/train/image_14.png,539,79,545,102,pole
/work/mathiamt/SnowPoleDetection/RetinaNet/keras-retinanet/retinanet_data/lidar/images/train/image_140.png,449,75,454,92,pole
/work/mathiamt/SnowPoleDetection/RetinaNet/keras-retinanet/retinanet_data/lidar/images/train/image_140.png,1001,78,1006,97,pole
/work/mathiamt/SnowPoleDetection/RetinaNet/keras-retinanet/retinanet_data/lidar/images/train/image_140.png,62,86,66,100,pole
/work/mathiamt/SnowPoleDetection/RetinaNet/keras-retinanet/retinanet_data/lidar/images/train/image_1400.png,60,83,66,109,pole
/work/mathiamt/SnowPoleDetection/RetinaNet/keras-retinanet/retinanet_data/lidar/images/train/image_1401.png,460,75,465,91,pole
/work/mathiamt/SnowPoleDetection/RetinaNet/keras-retinanet/retinanet_data/lidar/images/train/image_1404.png,441,81,446,97,pole
/work/mathiamt/SnowPoleDetection/RetinaNet/keras-retinanet/retinanet_data/lidar/images/train/image_1404.png,444,81,448,96,pole
/work/mathiamt/SnowPoleDetection/RetinaNet/keras-retinanet/retinanet_data/lidar/images/train/image_1405.png,434,84,440,103,pole
/work/mathiamt/SnowPoleDetection/RetinaNet/keras-retinanet/retinanet_data/lidar/images/train/image_1405.png,431,84,436,104,pole
/work/mathiamt/SnowPoleDetection/RetinaNet/keras-retinanet/retinanet_data/lidar/images/train/image_1406.png,419,87,424,115,pole
/work/mathiamt/SnowPoleDetection/RetinaNet/keras-retinanet/retinanet_data/lidar/images/train/image_1406.png,424,86,429,111,pole
/work/mathiamt/SnowPoleDetection/RetinaNet/keras-retinanet/retinanet_data/lidar/images/train/image_1406.png,542,73,546,89,pole
/work/mathiamt/SnowPoleDetection/RetinaNet/keras-retinanet/retinanet_data/lidar/images/train/image_1407.png,401,85,407,120,pole
/work/mathiamt/SnowPoleDetection/RetinaNet/keras-retinanet/retinanet_data/lidar/images/train/image_1407.png,408,85,414,121,pole
/work/mathiamt/SnowPoleDetection/RetinaNet/keras-retinanet/retinanet_data/lidar/images/train/image_1407.png,546,75,552,103,pole
/work/mathiamt/SnowPoleDetection/RetinaNet/keras-retinanet/retinanet_data/lidar/images/train/image_1408.png,377,89,387,128,pole
/work/mathiamt/SnowPoleDetection/RetinaNet/keras-retinanet/retinanet_data/lidar/images/train/image_1408.png,385,92,396,128,pole
/work/mathiamt/SnowPoleDetection/RetinaNet/keras-retinanet/retinanet_data/lidar/images/train/image_1408.png,554,78,563,107,pole
/work/mathiamt/SnowPoleDetection/RetinaNet/keras-retinanet/retinanet_data/lidar/images/train/image_1409.png,567,77,577,117,pole
/work/mathiamt/SnowPoleDetection/RetinaNet/keras-retinanet/retinanet_data/lidar/images/train/image_1409.png,349,100,357,128,pole
/work/mathiamt/SnowPoleDetection/RetinaNet/keras-retinanet/retinanet_data/lidar/images/train/image_1409.png,359,103,366,128,pole
/work/mathiamt/SnowPoleDetection/RetinaNet/keras-retinanet/retinanet_data/lidar/images/train/image_1412.png,733,102,743,127,pole
/work/mathiamt/SnowPoleDetection/RetinaNet/keras-retinanet/retinanet_data/lidar/images/train/image_1412.png,210,108,219,127,pole
/work/mathiamt/SnowPoleDetection/RetinaNet/keras-retinanet/retinanet_data/lidar/images/train/image_1412.png,219,109,228,127,pole
/work/mathiamt/SnowPoleDetection/RetinaNet/keras-retinanet/retinanet_data/lidar/images/train/image_1414.png,914,91,921,128,pole
/work/mathiamt/SnowPoleDetection/RetinaNet/keras-retinanet/retinanet_data/lidar/images/train/image_1414.png,134,103,138,128,pole
/work/mathiamt/SnowPoleDetection/RetinaNet/keras-retinanet/retinanet_data/lidar/images/train/image_1414.png,138,103,142,128,pole
/work/mathiamt/SnowPoleDetection/RetinaNet/keras-retinanet/retinanet_data/lidar/images/train/image_1415.png,945,87,953,128,pole
/work/mathiamt/SnowPoleDetection/RetinaNet/keras-retinanet/retinanet_data/lidar/images/train/image_1415.png,106,99,114,128,pole
/work/mathiamt/SnowPoleDetection/RetinaNet/keras-retinanet/retinanet_data/lidar/images/train/image_1416.png,455,76,459,90,pole
/work/mathiamt/SnowPoleDetection/RetinaNet/keras-retinanet/retinanet_data/lidar/images/train/image_1416.png,455,76,458,89,pole
/work/mathiamt/SnowPoleDetection/RetinaNet/keras-retinanet/retinanet_data/lidar/images/train/image_1416.png,90,94,96,118,pole
/work/mathiamt/SnowPoleDetection/RetinaNet/keras-retinanet/retinanet_data/lidar/images/train/image_1416.png,963,90,970,121,pole
/work/mathiamt/SnowPoleDetection/RetinaNet/keras-retinanet/retinanet_data/lidar/images/train/image_1417.png,449,72,453,95,pole
/work/mathiamt/SnowPoleDetection/RetinaNet/keras-retinanet/retinanet_data/lidar/images/train/image_1417.png,75,93,81,114,pole
/work/mathiamt/SnowPoleDetection/RetinaNet/keras-retinanet/retinanet_data/lidar/images/train/image_1417.png,973,86,980,110,pole
/work/mathiamt/SnowPoleDetection/RetinaNet/keras-retinanet/retinanet_data/lidar/images/train/image_1418.png,442,80,446,100,pole
/work/mathiamt/SnowPoleDetection/RetinaNet/keras-retinanet/retinanet_data/lidar/images/train/image_1418.png,982,85,987,112,pole
/work/mathiamt/SnowPoleDetection/RetinaNet/keras-retinanet/retinanet_data/lidar/images/train/image_1418.png,66,89,70,111,pole
/work/mathiamt/SnowPoleDetection/RetinaNet/keras-retinanet/retinanet_data/lidar/images/train/image_142.png,433,81,438,102,pole
/work/mathiamt/SnowPoleDetection/RetinaNet/keras-retinanet/retinanet_data/lidar/images/train/image_142.png,535,70,539,87,pole
/work/mathiamt/SnowPoleDetection/RetinaNet/keras-retinanet/retinanet_data/lidar/images/train/image_1420.png,555,77,562,110,pole
/work/mathiamt/SnowPoleDetection/RetinaNet/keras-retinanet/retinanet_data/lidar/images/train/image_1420.png,419,90,426,111,pole
/work/mathiamt/SnowPoleDetection/RetinaNet/keras-retinanet/retinanet_data/lidar/images/train/image_1423.png,630,86,639,128,pole
/work/mathiamt/SnowPoleDetection/RetinaNet/keras-retinanet/retinanet_data/lidar/images/train/image_1423.png,354,97,366,127,pole
/work/mathiamt/SnowPoleDetection/RetinaNet/keras-retinanet/retinanet_data/lidar/images/train/image_1424.png,717,97,728,127,pole
/work/mathiamt/SnowPoleDetection/RetinaNet/keras-retinanet/retinanet_data/lidar/images/train/image_1424.png,317,101,327,128,pole
/work/mathiamt/SnowPoleDetection/RetinaNet/keras-retinanet/retinanet_data/lidar/images/train/image_1425.png,274,109,280,127,pole
/work/mathiamt/SnowPoleDetection/RetinaNet/keras-retinanet/retinanet_data/lidar/images/train/image_1425.png,839,102,848,128,pole
/work/mathiamt/SnowPoleDetection/RetinaNet/keras-retinanet/retinanet_data/lidar/images/train/image_1426.png,907,91,918,127,pole
/work/mathiamt/SnowPoleDetection/RetinaNet/keras-retinanet/retinanet_data/lidar/images/train/image_1426.png,223,107,230,128,pole
/work/mathiamt/SnowPoleDetection/RetinaNet/keras-retinanet/retinanet_data/lidar/images/train/image_1427.png,942,96,952,127,pole
/work/mathiamt/SnowPoleDetection/RetinaNet/keras-retinanet/retinanet_data/lidar/images/train/image_1427.png,178,107,185,128,pole
/work/mathiamt/SnowPoleDetection/RetinaNet/keras-retinanet/retinanet_data/lidar/images/train/image_1428.png,450,79,455,98,pole
/work/mathiamt/SnowPoleDetection/RetinaNet/keras-retinanet/retinanet_data/lidar/images/train/image_1428.png,962,89,968,128,pole
/work/mathiamt/SnowPoleDetection/RetinaNet/keras-retinanet/retinanet_data/lidar/images/train/image_1428.png,141,107,149,128,pole
/work/mathiamt/SnowPoleDetection/RetinaNet/keras-retinanet/retinanet_data/lidar/images/train/image_1431.png,562,82,568,109,pole
/work/mathiamt/SnowPoleDetection/RetinaNet/keras-retinanet/retinanet_data/lidar/images/train/image_1431.png,421,90,428,110,pole
/work/mathiamt/SnowPoleDetection/RetinaNet/keras-retinanet/retinanet_data/lidar/images/train/image_1431.png,985,81,991,102,pole
/work/mathiamt/SnowPoleDetection/RetinaNet/keras-retinanet/retinanet_data/lidar/images/train/image_1431.png,80,90,87,112,pole
/work/mathiamt/SnowPoleDetection/RetinaNet/keras-retinanet/retinanet_data/lidar/images/train/image_1432.png,575,80,583,128,pole
/work/mathiamt/SnowPoleDetection/RetinaNet/keras-retinanet/retinanet_data/lidar/images/train/image_1432.png,404,97,408,120,pole
/work/mathiamt/SnowPoleDetection/RetinaNet/keras-retinanet/retinanet_data/lidar/images/train/image_1432.png,408,90,413,122,pole
/work/mathiamt/SnowPoleDetection/RetinaNet/keras-retinanet/retinanet_data/lidar/images/train/image_1432.png,991,78,995,98,pole
/work/mathiamt/SnowPoleDetection/RetinaNet/keras-retinanet/retinanet_data/lidar/images/train/image_1432.png,69,97,73,109,pole
/work/mathiamt/SnowPoleDetection/RetinaNet/keras-retinanet/retinanet_data/lidar/images/train/image_1433.png,599,94,609,128,pole
/work/mathiamt/SnowPoleDetection/RetinaNet/keras-retinanet/retinanet_data/lidar/images/train/image_1433.png,384,99,393,127,pole
/work/mathiamt/SnowPoleDetection/RetinaNet/keras-retinanet/retinanet_data/lidar/images/train/image_1434.png,647,85,657,128,pole
/work/mathiamt/SnowPoleDetection/RetinaNet/keras-retinanet/retinanet_data/lidar/images/train/image_1434.png,356,108,365,128,pole
/work/mathiamt/SnowPoleDetection/RetinaNet/keras-retinanet/retinanet_data/lidar/images/train/image_1434.png,53,94,57,107,pole
/work/mathiamt/SnowPoleDetection/RetinaNet/keras-retinanet/retinanet_data/lidar/images/train/image_1435.png,742,104,751,128,pole
/work/mathiamt/SnowPoleDetection/RetinaNet/keras-retinanet/retinanet_data/lidar/images/train/image_1436.png,848,103,857,128,pole
/work/mathiamt/SnowPoleDetection/RetinaNet/keras-retinanet/retinanet_data/lidar/images/train/image_1438.png,940,89,950,126,pole
/work/mathiamt/SnowPoleDetection/RetinaNet/keras-retinanet/retinanet_data/lidar/images/train/image_144.png,401,85,410,116,pole
/work/mathiamt/SnowPoleDetection/RetinaNet/keras-retinanet/retinanet_data/lidar/images/train/image_144.png,548,68,557,120,pole
/work/mathiamt/SnowPoleDetection/RetinaNet/keras-retinanet/retinanet_data/lidar/images/train/image_1440.png,971,84,976,115,pole
/work/mathiamt/SnowPoleDetection/RetinaNet/keras-retinanet/retinanet_data/lidar/images/train/image_1440.png,114,101,120,128,pole
/work/mathiamt/SnowPoleDetection/RetinaNet/keras-retinanet/retinanet_data/lidar/images/train/image_1441.png,93,96,100,128,pole
/work/mathiamt/SnowPoleDetection/RetinaNet/keras-retinanet/retinanet_data/lidar/images/train/image_1441.png,978,88,986,111,pole
/work/mathiamt/SnowPoleDetection/RetinaNet/keras-retinanet/retinanet_data/lidar/images/train/image_1443.png,439,78,447,100,pole
/work/mathiamt/SnowPoleDetection/RetinaNet/keras-retinanet/retinanet_data/lidar/images/train/image_1443.png,543,76,548,90,pole
/work/mathiamt/SnowPoleDetection/RetinaNet/keras-retinanet/retinanet_data/lidar/images/train/image_1443.png,68,96,73,118,pole
/work/mathiamt/SnowPoleDetection/RetinaNet/keras-retinanet/retinanet_data/lidar/images/train/image_1443.png,989,86,995,99,pole
/work/mathiamt/SnowPoleDetection/RetinaNet/keras-retinanet/retinanet_data/lidar/images/train/image_1445.png,421,86,426,109,pole
/work/mathiamt/SnowPoleDetection/RetinaNet/keras-retinanet/retinanet_data/lidar/images/train/image_1445.png,559,78,564,104,pole
/work/mathiamt/SnowPoleDetection/RetinaNet/keras-retinanet/retinanet_data/lidar/images/train/image_1445.png,53,93,57,102,pole
/work/mathiamt/SnowPoleDetection/RetinaNet/keras-retinanet/retinanet_data/lidar/images/train/image_1446.png,573,80,580,121,pole
/work/mathiamt/SnowPoleDetection/RetinaNet/keras-retinanet/retinanet_data/lidar/images/train/image_1446.png,402,91,412,126,pole
/work/mathiamt/SnowPoleDetection/RetinaNet/keras-retinanet/retinanet_data/lidar/images/train/image_1447.png,383,97,388,128,pole
/work/mathiamt/SnowPoleDetection/RetinaNet/keras-retinanet/retinanet_data/lidar/images/train/image_1447.png,388,100,394,126,pole
/work/mathiamt/SnowPoleDetection/RetinaNet/keras-retinanet/retinanet_data/lidar/images/train/image_1447.png,596,81,605,128,pole
/work/mathiamt/SnowPoleDetection/RetinaNet/keras-retinanet/retinanet_data/lidar/images/train/image_1448.png,358,104,367,128,pole
/work/mathiamt/SnowPoleDetection/RetinaNet/keras-retinanet/retinanet_data/lidar/images/train/image_1448.png,643,89,651,128,pole
/work/mathiamt/SnowPoleDetection/RetinaNet/keras-retinanet/retinanet_data/lidar/images/train/image_1450.png,851,105,858,128,pole
/work/mathiamt/SnowPoleDetection/RetinaNet/keras-retinanet/retinanet_data/lidar/images/train/image_1450.png,276,103,285,127,pole
/work/mathiamt/SnowPoleDetection/RetinaNet/keras-retinanet/retinanet_data/lidar/images/train/image_1451.png,913,99,921,128,pole
/work/mathiamt/SnowPoleDetection/RetinaNet/keras-retinanet/retinanet_data/lidar/images/train/image_1451.png,226,100,235,128,pole
/work/mathiamt/SnowPoleDetection/RetinaNet/keras-retinanet/retinanet_data/lidar/images/train/image_1453.png,961,87,969,123,pole
/work/mathiamt/SnowPoleDetection/RetinaNet/keras-retinanet/retinanet_data/lidar/images/train/image_1453.png,144,115,153,128,pole
/work/mathiamt/SnowPoleDetection/RetinaNet/keras-retinanet/retinanet_data/lidar/images/train/image_1456.png,81,96,88,124,pole
/work/mathiamt/SnowPoleDetection/RetinaNet/keras-retinanet/retinanet_data/lidar/images/train/image_1456.png,986,85,991,101,pole
/work/mathiamt/SnowPoleDetection/RetinaNet/keras-retinanet/retinanet_data/lidar/images/train/image_1457.png,437,82,443,95,pole
/work/mathiamt/SnowPoleDetection/RetinaNet/keras-retinanet/retinanet_data/lidar/images/train/image_1457.png,70,99,75,116,pole
/work/mathiamt/SnowPoleDetection/RetinaNet/keras-retinanet/retinanet_data/lidar/images/train/image_1458.png,533,66,537,90,pole
/work/mathiamt/SnowPoleDetection/RetinaNet/keras-retinanet/retinanet_data/lidar/images/train/image_1458.png,428,84,434,103,pole
/work/mathiamt/SnowPoleDetection/RetinaNet/keras-retinanet/retinanet_data/lidar/images/train/image_1458.png,62,97,66,110,pole
/work/mathiamt/SnowPoleDetection/RetinaNet/keras-retinanet/retinanet_data/lidar/images/train/image_1460.png,542,66,548,92,pole
/work/mathiamt/SnowPoleDetection/RetinaNet/keras-retinanet/retinanet_data/lidar/images/train/image_1460.png,401,94,406,116,pole
/work/mathiamt/SnowPoleDetection/RetinaNet/keras-retinanet/retinanet_data/lidar/images/train/image_1461.png,551,67,558,112,pole
/work/mathiamt/SnowPoleDetection/RetinaNet/keras-retinanet/retinanet_data/lidar/images/train/image_1461.png,379,99,388,126,pole
/work/mathiamt/SnowPoleDetection/RetinaNet/keras-retinanet/retinanet_data/lidar/images/train/image_1463.png,594,74,603,128,pole
/work/mathiamt/SnowPoleDetection/RetinaNet/keras-retinanet/retinanet_data/lidar/images/train/image_1463.png,312,100,323,128,pole
/work/mathiamt/SnowPoleDetection/RetinaNet/keras-retinanet/retinanet_data/lidar/images/train/image_1464.png,663,87,674,128,pole
/work/mathiamt/SnowPoleDetection/RetinaNet/keras-retinanet/retinanet_data/lidar/images/train/image_1464.png,270,106,279,128,pole
/work/mathiamt/SnowPoleDetection/RetinaNet/keras-retinanet/retinanet_data/lidar/images/train/image_1465.png,818,96,828,128,pole
/work/mathiamt/SnowPoleDetection/RetinaNet/keras-retinanet/retinanet_data/lidar/images/train/image_1465.png,223,108,232,128,pole
/work/mathiamt/SnowPoleDetection/RetinaNet/keras-retinanet/retinanet_data/lidar/images/train/image_1466.png,914,87,923,128,pole
/work/mathiamt/SnowPoleDetection/RetinaNet/keras-retinanet/retinanet_data/lidar/images/train/image_1467.png,951,81,960,128,pole
/work/mathiamt/SnowPoleDetection/RetinaNet/keras-retinanet/retinanet_data/lidar/images/train/image_1467.png,146,111,154,127,pole
/work/mathiamt/SnowPoleDetection/RetinaNet/keras-retinanet/retinanet_data/lidar/images/train/image_1469.png,980,80,987,119,pole
/work/mathiamt/SnowPoleDetection/RetinaNet/keras-retinanet/retinanet_data/lidar/images/train/image_1469.png,100,102,106,126,pole
/work/mathiamt/SnowPoleDetection/RetinaNet/keras-retinanet/retinanet_data/lidar/images/train/image_1469.png,455,75,459,93,pole
/work/mathiamt/SnowPoleDetection/RetinaNet/keras-retinanet/retinanet_data/lidar/images/train/image_147.png,297,92,305,127,pole
/work/mathiamt/SnowPoleDetection/RetinaNet/keras-retinanet/retinanet_data/lidar/images/train/image_147.png,678,91,687,128,pole
/work/mathiamt/SnowPoleDetection/RetinaNet/keras-retinanet/retinanet_data/lidar/images/train/image_1470.png,987,77,993,115,pole
/work/mathiamt/SnowPoleDetection/RetinaNet/keras-retinanet/retinanet_data/lidar/images/train/image_1470.png,85,101,89,119,pole
/work/mathiamt/SnowPoleDetection/RetinaNet/keras-retinanet/retinanet_data/lidar/images/train/image_1472.png,538,75,542,92,pole
/work/mathiamt/SnowPoleDetection/RetinaNet/keras-retinanet/retinanet_data/lidar/images/train/image_1472.png,433,84,439,106,pole
/work/mathiamt/SnowPoleDetection/RetinaNet/keras-retinanet/retinanet_data/lidar/images/train/image_1472.png,996,76,1002,100,pole
/work/mathiamt/SnowPoleDetection/RetinaNet/keras-retinanet/retinanet_data/lidar/images/train/image_1474.png,404,91,411,121,pole
/work/mathiamt/SnowPoleDetection/RetinaNet/keras-retinanet/retinanet_data/lidar/images/train/image_1474.png,551,74,558,105,pole
/work/mathiamt/SnowPoleDetection/RetinaNet/keras-retinanet/retinanet_data/lidar/images/train/image_1474.png,1001,73,1005,96,pole
/work/mathiamt/SnowPoleDetection/RetinaNet/keras-retinanet/retinanet_data/lidar/images/train/image_1475.png,563,76,571,111,pole
/work/mathiamt/SnowPoleDetection/RetinaNet/keras-retinanet/retinanet_data/lidar/images/train/image_1475.png,385,86,393,122,pole
/work/mathiamt/SnowPoleDetection/RetinaNet/keras-retinanet/retinanet_data/lidar/images/train/image_1476.png,585,81,595,128,pole
/work/mathiamt/SnowPoleDetection/RetinaNet/keras-retinanet/retinanet_data/lidar/images/train/image_1476.png,358,99,365,127,pole
/work/mathiamt/SnowPoleDetection/RetinaNet/keras-retinanet/retinanet_data/lidar/images/train/image_1477.png,636,93,644,127,pole
/work/mathiamt/SnowPoleDetection/RetinaNet/keras-retinanet/retinanet_data/lidar/images/train/image_1477.png,320,103,328,127,pole
/work/mathiamt/SnowPoleDetection/RetinaNet/keras-retinanet/retinanet_data/lidar/images/train/image_148.png,841,95,851,127,pole
/work/mathiamt/SnowPoleDetection/RetinaNet/keras-retinanet/retinanet_data/lidar/images/train/image_148.png,239,97,250,127,pole
/work/mathiamt/SnowPoleDetection/RetinaNet/keras-retinanet/retinanet_data/lidar/images/train/image_1480.png,932,110,941,128,pole
/work/mathiamt/SnowPoleDetection/RetinaNet/keras-retinanet/retinanet_data/lidar/images/train/image_1480.png,176,106,184,128,pole
/work/mathiamt/SnowPoleDetection/RetinaNet/keras-retinanet/retinanet_data/lidar/images/train/image_1481.png,958,88,966,128,pole
/work/mathiamt/SnowPoleDetection/RetinaNet/keras-retinanet/retinanet_data/lidar/images/train/image_1481.png,140,108,148,127,pole
/work/mathiamt/SnowPoleDetection/RetinaNet/keras-retinanet/retinanet_data/lidar/images/train/image_1482.png,972,88,978,117,pole
/work/mathiamt/SnowPoleDetection/RetinaNet/keras-retinanet/retinanet_data/lidar/images/train/image_1482.png,115,108,120,128,pole
/work/mathiamt/SnowPoleDetection/RetinaNet/keras-retinanet/retinanet_data/lidar/images/train/image_1483.png,982,82,988,111,pole
/work/mathiamt/SnowPoleDetection/RetinaNet/keras-retinanet/retinanet_data/lidar/images/train/image_1483.png,95,104,101,128,pole
/work/mathiamt/SnowPoleDetection/RetinaNet/keras-retinanet/retinanet_data/lidar/images/train/image_1483.png,453,77,455,90,pole
/work/mathiamt/SnowPoleDetection/RetinaNet/keras-retinanet/retinanet_data/lidar/images/train/image_1484.png,988,81,993,102,pole
/work/mathiamt/SnowPoleDetection/RetinaNet/keras-retinanet/retinanet_data/lidar/images/train/image_1484.png,81,98,86,125,pole
/work/mathiamt/SnowPoleDetection/RetinaNet/keras-retinanet/retinanet_data/lidar/images/train/image_1484.png,447,79,450,93,pole
/work/mathiamt/SnowPoleDetection/RetinaNet/keras-retinanet/retinanet_data/lidar/images/train/image_1485.png,992,85,996,103,pole
/work/mathiamt/SnowPoleDetection/RetinaNet/keras-retinanet/retinanet_data/lidar/images/train/image_1485.png,69,97,73,116,pole
/work/mathiamt/SnowPoleDetection/RetinaNet/keras-retinanet/retinanet_data/lidar/images/train/image_1485.png,440,80,443,97,pole
/work/mathiamt/SnowPoleDetection/RetinaNet/keras-retinanet/retinanet_data/lidar/images/train/image_1487.png,417,85,424,111,pole
/work/mathiamt/SnowPoleDetection/RetinaNet/keras-retinanet/retinanet_data/lidar/images/train/image_1488.png,536,68,544,109,pole
/work/mathiamt/SnowPoleDetection/RetinaNet/keras-retinanet/retinanet_data/lidar/images/train/image_1488.png,402,93,409,121,pole
/work/mathiamt/SnowPoleDetection/RetinaNet/keras-retinanet/retinanet_data/lidar/images/train/image_1489.png,544,68,549,113,pole
/work/mathiamt/SnowPoleDetection/RetinaNet/keras-retinanet/retinanet_data/lidar/images/train/image_1489.png,380,95,390,128,pole
/work/mathiamt/SnowPoleDetection/RetinaNet/keras-retinanet/retinanet_data/lidar/images/train/image_149.png,187,102,194,128,pole
/work/mathiamt/SnowPoleDetection/RetinaNet/keras-retinanet/retinanet_data/lidar/images/train/image_149.png,925,89,933,127,pole
/work/mathiamt/SnowPoleDetection/RetinaNet/keras-retinanet/retinanet_data/lidar/images/train/image_1490.png,555,67,564,128,pole
/work/mathiamt/SnowPoleDetection/RetinaNet/keras-retinanet/retinanet_data/lidar/images/train/image_1490.png,355,98,364,127,pole
/work/mathiamt/SnowPoleDetection/RetinaNet/keras-retinanet/retinanet_data/lidar/images/train/image_1492.png,638,81,650,128,pole
/work/mathiamt/SnowPoleDetection/RetinaNet/keras-retinanet/retinanet_data/lidar/images/train/image_1492.png,276,103,286,128,pole
/work/mathiamt/SnowPoleDetection/RetinaNet/keras-retinanet/retinanet_data/lidar/images/train/image_1493.png,815,96,824,128,pole
/work/mathiamt/SnowPoleDetection/RetinaNet/keras-retinanet/retinanet_data/lidar/images/train/image_1495.png,958,77,967,128,pole
/work/mathiamt/SnowPoleDetection/RetinaNet/keras-retinanet/retinanet_data/lidar/images/train/image_1496.png,975,77,982,128,pole
/work/mathiamt/SnowPoleDetection/RetinaNet/keras-retinanet/retinanet_data/lidar/images/train/image_1497.png,982,79,994,128,pole
/work/mathiamt/SnowPoleDetection/RetinaNet/keras-retinanet/retinanet_data/lidar/images/train/image_1498.png,991,78,997,119,pole
/work/mathiamt/SnowPoleDetection/RetinaNet/keras-retinanet/retinanet_data/lidar/images/train/image_1499.png,996,78,1001,101,pole
/work/mathiamt/SnowPoleDetection/RetinaNet/keras-retinanet/retinanet_data/lidar/images/train/image_15.png,546,82,552,108,pole
/work/mathiamt/SnowPoleDetection/RetinaNet/keras-retinanet/retinanet_data/lidar/images/train/image_15.png,382,87,391,114,pole
/work/mathiamt/SnowPoleDetection/RetinaNet/keras-retinanet/retinanet_data/lidar/images/train/image_1501.png,419,86,423,109,pole
/work/mathiamt/SnowPoleDetection/RetinaNet/keras-retinanet/retinanet_data/lidar/images/train/image_1501.png,542,75,547,95,pole
/work/mathiamt/SnowPoleDetection/RetinaNet/keras-retinanet/retinanet_data/lidar/images/train/image_1503.png,563,78,569,112,pole
/work/mathiamt/SnowPoleDetection/RetinaNet/keras-retinanet/retinanet_data/lidar/images/train/image_1503.png,384,92,389,121,pole
/work/mathiamt/SnowPoleDetection/RetinaNet/keras-retinanet/retinanet_data/lidar/images/train/image_1505.png,626,92,635,128,pole
/work/mathiamt/SnowPoleDetection/RetinaNet/keras-retinanet/retinanet_data/lidar/images/train/image_1505.png,320,103,329,127,pole
/work/mathiamt/SnowPoleDetection/RetinaNet/keras-retinanet/retinanet_data/lidar/images/train/image_1506.png,728,113,739,127,pole
/work/mathiamt/SnowPoleDetection/RetinaNet/keras-retinanet/retinanet_data/lidar/images/train/image_1507.png,864,108,875,127,pole
/work/mathiamt/SnowPoleDetection/RetinaNet/keras-retinanet/retinanet_data/lidar/images/train/image_1507.png,228,106,237,127,pole
/work/mathiamt/SnowPoleDetection/RetinaNet/keras-retinanet/retinanet_data/lidar/images/train/image_1508.png,927,94,935,128,pole
/work/mathiamt/SnowPoleDetection/RetinaNet/keras-retinanet/retinanet_data/lidar/images/train/image_1508.png,186,105,195,128,pole
/work/mathiamt/SnowPoleDetection/RetinaNet/keras-retinanet/retinanet_data/lidar/images/train/image_151.png,972,78,981,128,pole
/work/mathiamt/SnowPoleDetection/RetinaNet/keras-retinanet/retinanet_data/lidar/images/train/image_151.png,111,96,119,123,pole
/work/mathiamt/SnowPoleDetection/RetinaNet/keras-retinanet/retinanet_data/lidar/images/train/image_1510.png,970,92,977,127,pole
/work/mathiamt/SnowPoleDetection/RetinaNet/keras-retinanet/retinanet_data/lidar/images/train/image_1510.png,120,112,128,128,pole
/work/mathiamt/SnowPoleDetection/RetinaNet/keras-retinanet/retinanet_data/lidar/images/train/image_1512.png,448,79,451,95,pole
/work/mathiamt/SnowPoleDetection/RetinaNet/keras-retinanet/retinanet_data/lidar/images/train/image_1512.png,987,88,991,107,pole
/work/mathiamt/SnowPoleDetection/RetinaNet/keras-retinanet/retinanet_data/lidar/images/train/image_1512.png,85,102,92,122,pole
/work/mathiamt/SnowPoleDetection/RetinaNet/keras-retinanet/retinanet_data/lidar/images/train/image_1513.png,440,81,445,104,pole
/work/mathiamt/SnowPoleDetection/RetinaNet/keras-retinanet/retinanet_data/lidar/images/train/image_1514.png,431,84,435,102,pole
/work/mathiamt/SnowPoleDetection/RetinaNet/keras-retinanet/retinanet_data/lidar/images/train/image_1514.png,995,84,1000,100,pole
/work/mathiamt/SnowPoleDetection/RetinaNet/keras-retinanet/retinanet_data/lidar/images/train/image_1514.png,63,94,70,117,pole
/work/mathiamt/SnowPoleDetection/RetinaNet/keras-retinanet/retinanet_data/lidar/images/train/image_1515.png,544,73,548,92,pole
/work/mathiamt/SnowPoleDetection/RetinaNet/keras-retinanet/retinanet_data/lidar/images/train/image_1515.png,420,86,424,111,pole
/work/mathiamt/SnowPoleDetection/RetinaNet/keras-retinanet/retinanet_data/lidar/images/train/image_1515.png,57,92,62,108,pole
/work/mathiamt/SnowPoleDetection/RetinaNet/keras-retinanet/retinanet_data/lidar/images/train/image_1516.png,551,71,556,101,pole
/work/mathiamt/SnowPoleDetection/RetinaNet/keras-retinanet/retinanet_data/lidar/images/train/image_1516.png,405,91,409,117,pole
/work/mathiamt/SnowPoleDetection/RetinaNet/keras-retinanet/retinanet_data/lidar/images/train/image_1516.png,1000,79,1005,96,pole
/work/mathiamt/SnowPoleDetection/RetinaNet/keras-retinanet/retinanet_data/lidar/images/train/image_1517.png,562,73,571,120,pole
/work/mathiamt/SnowPoleDetection/RetinaNet/keras-retinanet/retinanet_data/lidar/images/train/image_1517.png,382,90,391,127,pole
/work/mathiamt/SnowPoleDetection/RetinaNet/keras-retinanet/retinanet_data/lidar/images/train/image_1518.png,581,76,589,118,pole
/work/mathiamt/SnowPoleDetection/RetinaNet/keras-retinanet/retinanet_data/lidar/images/train/image_1518.png,358,96,366,127,pole
/work/mathiamt/SnowPoleDetection/RetinaNet/keras-retinanet/retinanet_data/lidar/images/train/image_1520.png,697,103,706,127,pole
/work/mathiamt/SnowPoleDetection/RetinaNet/keras-retinanet/retinanet_data/lidar/images/train/image_1521.png,826,106,835,128,pole
/work/mathiamt/SnowPoleDetection/RetinaNet/keras-retinanet/retinanet_data/lidar/images/train/image_1522.png,905,95,916,128,pole
/work/mathiamt/SnowPoleDetection/RetinaNet/keras-retinanet/retinanet_data/lidar/images/train/image_1524.png,961,81,971,128,pole
/work/mathiamt/SnowPoleDetection/RetinaNet/keras-retinanet/retinanet_data/lidar/images/train/image_1524.png,122,110,131,128,pole
/work/mathiamt/SnowPoleDetection/RetinaNet/keras-retinanet/retinanet_data/lidar/images/train/image_1526.png,981,86,988,110,pole
/work/mathiamt/SnowPoleDetection/RetinaNet/keras-retinanet/retinanet_data/lidar/images/train/image_1526.png,449,77,453,92,pole
/work/mathiamt/SnowPoleDetection/RetinaNet/keras-retinanet/retinanet_data/lidar/images/train/image_1526.png,85,100,93,119,pole
/work/mathiamt/SnowPoleDetection/RetinaNet/keras-retinanet/retinanet_data/lidar/images/train/image_1527.png,442,79,447,97,pole
/work/mathiamt/SnowPoleDetection/RetinaNet/keras-retinanet/retinanet_data/lidar/images/train/image_1527.png,988,85,993,102,pole
/work/mathiamt/SnowPoleDetection/RetinaNet/keras-retinanet/retinanet_data/lidar/images/train/image_153.png,989,75,998,120,pole
/work/mathiamt/SnowPoleDetection/RetinaNet/keras-retinanet/retinanet_data/lidar/images/train/image_153.png,452,70,456,86,pole
/work/mathiamt/SnowPoleDetection/RetinaNet/keras-retinanet/retinanet_data/lidar/images/train/image_153.png,75,85,81,106,pole
/work/mathiamt/SnowPoleDetection/RetinaNet/keras-retinanet/retinanet_data/lidar/images/train/image_1530.png,408,93,414,111,pole
/work/mathiamt/SnowPoleDetection/RetinaNet/keras-retinanet/retinanet_data/lidar/images/train/image_1530.png,552,76,558,105,pole
/work/mathiamt/SnowPoleDetection/RetinaNet/keras-retinanet/retinanet_data/lidar/images/train/image_1531.png,562,79,569,119,pole
/work/mathiamt/SnowPoleDetection/RetinaNet/keras-retinanet/retinanet_data/lidar/images/train/image_1531.png,388,87,397,121,pole
/work/mathiamt/SnowPoleDetection/RetinaNet/keras-retinanet/retinanet_data/lidar/images/train/image_1532.png,579,73,588,123,pole
/work/mathiamt/SnowPoleDetection/RetinaNet/keras-retinanet/retinanet_data/lidar/images/train/image_1532.png,361,96,371,128,pole
/work/mathiamt/SnowPoleDetection/RetinaNet/keras-retinanet/retinanet_data/lidar/images/train/image_1533.png,610,84,624,128,pole
/work/mathiamt/SnowPoleDetection/RetinaNet/keras-retinanet/retinanet_data/lidar/images/train/image_1533.png,326,99,338,128,pole
/work/mathiamt/SnowPoleDetection/RetinaNet/keras-retinanet/retinanet_data/lidar/images/train/image_1534.png,680,96,689,127,pole
/work/mathiamt/SnowPoleDetection/RetinaNet/keras-retinanet/retinanet_data/lidar/images/train/image_1534.png,284,106,293,127,pole
/work/mathiamt/SnowPoleDetection/RetinaNet/keras-retinanet/retinanet_data/lidar/images/train/image_1535.png,799,104,807,128,pole
/work/mathiamt/SnowPoleDetection/RetinaNet/keras-retinanet/retinanet_data/lidar/images/train/image_1535.png,236,107,245,128,pole
/work/mathiamt/SnowPoleDetection/RetinaNet/keras-retinanet/retinanet_data/lidar/images/train/image_1536.png,889,99,897,128,pole
/work/mathiamt/SnowPoleDetection/RetinaNet/keras-retinanet/retinanet_data/lidar/images/train/image_1536.png,191,103,199,128,pole
/work/mathiamt/SnowPoleDetection/RetinaNet/keras-retinanet/retinanet_data/lidar/images/train/image_1538.png,953,83,963,123,pole
/work/mathiamt/SnowPoleDetection/RetinaNet/keras-retinanet/retinanet_data/lidar/images/train/image_1538.png,124,101,132,127,pole
/work/mathiamt/SnowPoleDetection/RetinaNet/keras-retinanet/retinanet_data/lidar/images/train/image_1539.png,968,86,976,121,pole
/work/mathiamt/SnowPoleDetection/RetinaNet/keras-retinanet/retinanet_data/lidar/images/train/image_1539.png,102,106,108,127,pole
/work/mathiamt/SnowPoleDetection/RetinaNet/keras-retinanet/retinanet_data/lidar/images/train/image_154.png,444,74,450,96,pole
/work/mathiamt/SnowPoleDetection/RetinaNet/keras-retinanet/retinanet_data/lidar/images/train/image_154.png,995,74,1001,106,pole
/work/mathiamt/SnowPoleDetection/RetinaNet/keras-retinanet/retinanet_data/lidar/images/train/image_154.png,63,85,70,110,pole
/work/mathiamt/SnowPoleDetection/RetinaNet/keras-retinanet/retinanet_data/lidar/images/train/image_1541.png,442,80,447,95,pole
/work/mathiamt/SnowPoleDetection/RetinaNet/keras-retinanet/retinanet_data/lidar/images/train/image_1541.png,984,86,989,104,pole
/work/mathiamt/SnowPoleDetection/RetinaNet/keras-retinanet/retinanet_data/lidar/images/train/image_1541.png,74,96,78,112,pole
/work/mathiamt/SnowPoleDetection/RetinaNet/keras-retinanet/retinanet_data/lidar/images/train/image_1545.png,390,87,397,128,pole
/work/mathiamt/SnowPoleDetection/RetinaNet/keras-retinanet/retinanet_data/lidar/images/train/image_1545.png,564,69,571,124,pole
/work/mathiamt/SnowPoleDetection/RetinaNet/keras-retinanet/retinanet_data/lidar/images/train/image_1546.png,579,76,589,127,pole
/work/mathiamt/SnowPoleDetection/RetinaNet/keras-retinanet/retinanet_data/lidar/images/train/image_1546.png,363,93,375,128,pole
/work/mathiamt/SnowPoleDetection/RetinaNet/keras-retinanet/retinanet_data/lidar/images/train/image_1547.png,608,82,621,128,pole
/work/mathiamt/SnowPoleDetection/RetinaNet/keras-retinanet/retinanet_data/lidar/images/train/image_1547.png,329,99,340,128,pole
/work/mathiamt/SnowPoleDetection/RetinaNet/keras-retinanet/retinanet_data/lidar/images/train/image_1549.png,241,107,249,128,pole
/work/mathiamt/SnowPoleDetection/RetinaNet/keras-retinanet/retinanet_data/lidar/images/train/image_1549.png,779,104,791,128,pole
/work/mathiamt/SnowPoleDetection/RetinaNet/keras-retinanet/retinanet_data/lidar/images/train/image_155.png,435,78,440,96,pole
/work/mathiamt/SnowPoleDetection/RetinaNet/keras-retinanet/retinanet_data/lidar/images/train/image_155.png,999,75,1004,97,pole
/work/mathiamt/SnowPoleDetection/RetinaNet/keras-retinanet/retinanet_data/lidar/images/train/image_155.png,56,89,60,103,pole
/work/mathiamt/SnowPoleDetection/RetinaNet/keras-retinanet/retinanet_data/lidar/images/train/image_1550.png,875,97,884,128,pole
/work/mathiamt/SnowPoleDetection/RetinaNet/keras-retinanet/retinanet_data/lidar/images/train/image_1550.png,195,109,203,127,pole
/work/mathiamt/SnowPoleDetection/RetinaNet/keras-retinanet/retinanet_data/lidar/images/train/image_1551.png,925,94,936,128,pole
/work/mathiamt/SnowPoleDetection/RetinaNet/keras-retinanet/retinanet_data/lidar/images/train/image_1551.png,155,100,164,128,pole
/work/mathiamt/SnowPoleDetection/RetinaNet/keras-retinanet/retinanet_data/lidar/images/train/image_1552.png,125,99,134,127,pole
/work/mathiamt/SnowPoleDetection/RetinaNet/keras-retinanet/retinanet_data/lidar/images/train/image_1552.png,948,87,959,127,pole
/work/mathiamt/SnowPoleDetection/RetinaNet/keras-retinanet/retinanet_data/lidar/images/train/image_1554.png,541,70,548,88,pole
/work/mathiamt/SnowPoleDetection/RetinaNet/keras-retinanet/retinanet_data/lidar/images/train/image_1554.png,973,80,983,121,pole
/work/mathiamt/SnowPoleDetection/RetinaNet/keras-retinanet/retinanet_data/lidar/images/train/image_1554.png,86,93,94,119,pole
/work/mathiamt/SnowPoleDetection/RetinaNet/keras-retinanet/retinanet_data/lidar/images/train/image_1555.png,548,68,559,120,pole
/work/mathiamt/SnowPoleDetection/RetinaNet/keras-retinanet/retinanet_data/lidar/images/train/image_1555.png,74,89,81,113,pole
/work/mathiamt/SnowPoleDetection/RetinaNet/keras-retinanet/retinanet_data/lidar/images/train/image_1555.png,981,84,987,104,pole
/work/mathiamt/SnowPoleDetection/RetinaNet/keras-retinanet/retinanet_data/lidar/images/train/image_1558.png,609,70,621,128,pole
/work/mathiamt/SnowPoleDetection/RetinaNet/keras-retinanet/retinanet_data/lidar/images/train/image_1559.png,686,78,698,128,pole
/work/mathiamt/SnowPoleDetection/RetinaNet/keras-retinanet/retinanet_data/lidar/images/train/image_1560.png,824,81,836,128,pole
/work/mathiamt/SnowPoleDetection/RetinaNet/keras-retinanet/retinanet_data/lidar/images/train/image_1562.png,944,67,956,126,pole
/work/mathiamt/SnowPoleDetection/RetinaNet/keras-retinanet/retinanet_data/lidar/images/train/image_1563.png,963,78,971,115,pole
/work/mathiamt/SnowPoleDetection/RetinaNet/keras-retinanet/retinanet_data/lidar/images/train/image_1564.png,973,85,985,128,pole
/work/mathiamt/SnowPoleDetection/RetinaNet/keras-retinanet/retinanet_data/lidar/images/train/image_1568.png,435,83,441,98,pole
/work/mathiamt/SnowPoleDetection/RetinaNet/keras-retinanet/retinanet_data/lidar/images/train/image_1568.png,541,68,547,90,pole
/work/mathiamt/SnowPoleDetection/RetinaNet/keras-retinanet/retinanet_data/lidar/images/train/image_1569.png,425,84,433,110,pole
/work/mathiamt/SnowPoleDetection/RetinaNet/keras-retinanet/retinanet_data/lidar/images/train/image_1569.png,547,76,554,95,pole
/work/mathiamt/SnowPoleDetection/RetinaNet/keras-retinanet/retinanet_data/lidar/images/train/image_157.png,405,86,411,107,pole
/work/mathiamt/SnowPoleDetection/RetinaNet/keras-retinanet/retinanet_data/lidar/images/train/image_157.png,551,72,557,103,pole
/work/mathiamt/SnowPoleDetection/RetinaNet/keras-retinanet/retinanet_data/lidar/images/train/image_1570.png,553,67,563,122,pole
/work/mathiamt/SnowPoleDetection/RetinaNet/keras-retinanet/retinanet_data/lidar/images/train/image_1570.png,411,79,420,113,pole
/work/mathiamt/SnowPoleDetection/RetinaNet/keras-retinanet/retinanet_data/lidar/images/train/image_1571.png,565,74,577,126,pole
/work/mathiamt/SnowPoleDetection/RetinaNet/keras-retinanet/retinanet_data/lidar/images/train/image_1571.png,393,87,404,125,pole
/work/mathiamt/SnowPoleDetection/RetinaNet/keras-retinanet/retinanet_data/lidar/images/train/image_1572.png,588,77,596,128,pole
/work/mathiamt/SnowPoleDetection/RetinaNet/keras-retinanet/retinanet_data/lidar/images/train/image_1572.png,370,97,378,128,pole
/work/mathiamt/SnowPoleDetection/RetinaNet/keras-retinanet/retinanet_data/lidar/images/train/image_1573.png,625,86,635,127,pole
/work/mathiamt/SnowPoleDetection/RetinaNet/keras-retinanet/retinanet_data/lidar/images/train/image_1573.png,337,100,349,128,pole
/work/mathiamt/SnowPoleDetection/RetinaNet/keras-retinanet/retinanet_data/lidar/images/train/image_1574.png,707,99,714,128,pole
/work/mathiamt/SnowPoleDetection/RetinaNet/keras-retinanet/retinanet_data/lidar/images/train/image_1574.png,298,103,306,128,pole
/work/mathiamt/SnowPoleDetection/RetinaNet/keras-retinanet/retinanet_data/lidar/images/train/image_1576.png,900,86,908,127,pole
/work/mathiamt/SnowPoleDetection/RetinaNet/keras-retinanet/retinanet_data/lidar/images/train/image_1576.png,203,107,211,128,pole
/work/mathiamt/SnowPoleDetection/RetinaNet/keras-retinanet/retinanet_data/lidar/images/train/image_1577.png,936,76,947,128,pole
/work/mathiamt/SnowPoleDetection/RetinaNet/keras-retinanet/retinanet_data/lidar/images/train/image_1577.png,162,112,172,128,pole
/work/mathiamt/SnowPoleDetection/RetinaNet/keras-retinanet/retinanet_data/lidar/images/train/image_1578.png,957,86,965,128,pole
/work/mathiamt/SnowPoleDetection/RetinaNet/keras-retinanet/retinanet_data/lidar/images/train/image_1578.png,132,105,141,127,pole
/work/mathiamt/SnowPoleDetection/RetinaNet/keras-retinanet/retinanet_data/lidar/images/train/image_1579.png,107,91,115,127,pole
/work/mathiamt/SnowPoleDetection/RetinaNet/keras-retinanet/retinanet_data/lidar/images/train/image_1579.png,969,82,979,128,pole
/work/mathiamt/SnowPoleDetection/RetinaNet/keras-retinanet/retinanet_data/lidar/images/train/image_158.png,378,81,388,127,pole
/work/mathiamt/SnowPoleDetection/RetinaNet/keras-retinanet/retinanet_data/lidar/images/train/image_158.png,566,77,573,128,pole
/work/mathiamt/SnowPoleDetection/RetinaNet/keras-retinanet/retinanet_data/lidar/images/train/image_1580.png,978,81,984,110,pole
/work/mathiamt/SnowPoleDetection/RetinaNet/keras-retinanet/retinanet_data/lidar/images/train/image_1580.png,90,93,97,119,pole
/work/mathiamt/SnowPoleDetection/RetinaNet/keras-retinanet/retinanet_data/lidar/images/train/image_1580.png,452,75,457,93,pole
/work/mathiamt/SnowPoleDetection/RetinaNet/keras-retinanet/retinanet_data/lidar/images/train/image_1581.png,446,77,452,94,pole
/work/mathiamt/SnowPoleDetection/RetinaNet/keras-retinanet/retinanet_data/lidar/images/train/image_1581.png,984,87,990,105,pole
/work/mathiamt/SnowPoleDetection/RetinaNet/keras-retinanet/retinanet_data/lidar/images/train/image_1584.png,412,86,417,113,pole
/work/mathiamt/SnowPoleDetection/RetinaNet/keras-retinanet/retinanet_data/lidar/images/train/image_1584.png,417,86,423,113,pole
/work/mathiamt/SnowPoleDetection/RetinaNet/keras-retinanet/retinanet_data/lidar/images/train/image_1584.png,556,71,563,102,pole
/work/mathiamt/SnowPoleDetection/RetinaNet/keras-retinanet/retinanet_data/lidar/images/train/image_1585.png,568,81,576,124,pole
/work/mathiamt/SnowPoleDetection/RetinaNet/keras-retinanet/retinanet_data/lidar/images/train/image_1585.png,399,79,406,123,pole
/work/mathiamt/SnowPoleDetection/RetinaNet/keras-retinanet/retinanet_data/lidar/images/train/image_1586.png,376,91,384,128,pole
/work/mathiamt/SnowPoleDetection/RetinaNet/keras-retinanet/retinanet_data/lidar/images/train/image_1586.png,588,76,601,128,pole
/work/mathiamt/SnowPoleDetection/RetinaNet/keras-retinanet/retinanet_data/lidar/images/train/image_1587.png,624,84,635,128,pole
/work/mathiamt/SnowPoleDetection/RetinaNet/keras-retinanet/retinanet_data/lidar/images/train/image_1587.png,343,98,354,128,pole
/work/mathiamt/SnowPoleDetection/RetinaNet/keras-retinanet/retinanet_data/lidar/images/train/image_1588.png,304,101,313,128,pole
/work/mathiamt/SnowPoleDetection/RetinaNet/keras-retinanet/retinanet_data/lidar/images/train/image_1588.png,695,98,705,127,pole
/work/mathiamt/SnowPoleDetection/RetinaNet/keras-retinanet/retinanet_data/lidar/images/train/image_1589.png,804,103,812,128,pole
/work/mathiamt/SnowPoleDetection/RetinaNet/keras-retinanet/retinanet_data/lidar/images/train/image_1589.png,252,112,259,128,pole
/work/mathiamt/SnowPoleDetection/RetinaNet/keras-retinanet/retinanet_data/lidar/images/train/image_159.png,590,82,599,127,pole
/work/mathiamt/SnowPoleDetection/RetinaNet/keras-retinanet/retinanet_data/lidar/images/train/image_159.png,342,97,351,128,pole
/work/mathiamt/SnowPoleDetection/RetinaNet/keras-retinanet/retinanet_data/lidar/images/train/image_1591.png,930,79,938,128,pole
/work/mathiamt/SnowPoleDetection/RetinaNet/keras-retinanet/retinanet_data/lidar/images/train/image_1592.png,952,89,959,121,pole
/work/mathiamt/SnowPoleDetection/RetinaNet/keras-retinanet/retinanet_data/lidar/images/train/image_1592.png,132,99,140,128,pole
/work/mathiamt/SnowPoleDetection/RetinaNet/keras-retinanet/retinanet_data/lidar/images/train/image_1594.png,975,88,982,110,pole
/work/mathiamt/SnowPoleDetection/RetinaNet/keras-retinanet/retinanet_data/lidar/images/train/image_1594.png,89,87,96,122,pole
/work/mathiamt/SnowPoleDetection/RetinaNet/keras-retinanet/retinanet_data/lidar/images/train/image_1595.png,445,78,451,98,pole
/work/mathiamt/SnowPoleDetection/RetinaNet/keras-retinanet/retinanet_data/lidar/images/train/image_1596.png,438,80,443,98,pole
/work/mathiamt/SnowPoleDetection/RetinaNet/keras-retinanet/retinanet_data/lidar/images/train/image_1596.png,542,71,547,98,pole
/work/mathiamt/SnowPoleDetection/RetinaNet/keras-retinanet/retinanet_data/lidar/images/train/image_1597.png,429,82,434,109,pole
/work/mathiamt/SnowPoleDetection/RetinaNet/keras-retinanet/retinanet_data/lidar/images/train/image_1597.png,547,73,552,98,pole
/work/mathiamt/SnowPoleDetection/RetinaNet/keras-retinanet/retinanet_data/lidar/images/train/image_1598.png,415,85,422,115,pole
/work/mathiamt/SnowPoleDetection/RetinaNet/keras-retinanet/retinanet_data/lidar/images/train/image_1598.png,414,87,418,115,pole
/work/mathiamt/SnowPoleDetection/RetinaNet/keras-retinanet/retinanet_data/lidar/images/train/image_1598.png,555,76,561,102,pole
/work/mathiamt/SnowPoleDetection/RetinaNet/keras-retinanet/retinanet_data/lidar/images/train/image_160.png,290,92,299,128,pole
/work/mathiamt/SnowPoleDetection/RetinaNet/keras-retinanet/retinanet_data/lidar/images/train/image_160.png,649,97,657,128,pole
/work/mathiamt/SnowPoleDetection/RetinaNet/keras-retinanet/retinanet_data/lidar/images/train/image_1600.png,582,76,594,128,pole
/work/mathiamt/SnowPoleDetection/RetinaNet/keras-retinanet/retinanet_data/lidar/images/train/image_1600.png,374,92,387,128,pole
/work/mathiamt/SnowPoleDetection/RetinaNet/keras-retinanet/retinanet_data/lidar/images/train/image_1601.png,617,84,629,128,pole
/work/mathiamt/SnowPoleDetection/RetinaNet/keras-retinanet/retinanet_data/lidar/images/train/image_1601.png,344,95,353,128,pole
/work/mathiamt/SnowPoleDetection/RetinaNet/keras-retinanet/retinanet_data/lidar/images/train/image_1602.png,684,97,695,128,pole
/work/mathiamt/SnowPoleDetection/RetinaNet/keras-retinanet/retinanet_data/lidar/images/train/image_1602.png,306,102,314,128,pole
/work/mathiamt/SnowPoleDetection/RetinaNet/keras-retinanet/retinanet_data/lidar/images/train/image_1603.png,796,101,808,128,pole
/work/mathiamt/SnowPoleDetection/RetinaNet/keras-retinanet/retinanet_data/lidar/images/train/image_1603.png,258,104,267,128,pole
/work/mathiamt/SnowPoleDetection/RetinaNet/keras-retinanet/retinanet_data/lidar/images/train/image_1604.png,883,94,897,128,pole
/work/mathiamt/SnowPoleDetection/RetinaNet/keras-retinanet/retinanet_data/lidar/images/train/image_1604.png,210,105,218,128,pole
/work/mathiamt/SnowPoleDetection/RetinaNet/keras-retinanet/retinanet_data/lidar/images/train/image_1607.png,109,99,115,128,pole
/work/mathiamt/SnowPoleDetection/RetinaNet/keras-retinanet/retinanet_data/lidar/images/train/image_1607.png,966,86,974,126,pole
/work/mathiamt/SnowPoleDetection/RetinaNet/keras-retinanet/retinanet_data/lidar/images/train/image_1607.png,456,70,462,92,pole
/work/mathiamt/SnowPoleDetection/RetinaNet/keras-retinanet/retinanet_data/lidar/images/train/image_1608.png,452,77,456,93,pole
/work/mathiamt/SnowPoleDetection/RetinaNet/keras-retinanet/retinanet_data/lidar/images/train/image_1608.png,92,90,97,119,pole
/work/mathiamt/SnowPoleDetection/RetinaNet/keras-retinanet/retinanet_data/lidar/images/train/image_1608.png,976,83,981,108,pole
/work/mathiamt/SnowPoleDetection/RetinaNet/keras-retinanet/retinanet_data/lidar/images/train/image_1609.png,443,80,450,102,pole
/work/mathiamt/SnowPoleDetection/RetinaNet/keras-retinanet/retinanet_data/lidar/images/train/image_1609.png,983,85,987,103,pole
/work/mathiamt/SnowPoleDetection/RetinaNet/keras-retinanet/retinanet_data/lidar/images/train/image_1609.png,77,92,84,114,pole
/work/mathiamt/SnowPoleDetection/RetinaNet/keras-retinanet/retinanet_data/lidar/images/train/image_161.png,231,94,242,128,pole
/work/mathiamt/SnowPoleDetection/RetinaNet/keras-retinanet/retinanet_data/lidar/images/train/image_161.png,775,111,786,128,pole
/work/mathiamt/SnowPoleDetection/RetinaNet/keras-retinanet/retinanet_data/lidar/images/train/image_1610.png,437,82,442,100,pole
/work/mathiamt/SnowPoleDetection/RetinaNet/keras-retinanet/retinanet_data/lidar/images/train/image_1611.png,546,76,553,98,pole
/work/mathiamt/SnowPoleDetection/RetinaNet/keras-retinanet/retinanet_data/lidar/images/train/image_1611.png,427,79,434,105,pole
/work/mathiamt/SnowPoleDetection/RetinaNet/keras-retinanet/retinanet_data/lidar/images/train/image_1612.png,553,70,561,116,pole
/work/mathiamt/SnowPoleDetection/RetinaNet/keras-retinanet/retinanet_data/lidar/images/train/image_1612.png,413,84,422,121,pole
/work/mathiamt/SnowPoleDetection/RetinaNet/keras-retinanet/retinanet_data/lidar/images/train/image_1614.png,582,75,595,126,pole
/work/mathiamt/SnowPoleDetection/RetinaNet/keras-retinanet/retinanet_data/lidar/images/train/image_1614.png,371,89,386,127,pole
/work/mathiamt/SnowPoleDetection/RetinaNet/keras-retinanet/retinanet_data/lidar/images/train/image_1615.png,343,97,353,128,pole
/work/mathiamt/SnowPoleDetection/RetinaNet/keras-retinanet/retinanet_data/lidar/images/train/image_1615.png,616,85,629,127,pole
/work/mathiamt/SnowPoleDetection/RetinaNet/keras-retinanet/retinanet_data/lidar/images/train/image_1617.png,793,104,803,127,pole
/work/mathiamt/SnowPoleDetection/RetinaNet/keras-retinanet/retinanet_data/lidar/images/train/image_1617.png,256,109,264,128,pole
/work/mathiamt/SnowPoleDetection/RetinaNet/keras-retinanet/retinanet_data/lidar/images/train/image_1619.png,166,104,176,128,pole
/work/mathiamt/SnowPoleDetection/RetinaNet/keras-retinanet/retinanet_data/lidar/images/train/image_1619.png,925,88,936,128,pole
/work/mathiamt/SnowPoleDetection/RetinaNet/keras-retinanet/retinanet_data/lidar/images/train/image_162.png,177,91,185,128,pole
/work/mathiamt/SnowPoleDetection/RetinaNet/keras-retinanet/retinanet_data/lidar/images/train/image_162.png,891,100,900,128,pole
/work/mathiamt/SnowPoleDetection/RetinaNet/keras-retinanet/retinanet_data/lidar/images/train/image_1620.png,948,84,961,128,pole
/work/mathiamt/SnowPoleDetection/RetinaNet/keras-retinanet/retinanet_data/lidar/images/train/image_1620.png,133,99,144,128,pole
/work/mathiamt/SnowPoleDetection/RetinaNet/keras-retinanet/retinanet_data/lidar/images/train/image_1626.png,436,82,443,104,pole
/work/mathiamt/SnowPoleDetection/RetinaNet/keras-retinanet/retinanet_data/lidar/images/train/image_1628.png,411,85,421,117,pole
/work/mathiamt/SnowPoleDetection/RetinaNet/keras-retinanet/retinanet_data/lidar/images/train/image_1628.png,558,72,566,115,pole
/work/mathiamt/SnowPoleDetection/RetinaNet/keras-retinanet/retinanet_data/lidar/images/train/image_1629.png,393,85,402,125,pole
/work/mathiamt/SnowPoleDetection/RetinaNet/keras-retinanet/retinanet_data/lidar/images/train/image_1629.png,569,83,579,128,pole
/work/mathiamt/SnowPoleDetection/RetinaNet/keras-retinanet/retinanet_data/lidar/images/train/image_1630.png,590,79,598,128,pole
/work/mathiamt/SnowPoleDetection/RetinaNet/keras-retinanet/retinanet_data/lidar/images/train/image_1630.png,369,93,378,128,pole
/work/mathiamt/SnowPoleDetection/RetinaNet/keras-retinanet/retinanet_data/lidar/images/train/image_1632.png,695,97,703,128,pole
/work/mathiamt/SnowPoleDetection/RetinaNet/keras-retinanet/retinanet_data/lidar/images/train/image_1632.png,294,107,301,128,pole
/work/mathiamt/SnowPoleDetection/RetinaNet/keras-retinanet/retinanet_data/lidar/images/train/image_1634.png,880,97,889,128,pole
/work/mathiamt/SnowPoleDetection/RetinaNet/keras-retinanet/retinanet_data/lidar/images/train/image_1635.png,925,90,936,127,pole
/work/mathiamt/SnowPoleDetection/RetinaNet/keras-retinanet/retinanet_data/lidar/images/train/image_1639.png,449,77,453,98,pole
/work/mathiamt/SnowPoleDetection/RetinaNet/keras-retinanet/retinanet_data/lidar/images/train/image_1639.png,539,69,543,83,pole
/work/mathiamt/SnowPoleDetection/RetinaNet/keras-retinanet/retinanet_data/lidar/images/train/image_1639.png,980,77,985,108,pole
/work/mathiamt/SnowPoleDetection/RetinaNet/keras-retinanet/retinanet_data/lidar/images/train/image_164.png,961,84,970,128,pole
/work/mathiamt/SnowPoleDetection/RetinaNet/keras-retinanet/retinanet_data/lidar/images/train/image_164.png,106,90,111,114,pole
/work/mathiamt/SnowPoleDetection/RetinaNet/keras-retinanet/retinanet_data/lidar/images/train/image_1641.png,429,80,438,103,pole
/work/mathiamt/SnowPoleDetection/RetinaNet/keras-retinanet/retinanet_data/lidar/images/train/image_1641.png,548,72,555,95,pole
/work/mathiamt/SnowPoleDetection/RetinaNet/keras-retinanet/retinanet_data/lidar/images/train/image_1642.png,555,78,563,115,pole
/work/mathiamt/SnowPoleDetection/RetinaNet/keras-retinanet/retinanet_data/lidar/images/train/image_1642.png,418,79,426,111,pole
/work/mathiamt/SnowPoleDetection/RetinaNet/keras-retinanet/retinanet_data/lidar/images/train/image_1643.png,402,87,409,125,pole
/work/mathiamt/SnowPoleDetection/RetinaNet/keras-retinanet/retinanet_data/lidar/images/train/image_1643.png,568,72,576,120,pole
/work/mathiamt/SnowPoleDetection/RetinaNet/keras-retinanet/retinanet_data/lidar/images/train/image_1644.png,588,75,598,128,pole
/work/mathiamt/SnowPoleDetection/RetinaNet/keras-retinanet/retinanet_data/lidar/images/train/image_1644.png,378,91,388,128,pole
/work/mathiamt/SnowPoleDetection/RetinaNet/keras-retinanet/retinanet_data/lidar/images/train/image_1645.png,623,83,634,128,pole
/work/mathiamt/SnowPoleDetection/RetinaNet/keras-retinanet/retinanet_data/lidar/images/train/image_1645.png,348,103,361,128,pole
/work/mathiamt/SnowPoleDetection/RetinaNet/keras-retinanet/retinanet_data/lidar/images/train/image_1646.png,698,95,707,128,pole
/work/mathiamt/SnowPoleDetection/RetinaNet/keras-retinanet/retinanet_data/lidar/images/train/image_1646.png,307,103,317,128,pole
/work/mathiamt/SnowPoleDetection/RetinaNet/keras-retinanet/retinanet_data/lidar/images/train/image_1648.png,889,92,897,127,pole
/work/mathiamt/SnowPoleDetection/RetinaNet/keras-retinanet/retinanet_data/lidar/images/train/image_1649.png,928,87,939,128,pole
/work/mathiamt/SnowPoleDetection/RetinaNet/keras-retinanet/retinanet_data/lidar/images/train/image_1649.png,167,106,174,128,pole
/work/mathiamt/SnowPoleDetection/RetinaNet/keras-retinanet/retinanet_data/lidar/images/train/image_165.png,85,87,92,127,pole
/work/mathiamt/SnowPoleDetection/RetinaNet/keras-retinanet/retinanet_data/lidar/images/train/image_165.png,974,80,981,119,pole
/work/mathiamt/SnowPoleDetection/RetinaNet/keras-retinanet/retinanet_data/lidar/images/train/image_1650.png,952,82,960,127,pole
/work/mathiamt/SnowPoleDetection/RetinaNet/keras-retinanet/retinanet_data/lidar/images/train/image_1650.png,131,100,140,128,pole
/work/mathiamt/SnowPoleDetection/RetinaNet/keras-retinanet/retinanet_data/lidar/images/train/image_1651.png,965,84,974,126,pole
/work/mathiamt/SnowPoleDetection/RetinaNet/keras-retinanet/retinanet_data/lidar/images/train/image_1651.png,107,98,114,128,pole
/work/mathiamt/SnowPoleDetection/RetinaNet/keras-retinanet/retinanet_data/lidar/images/train/image_1652.png,975,84,983,123,pole
/work/mathiamt/SnowPoleDetection/RetinaNet/keras-retinanet/retinanet_data/lidar/images/train/image_1652.png,88,99,95,128,pole
/work/mathiamt/SnowPoleDetection/RetinaNet/keras-retinanet/retinanet_data/lidar/images/train/image_1654.png,444,76,449,98,pole
/work/mathiamt/SnowPoleDetection/RetinaNet/keras-retinanet/retinanet_data/lidar/images/train/image_1654.png,540,68,545,87,pole
/work/mathiamt/SnowPoleDetection/RetinaNet/keras-retinanet/retinanet_data/lidar/images/train/image_1654.png,986,75,992,106,pole
/work/mathiamt/SnowPoleDetection/RetinaNet/keras-retinanet/retinanet_data/lidar/images/train/image_1656.png,421,80,430,111,pole
/work/mathiamt/SnowPoleDetection/RetinaNet/keras-retinanet/retinanet_data/lidar/images/train/image_1656.png,550,74,558,101,pole
/work/mathiamt/SnowPoleDetection/RetinaNet/keras-retinanet/retinanet_data/lidar/images/train/image_1657.png,408,85,416,118,pole
/work/mathiamt/SnowPoleDetection/RetinaNet/keras-retinanet/retinanet_data/lidar/images/train/image_1657.png,561,70,569,117,pole
/work/mathiamt/SnowPoleDetection/RetinaNet/keras-retinanet/retinanet_data/lidar/images/train/image_1658.png,575,73,586,128,pole
/work/mathiamt/SnowPoleDetection/RetinaNet/keras-retinanet/retinanet_data/lidar/images/train/image_1658.png,386,86,398,128,pole
/work/mathiamt/SnowPoleDetection/RetinaNet/keras-retinanet/retinanet_data/lidar/images/train/image_1659.png,605,79,615,128,pole
/work/mathiamt/SnowPoleDetection/RetinaNet/keras-retinanet/retinanet_data/lidar/images/train/image_1659.png,359,93,373,128,pole
/work/mathiamt/SnowPoleDetection/RetinaNet/keras-retinanet/retinanet_data/lidar/images/train/image_166.png,71,89,76,122,pole
/work/mathiamt/SnowPoleDetection/RetinaNet/keras-retinanet/retinanet_data/lidar/images/train/image_166.png,985,78,989,111,pole
/work/mathiamt/SnowPoleDetection/RetinaNet/keras-retinanet/retinanet_data/lidar/images/train/image_166.png,464,71,467,84,pole
/work/mathiamt/SnowPoleDetection/RetinaNet/keras-retinanet/retinanet_data/lidar/images/train/image_1661.png,766,101,775,128,pole
/work/mathiamt/SnowPoleDetection/RetinaNet/keras-retinanet/retinanet_data/lidar/images/train/image_1661.png,280,101,290,128,pole
/work/mathiamt/SnowPoleDetection/RetinaNet/keras-retinanet/retinanet_data/lidar/images/train/image_1662.png,867,97,875,128,pole
/work/mathiamt/SnowPoleDetection/RetinaNet/keras-retinanet/retinanet_data/lidar/images/train/image_1665.png,963,83,970,127,pole
/work/mathiamt/SnowPoleDetection/RetinaNet/keras-retinanet/retinanet_data/lidar/images/train/image_1665.png,116,97,126,128,pole
/work/mathiamt/SnowPoleDetection/RetinaNet/keras-retinanet/retinanet_data/lidar/images/train/image_1666.png,96,94,104,127,pole
/work/mathiamt/SnowPoleDetection/RetinaNet/keras-retinanet/retinanet_data/lidar/images/train/image_1666.png,972,78,981,118,pole
/work/mathiamt/SnowPoleDetection/RetinaNet/keras-retinanet/retinanet_data/lidar/images/train/image_1667.png,980,81,987,113,pole
/work/mathiamt/SnowPoleDetection/RetinaNet/keras-retinanet/retinanet_data/lidar/images/train/image_1667.png,80,90,88,124,pole
/work/mathiamt/SnowPoleDetection/RetinaNet/keras-retinanet/retinanet_data/lidar/images/train/image_1668.png,450,75,456,94,pole
/work/mathiamt/SnowPoleDetection/RetinaNet/keras-retinanet/retinanet_data/lidar/images/train/image_167.png,990,81,996,107,pole
/work/mathiamt/SnowPoleDetection/RetinaNet/keras-retinanet/retinanet_data/lidar/images/train/image_167.png,59,89,65,121,pole
/work/mathiamt/SnowPoleDetection/RetinaNet/keras-retinanet/retinanet_data/lidar/images/train/image_1670.png,436,80,442,100,pole
/work/mathiamt/SnowPoleDetection/RetinaNet/keras-retinanet/retinanet_data/lidar/images/train/image_1670.png,542,74,547,91,pole
/work/mathiamt/SnowPoleDetection/RetinaNet/keras-retinanet/retinanet_data/lidar/images/train/image_1672.png,412,84,419,113,pole
/work/mathiamt/SnowPoleDetection/RetinaNet/keras-retinanet/retinanet_data/lidar/images/train/image_1672.png,557,71,563,112,pole
/work/mathiamt/SnowPoleDetection/RetinaNet/keras-retinanet/retinanet_data/lidar/images/train/image_1674.png,591,79,600,127,pole
/work/mathiamt/SnowPoleDetection/RetinaNet/keras-retinanet/retinanet_data/lidar/images/train/image_1674.png,369,92,377,128,pole
/work/mathiamt/SnowPoleDetection/RetinaNet/keras-retinanet/retinanet_data/lidar/images/train/image_1675.png,637,87,647,128,pole
/work/mathiamt/SnowPoleDetection/RetinaNet/keras-retinanet/retinanet_data/lidar/images/train/image_1675.png,336,95,346,128,pole
/work/mathiamt/SnowPoleDetection/RetinaNet/keras-retinanet/retinanet_data/lidar/images/train/image_1677.png,851,99,859,128,pole
/work/mathiamt/SnowPoleDetection/RetinaNet/keras-retinanet/retinanet_data/lidar/images/train/image_1677.png,248,109,257,128,pole
/work/mathiamt/SnowPoleDetection/RetinaNet/keras-retinanet/retinanet_data/lidar/images/train/image_1678.png,200,106,208,128,pole
/work/mathiamt/SnowPoleDetection/RetinaNet/keras-retinanet/retinanet_data/lidar/images/train/image_1678.png,913,92,923,128,pole
/work/mathiamt/SnowPoleDetection/RetinaNet/keras-retinanet/retinanet_data/lidar/images/train/image_1679.png,946,86,953,128,pole
/work/mathiamt/SnowPoleDetection/RetinaNet/keras-retinanet/retinanet_data/lidar/images/train/image_1679.png,160,104,169,128,pole
/work/mathiamt/SnowPoleDetection/RetinaNet/keras-retinanet/retinanet_data/lidar/images/train/image_168.png,996,81,1001,99,pole
/work/mathiamt/SnowPoleDetection/RetinaNet/keras-retinanet/retinanet_data/lidar/images/train/image_168.png,454,72,459,86,pole
/work/mathiamt/SnowPoleDetection/RetinaNet/keras-retinanet/retinanet_data/lidar/images/train/image_1680.png,962,83,971,124,pole
/work/mathiamt/SnowPoleDetection/RetinaNet/keras-retinanet/retinanet_data/lidar/images/train/image_1680.png,128,99,136,128,pole
/work/mathiamt/SnowPoleDetection/RetinaNet/keras-retinanet/retinanet_data/lidar/images/train/image_1683.png,444,78,450,99,pole
/work/mathiamt/SnowPoleDetection/RetinaNet/keras-retinanet/retinanet_data/lidar/images/train/image_1683.png,539,67,543,89,pole
/work/mathiamt/SnowPoleDetection/RetinaNet/keras-retinanet/retinanet_data/lidar/images/train/image_1683.png,75,85,82,118,pole
/work/mathiamt/SnowPoleDetection/RetinaNet/keras-retinanet/retinanet_data/lidar/images/train/image_1683.png,988,84,991,97,pole
/work/mathiamt/SnowPoleDetection/RetinaNet/keras-retinanet/retinanet_data/lidar/images/train/image_1684.png,435,84,442,100,pole
/work/mathiamt/SnowPoleDetection/RetinaNet/keras-retinanet/retinanet_data/lidar/images/train/image_1684.png,543,72,549,92,pole
/work/mathiamt/SnowPoleDetection/RetinaNet/keras-retinanet/retinanet_data/lidar/images/train/image_1685.png,549,77,556,110,pole
/work/mathiamt/SnowPoleDetection/RetinaNet/keras-retinanet/retinanet_data/lidar/images/train/image_1685.png,425,87,432,103,pole
/work/mathiamt/SnowPoleDetection/RetinaNet/keras-retinanet/retinanet_data/lidar/images/train/image_1686.png,412,86,419,113,pole
/work/mathiamt/SnowPoleDetection/RetinaNet/keras-retinanet/retinanet_data/lidar/images/train/image_1686.png,559,77,565,102,pole
/work/mathiamt/SnowPoleDetection/RetinaNet/keras-retinanet/retinanet_data/lidar/images/train/image_1687.png,571,72,580,128,pole
/work/mathiamt/SnowPoleDetection/RetinaNet/keras-retinanet/retinanet_data/lidar/images/train/image_1687.png,391,90,402,125,pole
/work/mathiamt/SnowPoleDetection/RetinaNet/keras-retinanet/retinanet_data/lidar/images/train/image_1688.png,593,77,604,128,pole
/work/mathiamt/SnowPoleDetection/RetinaNet/keras-retinanet/retinanet_data/lidar/images/train/image_1688.png,368,89,378,128,pole
/work/mathiamt/SnowPoleDetection/RetinaNet/keras-retinanet/retinanet_data/lidar/images/train/image_169.png,449,74,454,88,pole
/work/mathiamt/SnowPoleDetection/RetinaNet/keras-retinanet/retinanet_data/lidar/images/train/image_1691.png,844,98,852,127,pole
/work/mathiamt/SnowPoleDetection/RetinaNet/keras-retinanet/retinanet_data/lidar/images/train/image_1691.png,250,108,257,128,pole
/work/mathiamt/SnowPoleDetection/RetinaNet/keras-retinanet/retinanet_data/lidar/images/train/image_1693.png,941,82,950,125,pole
/work/mathiamt/SnowPoleDetection/RetinaNet/keras-retinanet/retinanet_data/lidar/images/train/image_1694.png,130,97,139,128,pole
/work/mathiamt/SnowPoleDetection/RetinaNet/keras-retinanet/retinanet_data/lidar/images/train/image_1694.png,957,82,969,127,pole
/work/mathiamt/SnowPoleDetection/RetinaNet/keras-retinanet/retinanet_data/lidar/images/train/image_1695.png,970,82,978,116,pole
/work/mathiamt/SnowPoleDetection/RetinaNet/keras-retinanet/retinanet_data/lidar/images/train/image_1695.png,106,101,114,126,pole
/work/mathiamt/SnowPoleDetection/RetinaNet/keras-retinanet/retinanet_data/lidar/images/train/image_1697.png,446,80,451,97,pole
/work/mathiamt/SnowPoleDetection/RetinaNet/keras-retinanet/retinanet_data/lidar/images/train/image_1697.png,983,69,991,101,pole
/work/mathiamt/SnowPoleDetection/RetinaNet/keras-retinanet/retinanet_data/lidar/images/train/image_1699.png,427,77,435,113,pole
/work/mathiamt/SnowPoleDetection/RetinaNet/keras-retinanet/retinanet_data/lidar/images/train/image_1699.png,550,67,556,95,pole
/work/mathiamt/SnowPoleDetection/RetinaNet/keras-retinanet/retinanet_data/lidar/images/train/image_17.png,577,84,590,128,pole
/work/mathiamt/SnowPoleDetection/RetinaNet/keras-retinanet/retinanet_data/lidar/images/train/image_17.png,289,89,303,127,pole
/work/mathiamt/SnowPoleDetection/RetinaNet/keras-retinanet/retinanet_data/lidar/images/train/image_170.png,441,75,446,92,pole
/work/mathiamt/SnowPoleDetection/RetinaNet/keras-retinanet/retinanet_data/lidar/images/train/image_170.png,537,79,540,91,pole
/work/mathiamt/SnowPoleDetection/RetinaNet/keras-retinanet/retinanet_data/lidar/images/train/image_1701.png,569,72,583,122,pole
/work/mathiamt/SnowPoleDetection/RetinaNet/keras-retinanet/retinanet_data/lidar/images/train/image_1701.png,397,84,409,124,pole
/work/mathiamt/SnowPoleDetection/RetinaNet/keras-retinanet/retinanet_data/lidar/images/train/image_1702.png,594,76,604,128,pole
/work/mathiamt/SnowPoleDetection/RetinaNet/keras-retinanet/retinanet_data/lidar/images/train/image_1702.png,373,91,377,128,pole
/work/mathiamt/SnowPoleDetection/RetinaNet/keras-retinanet/retinanet_data/lidar/images/train/image_1702.png,377,89,384,127,pole
/work/mathiamt/SnowPoleDetection/RetinaNet/keras-retinanet/retinanet_data/lidar/images/train/image_1703.png,636,86,648,128,pole
/work/mathiamt/SnowPoleDetection/RetinaNet/keras-retinanet/retinanet_data/lidar/images/train/image_1703.png,345,99,354,128,pole
/work/mathiamt/SnowPoleDetection/RetinaNet/keras-retinanet/retinanet_data/lidar/images/train/image_1706.png,902,92,912,127,pole
/work/mathiamt/SnowPoleDetection/RetinaNet/keras-retinanet/retinanet_data/lidar/images/train/image_1707.png,937,85,947,128,pole
/work/mathiamt/SnowPoleDetection/RetinaNet/keras-retinanet/retinanet_data/lidar/images/train/image_1707.png,167,105,174,128,pole
/work/mathiamt/SnowPoleDetection/RetinaNet/keras-retinanet/retinanet_data/lidar/images/train/image_1708.png,956,85,966,127,pole
/work/mathiamt/SnowPoleDetection/RetinaNet/keras-retinanet/retinanet_data/lidar/images/train/image_1708.png,131,102,141,128,pole
/work/mathiamt/SnowPoleDetection/RetinaNet/keras-retinanet/retinanet_data/lidar/images/train/image_171.png,543,80,548,102,pole
/work/mathiamt/SnowPoleDetection/RetinaNet/keras-retinanet/retinanet_data/lidar/images/train/image_171.png,430,77,438,100,pole
/work/mathiamt/SnowPoleDetection/RetinaNet/keras-retinanet/retinanet_data/lidar/images/train/image_1714.png,438,80,443,102,pole
/work/mathiamt/SnowPoleDetection/RetinaNet/keras-retinanet/retinanet_data/lidar/images/train/image_1714.png,549,73,552,90,pole
/work/mathiamt/SnowPoleDetection/RetinaNet/keras-retinanet/retinanet_data/lidar/images/train/image_1716.png,411,86,421,119,pole
/work/mathiamt/SnowPoleDetection/RetinaNet/keras-retinanet/retinanet_data/lidar/images/train/image_1716.png,563,76,574,116,pole
/work/mathiamt/SnowPoleDetection/RetinaNet/keras-retinanet/retinanet_data/lidar/images/train/image_1717.png,579,79,591,128,pole
/work/mathiamt/SnowPoleDetection/RetinaNet/keras-retinanet/retinanet_data/lidar/images/train/image_1717.png,396,88,404,128,pole
/work/mathiamt/SnowPoleDetection/RetinaNet/keras-retinanet/retinanet_data/lidar/images/train/image_1718.png,371,94,380,128,pole
/work/mathiamt/SnowPoleDetection/RetinaNet/keras-retinanet/retinanet_data/lidar/images/train/image_1718.png,608,84,619,128,pole
/work/mathiamt/SnowPoleDetection/RetinaNet/keras-retinanet/retinanet_data/lidar/images/train/image_1719.png,661,90,669,128,pole
/work/mathiamt/SnowPoleDetection/RetinaNet/keras-retinanet/retinanet_data/lidar/images/train/image_1719.png,337,102,349,128,pole
/work/mathiamt/SnowPoleDetection/RetinaNet/keras-retinanet/retinanet_data/lidar/images/train/image_172.png,414,83,420,108,pole
/work/mathiamt/SnowPoleDetection/RetinaNet/keras-retinanet/retinanet_data/lidar/images/train/image_172.png,418,81,425,109,pole
/work/mathiamt/SnowPoleDetection/RetinaNet/keras-retinanet/retinanet_data/lidar/images/train/image_172.png,553,82,558,111,pole
/work/mathiamt/SnowPoleDetection/RetinaNet/keras-retinanet/retinanet_data/lidar/images/train/image_1721.png,248,106,255,128,pole
/work/mathiamt/SnowPoleDetection/RetinaNet/keras-retinanet/retinanet_data/lidar/images/train/image_1721.png,848,104,857,128,pole
/work/mathiamt/SnowPoleDetection/RetinaNet/keras-retinanet/retinanet_data/lidar/images/train/image_1723.png,939,81,947,123,pole
/work/mathiamt/SnowPoleDetection/RetinaNet/keras-retinanet/retinanet_data/lidar/images/train/image_1723.png,158,107,166,128,pole
/work/mathiamt/SnowPoleDetection/RetinaNet/keras-retinanet/retinanet_data/lidar/images/train/image_1725.png,103,95,110,128,pole
/work/mathiamt/SnowPoleDetection/RetinaNet/keras-retinanet/retinanet_data/lidar/images/train/image_1725.png,968,84,974,109,pole
/work/mathiamt/SnowPoleDetection/RetinaNet/keras-retinanet/retinanet_data/lidar/images/train/image_1726.png,85,89,93,124,pole
/work/mathiamt/SnowPoleDetection/RetinaNet/keras-retinanet/retinanet_data/lidar/images/train/image_1726.png,976,81,981,105,pole
/work/mathiamt/SnowPoleDetection/RetinaNet/keras-retinanet/retinanet_data/lidar/images/train/image_1727.png,458,71,463,87,pole
/work/mathiamt/SnowPoleDetection/RetinaNet/keras-retinanet/retinanet_data/lidar/images/train/image_1727.png,983,86,987,104,pole
/work/mathiamt/SnowPoleDetection/RetinaNet/keras-retinanet/retinanet_data/lidar/images/train/image_1728.png,453,74,458,91,pole
/work/mathiamt/SnowPoleDetection/RetinaNet/keras-retinanet/retinanet_data/lidar/images/train/image_1728.png,988,87,992,100,pole
/work/mathiamt/SnowPoleDetection/RetinaNet/keras-retinanet/retinanet_data/lidar/images/train/image_1730.png,437,73,444,107,pole
/work/mathiamt/SnowPoleDetection/RetinaNet/keras-retinanet/retinanet_data/lidar/images/train/image_1730.png,536,63,542,86,pole
/work/mathiamt/SnowPoleDetection/RetinaNet/keras-retinanet/retinanet_data/lidar/images/train/image_1732.png,413,75,421,123,pole
/work/mathiamt/SnowPoleDetection/RetinaNet/keras-retinanet/retinanet_data/lidar/images/train/image_1732.png,548,63,555,102,pole
/work/mathiamt/SnowPoleDetection/RetinaNet/keras-retinanet/retinanet_data/lidar/images/train/image_1733.png,392,80,404,117,pole
/work/mathiamt/SnowPoleDetection/RetinaNet/keras-retinanet/retinanet_data/lidar/images/train/image_1733.png,556,61,565,109,pole
/work/mathiamt/SnowPoleDetection/RetinaNet/keras-retinanet/retinanet_data/lidar/images/train/image_1734.png,367,88,377,128,pole
/work/mathiamt/SnowPoleDetection/RetinaNet/keras-retinanet/retinanet_data/lidar/images/train/image_1734.png,574,61,582,128,pole
/work/mathiamt/SnowPoleDetection/RetinaNet/keras-retinanet/retinanet_data/lidar/images/train/image_1735.png,602,66,612,128,pole
/work/mathiamt/SnowPoleDetection/RetinaNet/keras-retinanet/retinanet_data/lidar/images/train/image_1735.png,334,99,337,128,pole
/work/mathiamt/SnowPoleDetection/RetinaNet/keras-retinanet/retinanet_data/lidar/images/train/image_1735.png,336,99,342,128,pole
/work/mathiamt/SnowPoleDetection/RetinaNet/keras-retinanet/retinanet_data/lidar/images/train/image_1736.png,288,93,298,128,pole
/work/mathiamt/SnowPoleDetection/RetinaNet/keras-retinanet/retinanet_data/lidar/images/train/image_1736.png,663,69,674,128,pole
/work/mathiamt/SnowPoleDetection/RetinaNet/keras-retinanet/retinanet_data/lidar/images/train/image_1738.png,888,74,898,127,pole
/work/mathiamt/SnowPoleDetection/RetinaNet/keras-retinanet/retinanet_data/lidar/images/train/image_1738.png,185,102,195,128,pole
/work/mathiamt/SnowPoleDetection/RetinaNet/keras-retinanet/retinanet_data/lidar/images/train/image_1739.png,934,73,943,128,pole
/work/mathiamt/SnowPoleDetection/RetinaNet/keras-retinanet/retinanet_data/lidar/images/train/image_1739.png,147,101,157,128,pole
/work/mathiamt/SnowPoleDetection/RetinaNet/keras-retinanet/retinanet_data/lidar/images/train/image_1741.png,96,93,104,122,pole
/work/mathiamt/SnowPoleDetection/RetinaNet/keras-retinanet/retinanet_data/lidar/images/train/image_1741.png,970,70,976,111,pole
/work/mathiamt/SnowPoleDetection/RetinaNet/keras-retinanet/retinanet_data/lidar/images/train/image_1743.png,985,74,991,97,pole
/work/mathiamt/SnowPoleDetection/RetinaNet/keras-retinanet/retinanet_data/lidar/images/train/image_1743.png,69,93,74,111,pole
/work/mathiamt/SnowPoleDetection/RetinaNet/keras-retinanet/retinanet_data/lidar/images/train/image_1744.png,437,82,442,101,pole
/work/mathiamt/SnowPoleDetection/RetinaNet/keras-retinanet/retinanet_data/lidar/images/train/image_1744.png,990,73,996,97,pole
/work/mathiamt/SnowPoleDetection/RetinaNet/keras-retinanet/retinanet_data/lidar/images/train/image_1744.png,59,87,65,104,pole
/work/mathiamt/SnowPoleDetection/RetinaNet/keras-retinanet/retinanet_data/lidar/images/train/image_1745.png,427,87,432,106,pole
/work/mathiamt/SnowPoleDetection/RetinaNet/keras-retinanet/retinanet_data/lidar/images/train/image_1745.png,53,82,57,103,pole
/work/mathiamt/SnowPoleDetection/RetinaNet/keras-retinanet/retinanet_data/lidar/images/train/image_1746.png,413,89,418,113,pole
/work/mathiamt/SnowPoleDetection/RetinaNet/keras-retinanet/retinanet_data/lidar/images/train/image_1746.png,546,71,551,102,pole
/work/mathiamt/SnowPoleDetection/RetinaNet/keras-retinanet/retinanet_data/lidar/images/train/image_1746.png,48,86,50,101,pole
/work/mathiamt/SnowPoleDetection/RetinaNet/keras-retinanet/retinanet_data/lidar/images/train/image_1747.png,392,95,401,127,pole
/work/mathiamt/SnowPoleDetection/RetinaNet/keras-retinanet/retinanet_data/lidar/images/train/image_1747.png,553,66,559,94,pole
/work/mathiamt/SnowPoleDetection/RetinaNet/keras-retinanet/retinanet_data/lidar/images/train/image_1748.png,564,69,573,124,pole
/work/mathiamt/SnowPoleDetection/RetinaNet/keras-retinanet/retinanet_data/lidar/images/train/image_1748.png,369,97,381,128,pole
/work/mathiamt/SnowPoleDetection/RetinaNet/keras-retinanet/retinanet_data/lidar/images/train/image_175.png,665,103,674,128,pole
/work/mathiamt/SnowPoleDetection/RetinaNet/keras-retinanet/retinanet_data/lidar/images/train/image_175.png,334,91,344,128,pole
/work/mathiamt/SnowPoleDetection/RetinaNet/keras-retinanet/retinanet_data/lidar/images/train/image_1751.png,693,86,702,128,pole
/work/mathiamt/SnowPoleDetection/RetinaNet/keras-retinanet/retinanet_data/lidar/images/train/image_1751.png,250,106,256,128,pole
/work/mathiamt/SnowPoleDetection/RetinaNet/keras-retinanet/retinanet_data/lidar/images/train/image_1752.png,814,91,823,128,pole
/work/mathiamt/SnowPoleDetection/RetinaNet/keras-retinanet/retinanet_data/lidar/images/train/image_1752.png,202,109,208,128,pole
/work/mathiamt/SnowPoleDetection/RetinaNet/keras-retinanet/retinanet_data/lidar/images/train/image_1754.png,937,79,946,128,pole
/work/mathiamt/SnowPoleDetection/RetinaNet/keras-retinanet/retinanet_data/lidar/images/train/image_1754.png,127,103,137,128,pole
/work/mathiamt/SnowPoleDetection/RetinaNet/keras-retinanet/retinanet_data/lidar/images/train/image_1755.png,957,79,966,128,pole
/work/mathiamt/SnowPoleDetection/RetinaNet/keras-retinanet/retinanet_data/lidar/images/train/image_1755.png,104,97,112,128,pole
/work/mathiamt/SnowPoleDetection/RetinaNet/keras-retinanet/retinanet_data/lidar/images/train/image_1756.png,86,94,96,125,pole
/work/mathiamt/SnowPoleDetection/RetinaNet/keras-retinanet/retinanet_data/lidar/images/train/image_1756.png,969,77,980,128,pole
/work/mathiamt/SnowPoleDetection/RetinaNet/keras-retinanet/retinanet_data/lidar/images/train/image_1757.png,979,72,985,115,pole
/work/mathiamt/SnowPoleDetection/RetinaNet/keras-retinanet/retinanet_data/lidar/images/train/image_1757.png,444,84,449,102,pole
/work/mathiamt/SnowPoleDetection/RetinaNet/keras-retinanet/retinanet_data/lidar/images/train/image_1757.png,74,94,81,121,pole
/work/mathiamt/SnowPoleDetection/RetinaNet/keras-retinanet/retinanet_data/lidar/images/train/image_1758.png,436,87,442,105,pole
/work/mathiamt/SnowPoleDetection/RetinaNet/keras-retinanet/retinanet_data/lidar/images/train/image_1758.png,539,71,545,91,pole
/work/mathiamt/SnowPoleDetection/RetinaNet/keras-retinanet/retinanet_data/lidar/images/train/image_1758.png,985,74,992,112,pole
/work/mathiamt/SnowPoleDetection/RetinaNet/keras-retinanet/retinanet_data/lidar/images/train/image_176.png,282,96,292,128,pole
/work/mathiamt/SnowPoleDetection/RetinaNet/keras-retinanet/retinanet_data/lidar/images/train/image_176.png,810,112,821,128,pole
/work/mathiamt/SnowPoleDetection/RetinaNet/keras-retinanet/retinanet_data/lidar/images/train/image_1760.png,410,93,419,124,pole
/work/mathiamt/SnowPoleDetection/RetinaNet/keras-retinanet/retinanet_data/lidar/images/train/image_1760.png,552,80,558,102,pole
/work/mathiamt/SnowPoleDetection/RetinaNet/keras-retinanet/retinanet_data/lidar/images/train/image_1761.png,561,72,568,124,pole
/work/mathiamt/SnowPoleDetection/RetinaNet/keras-retinanet/retinanet_data/lidar/images/train/image_1761.png,391,92,400,128,pole
/work/mathiamt/SnowPoleDetection/RetinaNet/keras-retinanet/retinanet_data/lidar/images/train/image_1762.png,576,80,585,126,pole
/work/mathiamt/SnowPoleDetection/RetinaNet/keras-retinanet/retinanet_data/lidar/images/train/image_1762.png,368,107,375,128,pole
/work/mathiamt/SnowPoleDetection/RetinaNet/keras-retinanet/retinanet_data/lidar/images/train/image_1763.png,603,82,612,128,pole
/work/mathiamt/SnowPoleDetection/RetinaNet/keras-retinanet/retinanet_data/lidar/images/train/image_1764.png,655,93,665,128,pole
/work/mathiamt/SnowPoleDetection/RetinaNet/keras-retinanet/retinanet_data/lidar/images/train/image_1765.png,760,106,769,127,pole
/work/mathiamt/SnowPoleDetection/RetinaNet/keras-retinanet/retinanet_data/lidar/images/train/image_1769.png,962,82,969,128,pole
/work/mathiamt/SnowPoleDetection/RetinaNet/keras-retinanet/retinanet_data/lidar/images/train/image_1769.png,97,101,107,126,pole
/work/mathiamt/SnowPoleDetection/RetinaNet/keras-retinanet/retinanet_data/lidar/images/train/image_177.png,908,99,918,128,pole
/work/mathiamt/SnowPoleDetection/RetinaNet/keras-retinanet/retinanet_data/lidar/images/train/image_1770.png,973,80,980,119,pole
/work/mathiamt/SnowPoleDetection/RetinaNet/keras-retinanet/retinanet_data/lidar/images/train/image_1770.png,84,99,90,127,pole
/work/mathiamt/SnowPoleDetection/RetinaNet/keras-retinanet/retinanet_data/lidar/images/train/image_1771.png,448,78,455,97,pole
/work/mathiamt/SnowPoleDetection/RetinaNet/keras-retinanet/retinanet_data/lidar/images/train/image_1771.png,980,80,986,111,pole
/work/mathiamt/SnowPoleDetection/RetinaNet/keras-retinanet/retinanet_data/lidar/images/train/image_1771.png,71,95,79,123,pole
/work/mathiamt/SnowPoleDetection/RetinaNet/keras-retinanet/retinanet_data/lidar/images/train/image_1772.png,442,80,448,101,pole
/work/mathiamt/SnowPoleDetection/RetinaNet/keras-retinanet/retinanet_data/lidar/images/train/image_1772.png,986,77,992,104,pole
/work/mathiamt/SnowPoleDetection/RetinaNet/keras-retinanet/retinanet_data/lidar/images/train/image_1773.png,433,83,438,108,pole
/work/mathiamt/SnowPoleDetection/RetinaNet/keras-retinanet/retinanet_data/lidar/images/train/image_1773.png,544,75,552,105,pole
/work/mathiamt/SnowPoleDetection/RetinaNet/keras-retinanet/retinanet_data/lidar/images/train/image_1773.png,990,85,995,101,pole
/work/mathiamt/SnowPoleDetection/RetinaNet/keras-retinanet/retinanet_data/lidar/images/train/image_1774.png,551,74,559,114,pole
/work/mathiamt/SnowPoleDetection/RetinaNet/keras-retinanet/retinanet_data/lidar/images/train/image_1774.png,419,89,423,111,pole
/work/mathiamt/SnowPoleDetection/RetinaNet/keras-retinanet/retinanet_data/lidar/images/train/image_1774.png,422,88,429,113,pole
/work/mathiamt/SnowPoleDetection/RetinaNet/keras-retinanet/retinanet_data/lidar/images/train/image_1776.png,383,90,394,127,pole
/work/mathiamt/SnowPoleDetection/RetinaNet/keras-retinanet/retinanet_data/lidar/images/train/image_1776.png,575,80,585,127,pole
/work/mathiamt/SnowPoleDetection/RetinaNet/keras-retinanet/retinanet_data/lidar/images/train/image_1777.png,603,80,611,128,pole
/work/mathiamt/SnowPoleDetection/RetinaNet/keras-retinanet/retinanet_data/lidar/images/train/image_1777.png,360,96,371,128,pole
/work/mathiamt/SnowPoleDetection/RetinaNet/keras-retinanet/retinanet_data/lidar/images/train/image_1779.png,737,101,748,128,pole
/work/mathiamt/SnowPoleDetection/RetinaNet/keras-retinanet/retinanet_data/lidar/images/train/image_1779.png,282,110,288,128,pole
/work/mathiamt/SnowPoleDetection/RetinaNet/keras-retinanet/retinanet_data/lidar/images/train/image_178.png,171,100,179,127,pole
/work/mathiamt/SnowPoleDetection/RetinaNet/keras-retinanet/retinanet_data/lidar/images/train/image_178.png,948,90,955,128,pole
/work/mathiamt/SnowPoleDetection/RetinaNet/keras-retinanet/retinanet_data/lidar/images/train/image_1781.png,905,96,916,127,pole
/work/mathiamt/SnowPoleDetection/RetinaNet/keras-retinanet/retinanet_data/lidar/images/train/image_1782.png,936,88,949,127,pole
/work/mathiamt/SnowPoleDetection/RetinaNet/keras-retinanet/retinanet_data/lidar/images/train/image_1782.png,149,100,156,128,pole
/work/mathiamt/SnowPoleDetection/RetinaNet/keras-retinanet/retinanet_data/lidar/images/train/image_1784.png,99,94,107,128,pole
/work/mathiamt/SnowPoleDetection/RetinaNet/keras-retinanet/retinanet_data/lidar/images/train/image_1784.png,968,84,977,114,pole
/work/mathiamt/SnowPoleDetection/RetinaNet/keras-retinanet/retinanet_data/lidar/images/train/image_1786.png,449,79,453,95,pole
/work/mathiamt/SnowPoleDetection/RetinaNet/keras-retinanet/retinanet_data/lidar/images/train/image_1786.png,71,93,76,119,pole
/work/mathiamt/SnowPoleDetection/RetinaNet/keras-retinanet/retinanet_data/lidar/images/train/image_1787.png,440,79,447,101,pole
/work/mathiamt/SnowPoleDetection/RetinaNet/keras-retinanet/retinanet_data/lidar/images/train/image_1787.png,540,75,546,99,pole
/work/mathiamt/SnowPoleDetection/RetinaNet/keras-retinanet/retinanet_data/lidar/images/train/image_1788.png,546,71,552,99,pole
/work/mathiamt/SnowPoleDetection/RetinaNet/keras-retinanet/retinanet_data/lidar/images/train/image_1788.png,431,82,437,107,pole
/work/mathiamt/SnowPoleDetection/RetinaNet/keras-retinanet/retinanet_data/lidar/images/train/image_179.png,968,99,973,123,pole
/work/mathiamt/SnowPoleDetection/RetinaNet/keras-retinanet/retinanet_data/lidar/images/train/image_179.png,131,102,138,127,pole
/work/mathiamt/SnowPoleDetection/RetinaNet/keras-retinanet/retinanet_data/lidar/images/train/image_1790.png,563,74,574,128,pole
/work/mathiamt/SnowPoleDetection/RetinaNet/keras-retinanet/retinanet_data/lidar/images/train/image_1790.png,398,79,403,128,pole
/work/mathiamt/SnowPoleDetection/RetinaNet/keras-retinanet/retinanet_data/lidar/images/train/image_1790.png,403,80,410,128,pole
/work/mathiamt/SnowPoleDetection/RetinaNet/keras-retinanet/retinanet_data/lidar/images/train/image_1791.png,584,80,594,127,pole
/work/mathiamt/SnowPoleDetection/RetinaNet/keras-retinanet/retinanet_data/lidar/images/train/image_1791.png,378,89,390,127,pole
/work/mathiamt/SnowPoleDetection/RetinaNet/keras-retinanet/retinanet_data/lidar/images/train/image_1792.png,621,88,632,127,pole
/work/mathiamt/SnowPoleDetection/RetinaNet/keras-retinanet/retinanet_data/lidar/images/train/image_1792.png,346,98,360,128,pole
/work/mathiamt/SnowPoleDetection/RetinaNet/keras-retinanet/retinanet_data/lidar/images/train/image_1795.png,902,96,909,128,pole
/work/mathiamt/SnowPoleDetection/RetinaNet/keras-retinanet/retinanet_data/lidar/images/train/image_1796.png,937,84,946,128,pole
/work/mathiamt/SnowPoleDetection/RetinaNet/keras-retinanet/retinanet_data/lidar/images/train/image_1796.png,166,109,174,128,pole
/work/mathiamt/SnowPoleDetection/RetinaNet/keras-retinanet/retinanet_data/lidar/images/train/image_1799.png,979,81,985,106,pole
/work/mathiamt/SnowPoleDetection/RetinaNet/keras-retinanet/retinanet_data/lidar/images/train/image_1799.png,87,93,96,124,pole
/work/mathiamt/SnowPoleDetection/RetinaNet/keras-retinanet/retinanet_data/lidar/images/train/image_18.png,635,97,642,128,pole
/work/mathiamt/SnowPoleDetection/RetinaNet/keras-retinanet/retinanet_data/lidar/images/train/image_18.png,228,94,235,127,pole
/work/mathiamt/SnowPoleDetection/RetinaNet/keras-retinanet/retinanet_data/lidar/images/train/image_180.png,978,83,986,119,pole
/work/mathiamt/SnowPoleDetection/RetinaNet/keras-retinanet/retinanet_data/lidar/images/train/image_180.png,102,93,109,120,pole
/work/mathiamt/SnowPoleDetection/RetinaNet/keras-retinanet/retinanet_data/lidar/images/train/image_1801.png,446,73,451,94,pole
/work/mathiamt/SnowPoleDetection/RetinaNet/keras-retinanet/retinanet_data/lidar/images/train/image_1801.png,64,91,70,113,pole
/work/mathiamt/SnowPoleDetection/RetinaNet/keras-retinanet/retinanet_data/lidar/images/train/image_1801.png,989,80,994,105,pole
/work/mathiamt/SnowPoleDetection/RetinaNet/keras-retinanet/retinanet_data/lidar/images/train/image_1802.png,438,76,443,95,pole
/work/mathiamt/SnowPoleDetection/RetinaNet/keras-retinanet/retinanet_data/lidar/images/train/image_1802.png,55,85,61,110,pole
/work/mathiamt/SnowPoleDetection/RetinaNet/keras-retinanet/retinanet_data/lidar/images/train/image_1804.png,553,79,560,102,pole
/work/mathiamt/SnowPoleDetection/RetinaNet/keras-retinanet/retinanet_data/lidar/images/train/image_1804.png,415,77,421,106,pole
/work/mathiamt/SnowPoleDetection/RetinaNet/keras-retinanet/retinanet_data/lidar/images/train/image_1805.png,565,84,571,113,pole
/work/mathiamt/SnowPoleDetection/RetinaNet/keras-retinanet/retinanet_data/lidar/images/train/image_1805.png,394,83,403,110,pole
/work/mathiamt/SnowPoleDetection/RetinaNet/keras-retinanet/retinanet_data/lidar/images/train/image_1807.png,610,87,621,128,pole
/work/mathiamt/SnowPoleDetection/RetinaNet/keras-retinanet/retinanet_data/lidar/images/train/image_1807.png,342,96,351,127,pole
/work/mathiamt/SnowPoleDetection/RetinaNet/keras-retinanet/retinanet_data/lidar/images/train/image_1808.png,302,106,310,128,pole
/work/mathiamt/SnowPoleDetection/RetinaNet/keras-retinanet/retinanet_data/lidar/images/train/image_1808.png,668,96,678,128,pole
/work/mathiamt/SnowPoleDetection/RetinaNet/keras-retinanet/retinanet_data/lidar/images/train/image_1809.png,255,101,262,128,pole
/work/mathiamt/SnowPoleDetection/RetinaNet/keras-retinanet/retinanet_data/lidar/images/train/image_1809.png,772,112,782,128,pole
/work/mathiamt/SnowPoleDetection/RetinaNet/keras-retinanet/retinanet_data/lidar/images/train/image_1810.png,866,103,879,128,pole
/work/mathiamt/SnowPoleDetection/RetinaNet/keras-retinanet/retinanet_data/lidar/images/train/image_1810.png,204,96,214,127,pole
/work/mathiamt/SnowPoleDetection/RetinaNet/keras-retinanet/retinanet_data/lidar/images/train/image_1813.png,106,90,114,126,pole
/work/mathiamt/SnowPoleDetection/RetinaNet/keras-retinanet/retinanet_data/lidar/images/train/image_1813.png,961,84,970,114,pole
/work/mathiamt/SnowPoleDetection/RetinaNet/keras-retinanet/retinanet_data/lidar/images/train/image_1814.png,972,83,978,107,pole
/work/mathiamt/SnowPoleDetection/RetinaNet/keras-retinanet/retinanet_data/lidar/images/train/image_1814.png,89,91,95,118,pole
/work/mathiamt/SnowPoleDetection/RetinaNet/keras-retinanet/retinanet_data/lidar/images/train/image_1815.png,75,91,81,113,pole
/work/mathiamt/SnowPoleDetection/RetinaNet/keras-retinanet/retinanet_data/lidar/images/train/image_1815.png,980,84,985,104,pole
/work/mathiamt/SnowPoleDetection/RetinaNet/keras-retinanet/retinanet_data/lidar/images/train/image_1816.png,448,73,453,91,pole
/work/mathiamt/SnowPoleDetection/RetinaNet/keras-retinanet/retinanet_data/lidar/images/train/image_1818.png,429,78,436,99,pole
/work/mathiamt/SnowPoleDetection/RetinaNet/keras-retinanet/retinanet_data/lidar/images/train/image_1818.png,541,72,547,95,pole
/work/mathiamt/SnowPoleDetection/RetinaNet/keras-retinanet/retinanet_data/lidar/images/train/image_1819.png,415,79,423,103,pole
/work/mathiamt/SnowPoleDetection/RetinaNet/keras-retinanet/retinanet_data/lidar/images/train/image_1819.png,545,77,551,96,pole
/work/mathiamt/SnowPoleDetection/RetinaNet/keras-retinanet/retinanet_data/lidar/images/train/image_182.png,68,87,76,127,pole
/work/mathiamt/SnowPoleDetection/RetinaNet/keras-retinanet/retinanet_data/lidar/images/train/image_182.png,991,81,999,109,pole
/work/mathiamt/SnowPoleDetection/RetinaNet/keras-retinanet/retinanet_data/lidar/images/train/image_1821.png,562,71,570,104,pole
/work/mathiamt/SnowPoleDetection/RetinaNet/keras-retinanet/retinanet_data/lidar/images/train/image_1821.png,374,82,384,114,pole
/work/mathiamt/SnowPoleDetection/RetinaNet/keras-retinanet/retinanet_data/lidar/images/train/image_1823.png,608,83,616,127,pole
/work/mathiamt/SnowPoleDetection/RetinaNet/keras-retinanet/retinanet_data/lidar/images/train/image_1823.png,309,93,318,127,pole
/work/mathiamt/SnowPoleDetection/RetinaNet/keras-retinanet/retinanet_data/lidar/images/train/image_1824.png,669,97,677,128,pole
/work/mathiamt/SnowPoleDetection/RetinaNet/keras-retinanet/retinanet_data/lidar/images/train/image_1824.png,261,100,270,128,pole
/work/mathiamt/SnowPoleDetection/RetinaNet/keras-retinanet/retinanet_data/lidar/images/train/image_1825.png,784,106,793,128,pole
/work/mathiamt/SnowPoleDetection/RetinaNet/keras-retinanet/retinanet_data/lidar/images/train/image_1825.png,214,97,221,128,pole
/work/mathiamt/SnowPoleDetection/RetinaNet/keras-retinanet/retinanet_data/lidar/images/train/image_1826.png,880,97,889,128,pole
/work/mathiamt/SnowPoleDetection/RetinaNet/keras-retinanet/retinanet_data/lidar/images/train/image_1826.png,172,97,179,128,pole
/work/mathiamt/SnowPoleDetection/RetinaNet/keras-retinanet/retinanet_data/lidar/images/train/image_1827.png,928,90,938,128,pole
/work/mathiamt/SnowPoleDetection/RetinaNet/keras-retinanet/retinanet_data/lidar/images/train/image_1827.png,137,96,144,125,pole
/work/mathiamt/SnowPoleDetection/RetinaNet/keras-retinanet/retinanet_data/lidar/images/train/image_1828.png,111,91,118,128,pole
/work/mathiamt/SnowPoleDetection/RetinaNet/keras-retinanet/retinanet_data/lidar/images/train/image_1828.png,952,86,959,121,pole
/work/mathiamt/SnowPoleDetection/RetinaNet/keras-retinanet/retinanet_data/lidar/images/train/image_183.png,456,71,461,91,pole
/work/mathiamt/SnowPoleDetection/RetinaNet/keras-retinanet/retinanet_data/lidar/images/train/image_183.png,60,89,65,109,pole
/work/mathiamt/SnowPoleDetection/RetinaNet/keras-retinanet/retinanet_data/lidar/images/train/image_183.png,997,81,1002,98,pole
/work/mathiamt/SnowPoleDetection/RetinaNet/keras-retinanet/retinanet_data/lidar/images/train/image_1831.png,440,76,446,96,pole
/work/mathiamt/SnowPoleDetection/RetinaNet/keras-retinanet/retinanet_data/lidar/images/train/image_1831.png,982,78,987,96,pole
/work/mathiamt/SnowPoleDetection/RetinaNet/keras-retinanet/retinanet_data/lidar/images/train/image_1832.png,987,80,992,109,pole
/work/mathiamt/SnowPoleDetection/RetinaNet/keras-retinanet/retinanet_data/lidar/images/train/image_1832.png,430,78,437,105,pole
/work/mathiamt/SnowPoleDetection/RetinaNet/keras-retinanet/retinanet_data/lidar/images/train/image_1832.png,58,84,63,107,pole
/work/mathiamt/SnowPoleDetection/RetinaNet/keras-retinanet/retinanet_data/lidar/images/train/image_1833.png,417,83,424,106,pole
/work/mathiamt/SnowPoleDetection/RetinaNet/keras-retinanet/retinanet_data/lidar/images/train/image_1834.png,396,76,407,113,pole
/work/mathiamt/SnowPoleDetection/RetinaNet/keras-retinanet/retinanet_data/lidar/images/train/image_1834.png,550,66,557,110,pole
/work/mathiamt/SnowPoleDetection/RetinaNet/keras-retinanet/retinanet_data/lidar/images/train/image_1835.png,560,70,566,116,pole
/work/mathiamt/SnowPoleDetection/RetinaNet/keras-retinanet/retinanet_data/lidar/images/train/image_1835.png,375,82,384,128,pole
/work/mathiamt/SnowPoleDetection/RetinaNet/keras-retinanet/retinanet_data/lidar/images/train/image_1835.png,42,86,45,99,pole
/work/mathiamt/SnowPoleDetection/RetinaNet/keras-retinanet/retinanet_data/lidar/images/train/image_1836.png,345,88,355,128,pole
/work/mathiamt/SnowPoleDetection/RetinaNet/keras-retinanet/retinanet_data/lidar/images/train/image_1836.png,575,80,584,122,pole
/work/mathiamt/SnowPoleDetection/RetinaNet/keras-retinanet/retinanet_data/lidar/images/train/image_1837.png,603,85,613,128,pole
/work/mathiamt/SnowPoleDetection/RetinaNet/keras-retinanet/retinanet_data/lidar/images/train/image_1837.png,307,92,314,127,pole
/work/mathiamt/SnowPoleDetection/RetinaNet/keras-retinanet/retinanet_data/lidar/images/train/image_184.png,448,75,456,97,pole
/work/mathiamt/SnowPoleDetection/RetinaNet/keras-retinanet/retinanet_data/lidar/images/train/image_184.png,1001,78,1005,93,pole
/work/mathiamt/SnowPoleDetection/RetinaNet/keras-retinanet/retinanet_data/lidar/images/train/image_1840.png,886,101,896,128,pole
/work/mathiamt/SnowPoleDetection/RetinaNet/keras-retinanet/retinanet_data/lidar/images/train/image_1840.png,166,96,174,128,pole
/work/mathiamt/SnowPoleDetection/RetinaNet/keras-retinanet/retinanet_data/lidar/images/train/image_1841.png,930,88,941,128,pole
/work/mathiamt/SnowPoleDetection/RetinaNet/keras-retinanet/retinanet_data/lidar/images/train/image_1841.png,131,93,140,123,pole
/work/mathiamt/SnowPoleDetection/RetinaNet/keras-retinanet/retinanet_data/lidar/images/train/image_1844.png,976,79,983,114,pole
/work/mathiamt/SnowPoleDetection/RetinaNet/keras-retinanet/retinanet_data/lidar/images/train/image_1844.png,74,88,81,117,pole
/work/mathiamt/SnowPoleDetection/RetinaNet/keras-retinanet/retinanet_data/lidar/images/train/image_1845.png,450,72,454,86,pole
/work/mathiamt/SnowPoleDetection/RetinaNet/keras-retinanet/retinanet_data/lidar/images/train/image_1845.png,983,78,989,103,pole
/work/mathiamt/SnowPoleDetection/RetinaNet/keras-retinanet/retinanet_data/lidar/images/train/image_1845.png,539,75,543,84,pole
/work/mathiamt/SnowPoleDetection/RetinaNet/keras-retinanet/retinanet_data/lidar/images/train/image_1846.png,442,74,447,86,pole
/work/mathiamt/SnowPoleDetection/RetinaNet/keras-retinanet/retinanet_data/lidar/images/train/image_1846.png,542,75,548,91,pole
/work/mathiamt/SnowPoleDetection/RetinaNet/keras-retinanet/retinanet_data/lidar/images/train/image_1847.png,432,72,436,93,pole
/work/mathiamt/SnowPoleDetection/RetinaNet/keras-retinanet/retinanet_data/lidar/images/train/image_1847.png,548,68,554,93,pole
/work/mathiamt/SnowPoleDetection/RetinaNet/keras-retinanet/retinanet_data/lidar/images/train/image_1849.png,569,73,573,107,pole
/work/mathiamt/SnowPoleDetection/RetinaNet/keras-retinanet/retinanet_data/lidar/images/train/image_1849.png,572,71,576,107,pole
/work/mathiamt/SnowPoleDetection/RetinaNet/keras-retinanet/retinanet_data/lidar/images/train/image_1849.png,403,81,408,102,pole
/work/mathiamt/SnowPoleDetection/RetinaNet/keras-retinanet/retinanet_data/lidar/images/train/image_1850.png,378,75,386,114,pole
/work/mathiamt/SnowPoleDetection/RetinaNet/keras-retinanet/retinanet_data/lidar/images/train/image_1850.png,589,78,595,127,pole
/work/mathiamt/SnowPoleDetection/RetinaNet/keras-retinanet/retinanet_data/lidar/images/train/image_1850.png,594,79,601,128,pole
/work/mathiamt/SnowPoleDetection/RetinaNet/keras-retinanet/retinanet_data/lidar/images/train/image_1851.png,627,86,635,128,pole
/work/mathiamt/SnowPoleDetection/RetinaNet/keras-retinanet/retinanet_data/lidar/images/train/image_1851.png,639,89,646,127,pole
/work/mathiamt/SnowPoleDetection/RetinaNet/keras-retinanet/retinanet_data/lidar/images/train/image_1851.png,348,88,357,124,pole
/work/mathiamt/SnowPoleDetection/RetinaNet/keras-retinanet/retinanet_data/lidar/images/train/image_1852.png,737,103,744,128,pole
/work/mathiamt/SnowPoleDetection/RetinaNet/keras-retinanet/retinanet_data/lidar/images/train/image_1852.png,715,100,722,128,pole
/work/mathiamt/SnowPoleDetection/RetinaNet/keras-retinanet/retinanet_data/lidar/images/train/image_1852.png,311,90,317,126,pole
/work/mathiamt/SnowPoleDetection/RetinaNet/keras-retinanet/retinanet_data/lidar/images/train/image_1853.png,262,95,268,127,pole
/work/mathiamt/SnowPoleDetection/RetinaNet/keras-retinanet/retinanet_data/lidar/images/train/image_1853.png,838,102,848,128,pole
/work/mathiamt/SnowPoleDetection/RetinaNet/keras-retinanet/retinanet_data/lidar/images/train/image_1853.png,854,101,862,127,pole
/work/mathiamt/SnowPoleDetection/RetinaNet/keras-retinanet/retinanet_data/lidar/images/train/image_1855.png,168,92,175,128,pole
/work/mathiamt/SnowPoleDetection/RetinaNet/keras-retinanet/retinanet_data/lidar/images/train/image_1855.png,944,87,947,111,pole
/work/mathiamt/SnowPoleDetection/RetinaNet/keras-retinanet/retinanet_data/lidar/images/train/image_1855.png,947,91,952,110,pole
/work/mathiamt/SnowPoleDetection/RetinaNet/keras-retinanet/retinanet_data/lidar/images/train/image_1857.png,107,90,116,116,pole
/work/mathiamt/SnowPoleDetection/RetinaNet/keras-retinanet/retinanet_data/lidar/images/train/image_1857.png,970,81,980,118,pole
/work/mathiamt/SnowPoleDetection/RetinaNet/keras-retinanet/retinanet_data/lidar/images/train/image_1863.png,430,72,437,96,pole
/work/mathiamt/SnowPoleDetection/RetinaNet/keras-retinanet/retinanet_data/lidar/images/train/image_1863.png,538,68,542,86,pole
/work/mathiamt/SnowPoleDetection/RetinaNet/keras-retinanet/retinanet_data/lidar/images/train/image_1863.png,995,77,1000,103,pole
/work/mathiamt/SnowPoleDetection/RetinaNet/keras-retinanet/retinanet_data/lidar/images/train/image_1864.png,416,75,425,99,pole
/work/mathiamt/SnowPoleDetection/RetinaNet/keras-retinanet/retinanet_data/lidar/images/train/image_1864.png,543,65,548,94,pole
/work/mathiamt/SnowPoleDetection/RetinaNet/keras-retinanet/retinanet_data/lidar/images/train/image_1864.png,996,79,1003,102,pole
/work/mathiamt/SnowPoleDetection/RetinaNet/keras-retinanet/retinanet_data/lidar/images/train/image_1865.png,549,66,557,96,pole
/work/mathiamt/SnowPoleDetection/RetinaNet/keras-retinanet/retinanet_data/lidar/images/train/image_1865.png,402,77,408,103,pole
/work/mathiamt/SnowPoleDetection/RetinaNet/keras-retinanet/retinanet_data/lidar/images/train/image_1865.png,999,80,1002,95,pole
/work/mathiamt/SnowPoleDetection/RetinaNet/keras-retinanet/retinanet_data/lidar/images/train/image_1866.png,561,70,569,104,pole
/work/mathiamt/SnowPoleDetection/RetinaNet/keras-retinanet/retinanet_data/lidar/images/train/image_1866.png,377,78,386,113,pole
/work/mathiamt/SnowPoleDetection/RetinaNet/keras-retinanet/retinanet_data/lidar/images/train/image_1866.png,999,79,1004,97,pole
/work/mathiamt/SnowPoleDetection/RetinaNet/keras-retinanet/retinanet_data/lidar/images/train/image_1867.png,580,74,592,128,pole
/work/mathiamt/SnowPoleDetection/RetinaNet/keras-retinanet/retinanet_data/lidar/images/train/image_1867.png,347,80,358,128,pole
/work/mathiamt/SnowPoleDetection/RetinaNet/keras-retinanet/retinanet_data/lidar/images/train/image_1867.png,1000,78,1005,92,pole
/work/mathiamt/SnowPoleDetection/RetinaNet/keras-retinanet/retinanet_data/lidar/images/train/image_1868.png,629,79,639,128,pole
/work/mathiamt/SnowPoleDetection/RetinaNet/keras-retinanet/retinanet_data/lidar/images/train/image_1868.png,308,87,318,128,pole
/work/mathiamt/SnowPoleDetection/RetinaNet/keras-retinanet/retinanet_data/lidar/images/train/image_1868.png,1002,78,1006,93,pole
/work/mathiamt/SnowPoleDetection/RetinaNet/keras-retinanet/retinanet_data/lidar/images/train/image_1870.png,887,91,894,128,pole
/work/mathiamt/SnowPoleDetection/RetinaNet/keras-retinanet/retinanet_data/lidar/images/train/image_1870.png,210,91,220,128,pole
/work/mathiamt/SnowPoleDetection/RetinaNet/keras-retinanet/retinanet_data/lidar/images/train/image_1873.png,974,76,980,120,pole
/work/mathiamt/SnowPoleDetection/RetinaNet/keras-retinanet/retinanet_data/lidar/images/train/image_1873.png,107,87,114,123,pole
/work/mathiamt/SnowPoleDetection/RetinaNet/keras-retinanet/retinanet_data/lidar/images/train/image_1874.png,981,76,987,104,pole
/work/mathiamt/SnowPoleDetection/RetinaNet/keras-retinanet/retinanet_data/lidar/images/train/image_1874.png,89,83,95,111,pole
/work/mathiamt/SnowPoleDetection/RetinaNet/keras-retinanet/retinanet_data/lidar/images/train/image_1875.png,988,76,993,104,pole
/work/mathiamt/SnowPoleDetection/RetinaNet/keras-retinanet/retinanet_data/lidar/images/train/image_1875.png,76,81,81,104,pole
/work/mathiamt/SnowPoleDetection/RetinaNet/keras-retinanet/retinanet_data/lidar/images/train/image_1876.png,992,74,997,98,pole
/work/mathiamt/SnowPoleDetection/RetinaNet/keras-retinanet/retinanet_data/lidar/images/train/image_1876.png,65,78,69,96,pole
/work/mathiamt/SnowPoleDetection/RetinaNet/keras-retinanet/retinanet_data/lidar/images/train/image_1877.png,994,81,999,94,pole
/work/mathiamt/SnowPoleDetection/RetinaNet/keras-retinanet/retinanet_data/lidar/images/train/image_1877.png,56,84,60,97,pole
/work/mathiamt/SnowPoleDetection/RetinaNet/keras-retinanet/retinanet_data/lidar/images/train/image_1879.png,577,104,584,127,pole
/work/mathiamt/SnowPoleDetection/RetinaNet/keras-retinanet/retinanet_data/lidar/images/train/image_189.png,587,81,598,128,pole
/work/mathiamt/SnowPoleDetection/RetinaNet/keras-retinanet/retinanet_data/lidar/images/train/image_189.png,362,82,375,128,pole
/work/mathiamt/SnowPoleDetection/RetinaNet/keras-retinanet/retinanet_data/lidar/images/train/image_1898.png,428,71,433,96,pole
/work/mathiamt/SnowPoleDetection/RetinaNet/keras-retinanet/retinanet_data/lidar/images/train/image_1899.png,414,73,421,103,pole
/work/mathiamt/SnowPoleDetection/RetinaNet/keras-retinanet/retinanet_data/lidar/images/train/image_19.png,169,94,178,128,pole
/work/mathiamt/SnowPoleDetection/RetinaNet/keras-retinanet/retinanet_data/lidar/images/train/image_19.png,784,122,796,128,pole
/work/mathiamt/SnowPoleDetection/RetinaNet/keras-retinanet/retinanet_data/lidar/images/train/image_190.png,639,96,647,128,pole
/work/mathiamt/SnowPoleDetection/RetinaNet/keras-retinanet/retinanet_data/lidar/images/train/image_190.png,323,101,333,128,pole
/work/mathiamt/SnowPoleDetection/RetinaNet/keras-retinanet/retinanet_data/lidar/images/train/image_1900.png,396,77,404,113,pole
/work/mathiamt/SnowPoleDetection/RetinaNet/keras-retinanet/retinanet_data/lidar/images/train/image_1902.png,337,81,347,122,pole
/work/mathiamt/SnowPoleDetection/RetinaNet/keras-retinanet/retinanet_data/lidar/images/train/image_1904.png,248,86,258,128,pole
/work/mathiamt/SnowPoleDetection/RetinaNet/keras-retinanet/retinanet_data/lidar/images/train/image_1904.png,548,76,553,97,pole
/work/mathiamt/SnowPoleDetection/RetinaNet/keras-retinanet/retinanet_data/lidar/images/train/image_1906.png,566,75,575,119,pole
/work/mathiamt/SnowPoleDetection/RetinaNet/keras-retinanet/retinanet_data/lidar/images/train/image_1906.png,159,88,167,128,pole
/work/mathiamt/SnowPoleDetection/RetinaNet/keras-retinanet/retinanet_data/lidar/images/train/image_1909.png,721,108,729,127,pole
/work/mathiamt/SnowPoleDetection/RetinaNet/keras-retinanet/retinanet_data/lidar/images/train/image_1909.png,86,82,92,112,pole
/work/mathiamt/SnowPoleDetection/RetinaNet/keras-retinanet/retinanet_data/lidar/images/train/image_1910.png,843,108,851,128,pole
/work/mathiamt/SnowPoleDetection/RetinaNet/keras-retinanet/retinanet_data/lidar/images/train/image_1910.png,74,82,78,106,pole
/work/mathiamt/SnowPoleDetection/RetinaNet/keras-retinanet/retinanet_data/lidar/images/train/image_1911.png,912,97,919,128,pole
/work/mathiamt/SnowPoleDetection/RetinaNet/keras-retinanet/retinanet_data/lidar/images/train/image_1911.png,62,79,68,105,pole
/work/mathiamt/SnowPoleDetection/RetinaNet/keras-retinanet/retinanet_data/lidar/images/train/image_1912.png,944,89,950,128,pole
/work/mathiamt/SnowPoleDetection/RetinaNet/keras-retinanet/retinanet_data/lidar/images/train/image_1912.png,55,79,60,100,pole
/work/mathiamt/SnowPoleDetection/RetinaNet/keras-retinanet/retinanet_data/lidar/images/train/image_1914.png,972,80,979,111,pole
/work/mathiamt/SnowPoleDetection/RetinaNet/keras-retinanet/retinanet_data/lidar/images/train/image_1917.png,427,76,432,96,pole
/work/mathiamt/SnowPoleDetection/RetinaNet/keras-retinanet/retinanet_data/lidar/images/train/image_1917.png,540,75,545,99,pole
/work/mathiamt/SnowPoleDetection/RetinaNet/keras-retinanet/retinanet_data/lidar/images/train/image_1919.png,392,75,400,110,pole
/work/mathiamt/SnowPoleDetection/RetinaNet/keras-retinanet/retinanet_data/lidar/images/train/image_1919.png,552,70,558,106,pole
/work/mathiamt/SnowPoleDetection/RetinaNet/keras-retinanet/retinanet_data/lidar/images/train/image_192.png,876,102,884,128,pole
/work/mathiamt/SnowPoleDetection/RetinaNet/keras-retinanet/retinanet_data/lidar/images/train/image_192.png,211,108,217,127,pole
/work/mathiamt/SnowPoleDetection/RetinaNet/keras-retinanet/retinanet_data/lidar/images/train/image_1920.png,365,79,375,120,pole
/work/mathiamt/SnowPoleDetection/RetinaNet/keras-retinanet/retinanet_data/lidar/images/train/image_1920.png,561,75,570,116,pole
/work/mathiamt/SnowPoleDetection/RetinaNet/keras-retinanet/retinanet_data/lidar/images/train/image_1921.png,579,77,589,124,pole
/work/mathiamt/SnowPoleDetection/RetinaNet/keras-retinanet/retinanet_data/lidar/images/train/image_1921.png,334,84,342,127,pole
/work/mathiamt/SnowPoleDetection/RetinaNet/keras-retinanet/retinanet_data/lidar/images/train/image_1922.png,288,88,299,127,pole
/work/mathiamt/SnowPoleDetection/RetinaNet/keras-retinanet/retinanet_data/lidar/images/train/image_1922.png,615,90,625,127,pole
/work/mathiamt/SnowPoleDetection/RetinaNet/keras-retinanet/retinanet_data/lidar/images/train/image_1923.png,700,109,710,128,pole
/work/mathiamt/SnowPoleDetection/RetinaNet/keras-retinanet/retinanet_data/lidar/images/train/image_1923.png,241,91,250,128,pole
/work/mathiamt/SnowPoleDetection/RetinaNet/keras-retinanet/retinanet_data/lidar/images/train/image_1925.png,153,87,161,128,pole
/work/mathiamt/SnowPoleDetection/RetinaNet/keras-retinanet/retinanet_data/lidar/images/train/image_1925.png,912,97,922,128,pole
/work/mathiamt/SnowPoleDetection/RetinaNet/keras-retinanet/retinanet_data/lidar/images/train/image_1927.png,963,85,971,127,pole
/work/mathiamt/SnowPoleDetection/RetinaNet/keras-retinanet/retinanet_data/lidar/images/train/image_1927.png,100,84,107,117,pole
/work/mathiamt/SnowPoleDetection/RetinaNet/keras-retinanet/retinanet_data/lidar/images/train/image_1928.png,974,81,981,126,pole
/work/mathiamt/SnowPoleDetection/RetinaNet/keras-retinanet/retinanet_data/lidar/images/train/image_1928.png,84,82,89,113,pole
/work/mathiamt/SnowPoleDetection/RetinaNet/keras-retinanet/retinanet_data/lidar/images/train/image_1928.png,547,81,549,100,pole
/work/mathiamt/SnowPoleDetection/RetinaNet/keras-retinanet/retinanet_data/lidar/images/train/image_1929.png,981,81,988,114,pole
/work/mathiamt/SnowPoleDetection/RetinaNet/keras-retinanet/retinanet_data/lidar/images/train/image_1929.png,554,78,559,96,pole
/work/mathiamt/SnowPoleDetection/RetinaNet/keras-retinanet/retinanet_data/lidar/images/train/image_1929.png,71,78,77,108,pole
/work/mathiamt/SnowPoleDetection/RetinaNet/keras-retinanet/retinanet_data/lidar/images/train/image_1930.png,564,72,572,122,pole
/work/mathiamt/SnowPoleDetection/RetinaNet/keras-retinanet/retinanet_data/lidar/images/train/image_1930.png,987,84,992,109,pole
/work/mathiamt/SnowPoleDetection/RetinaNet/keras-retinanet/retinanet_data/lidar/images/train/image_1931.png,584,83,592,128,pole
/work/mathiamt/SnowPoleDetection/RetinaNet/keras-retinanet/retinanet_data/lidar/images/train/image_1933.png,716,111,724,128,pole
/work/mathiamt/SnowPoleDetection/RetinaNet/keras-retinanet/retinanet_data/lidar/images/train/image_1936.png,435,80,441,95,pole
/work/mathiamt/SnowPoleDetection/RetinaNet/keras-retinanet/retinanet_data/lidar/images/train/image_1936.png,541,79,545,96,pole
/work/mathiamt/SnowPoleDetection/RetinaNet/keras-retinanet/retinanet_data/lidar/images/train/image_1936.png,948,89,954,127,pole
/work/mathiamt/SnowPoleDetection/RetinaNet/keras-retinanet/retinanet_data/lidar/images/train/image_1937.png,963,86,971,123,pole
/work/mathiamt/SnowPoleDetection/RetinaNet/keras-retinanet/retinanet_data/lidar/images/train/image_1937.png,423,82,429,105,pole
/work/mathiamt/SnowPoleDetection/RetinaNet/keras-retinanet/retinanet_data/lidar/images/train/image_1938.png,407,79,414,123,pole
/work/mathiamt/SnowPoleDetection/RetinaNet/keras-retinanet/retinanet_data/lidar/images/train/image_1938.png,974,88,980,116,pole
/work/mathiamt/SnowPoleDetection/RetinaNet/keras-retinanet/retinanet_data/lidar/images/train/image_1938.png,556,84,559,107,pole
/work/mathiamt/SnowPoleDetection/RetinaNet/keras-retinanet/retinanet_data/lidar/images/train/image_1939.png,567,86,574,128,pole
/work/mathiamt/SnowPoleDetection/RetinaNet/keras-retinanet/retinanet_data/lidar/images/train/image_1939.png,384,81,390,128,pole
/work/mathiamt/SnowPoleDetection/RetinaNet/keras-retinanet/retinanet_data/lidar/images/train/image_1939.png,388,79,393,126,pole
/work/mathiamt/SnowPoleDetection/RetinaNet/keras-retinanet/retinanet_data/lidar/images/train/image_1939.png,982,91,986,104,pole
/work/mathiamt/SnowPoleDetection/RetinaNet/keras-retinanet/retinanet_data/lidar/images/train/image_194.png,956,85,964,127,pole
/work/mathiamt/SnowPoleDetection/RetinaNet/keras-retinanet/retinanet_data/lidar/images/train/image_194.png,122,99,131,128,pole
/work/mathiamt/SnowPoleDetection/RetinaNet/keras-retinanet/retinanet_data/lidar/images/train/image_1940.png,589,83,598,128,pole
/work/mathiamt/SnowPoleDetection/RetinaNet/keras-retinanet/retinanet_data/lidar/images/train/image_1940.png,355,86,361,128,pole
/work/mathiamt/SnowPoleDetection/RetinaNet/keras-retinanet/retinanet_data/lidar/images/train/image_1940.png,360,88,365,128,pole
/work/mathiamt/SnowPoleDetection/RetinaNet/keras-retinanet/retinanet_data/lidar/images/train/image_1940.png,988,90,991,108,pole
/work/mathiamt/SnowPoleDetection/RetinaNet/keras-retinanet/retinanet_data/lidar/images/train/image_1942.png,262,92,273,128,pole
/work/mathiamt/SnowPoleDetection/RetinaNet/keras-retinanet/retinanet_data/lidar/images/train/image_1942.png,272,92,282,128,pole
/work/mathiamt/SnowPoleDetection/RetinaNet/keras-retinanet/retinanet_data/lidar/images/train/image_1942.png,753,116,761,128,pole
/work/mathiamt/SnowPoleDetection/RetinaNet/keras-retinanet/retinanet_data/lidar/images/train/image_1944.png,167,93,173,127,pole
/work/mathiamt/SnowPoleDetection/RetinaNet/keras-retinanet/retinanet_data/lidar/images/train/image_1944.png,175,95,182,126,pole
/work/mathiamt/SnowPoleDetection/RetinaNet/keras-retinanet/retinanet_data/lidar/images/train/image_1944.png,929,96,938,128,pole
/work/mathiamt/SnowPoleDetection/RetinaNet/keras-retinanet/retinanet_data/lidar/images/train/image_1946.png,104,90,114,125,pole
/work/mathiamt/SnowPoleDetection/RetinaNet/keras-retinanet/retinanet_data/lidar/images/train/image_1946.png,108,85,118,123,pole
/work/mathiamt/SnowPoleDetection/RetinaNet/keras-retinanet/retinanet_data/lidar/images/train/image_1946.png,969,84,977,125,pole
/work/mathiamt/SnowPoleDetection/RetinaNet/keras-retinanet/retinanet_data/lidar/images/train/image_1947.png,448,69,452,88,pole
/work/mathiamt/SnowPoleDetection/RetinaNet/keras-retinanet/retinanet_data/lidar/images/train/image_1947.png,88,87,91,114,pole
/work/mathiamt/SnowPoleDetection/RetinaNet/keras-retinanet/retinanet_data/lidar/images/train/image_1947.png,90,87,96,112,pole
/work/mathiamt/SnowPoleDetection/RetinaNet/keras-retinanet/retinanet_data/lidar/images/train/image_1947.png,979,85,983,113,pole
/work/mathiamt/SnowPoleDetection/RetinaNet/keras-retinanet/retinanet_data/lidar/images/train/image_1949.png,429,74,434,93,pole
/work/mathiamt/SnowPoleDetection/RetinaNet/keras-retinanet/retinanet_data/lidar/images/train/image_1949.png,62,92,70,116,pole
/work/mathiamt/SnowPoleDetection/RetinaNet/keras-retinanet/retinanet_data/lidar/images/train/image_195.png,971,96,978,119,pole
/work/mathiamt/SnowPoleDetection/RetinaNet/keras-retinanet/retinanet_data/lidar/images/train/image_195.png,96,91,103,120,pole
/work/mathiamt/SnowPoleDetection/RetinaNet/keras-retinanet/retinanet_data/lidar/images/train/image_1950.png,415,79,420,98,pole
/work/mathiamt/SnowPoleDetection/RetinaNet/keras-retinanet/retinanet_data/lidar/images/train/image_1950.png,56,88,60,100,pole
/work/mathiamt/SnowPoleDetection/RetinaNet/keras-retinanet/retinanet_data/lidar/images/train/image_1950.png,54,88,57,101,pole
/work/mathiamt/SnowPoleDetection/RetinaNet/keras-retinanet/retinanet_data/lidar/images/train/image_1953.png,637,93,648,127,pole
/work/mathiamt/SnowPoleDetection/RetinaNet/keras-retinanet/retinanet_data/lidar/images/train/image_1953.png,336,85,346,127,pole
/work/mathiamt/SnowPoleDetection/RetinaNet/keras-retinanet/retinanet_data/lidar/images/train/image_1954.png,291,82,302,128,pole
/work/mathiamt/SnowPoleDetection/RetinaNet/keras-retinanet/retinanet_data/lidar/images/train/image_1954.png,737,110,747,128,pole
/work/mathiamt/SnowPoleDetection/RetinaNet/keras-retinanet/retinanet_data/lidar/images/train/image_1957.png,152,87,160,125,pole
/work/mathiamt/SnowPoleDetection/RetinaNet/keras-retinanet/retinanet_data/lidar/images/train/image_1957.png,947,87,956,126,pole
/work/mathiamt/SnowPoleDetection/RetinaNet/keras-retinanet/retinanet_data/lidar/images/train/image_1958.png,122,86,128,127,pole
/work/mathiamt/SnowPoleDetection/RetinaNet/keras-retinanet/retinanet_data/lidar/images/train/image_1958.png,964,86,970,124,pole
/work/mathiamt/SnowPoleDetection/RetinaNet/keras-retinanet/retinanet_data/lidar/images/train/image_1959.png,975,90,980,113,pole
/work/mathiamt/SnowPoleDetection/RetinaNet/keras-retinanet/retinanet_data/lidar/images/train/image_1959.png,99,84,106,122,pole
/work/mathiamt/SnowPoleDetection/RetinaNet/keras-retinanet/retinanet_data/lidar/images/train/image_1960.png,81,84,87,104,pole
/work/mathiamt/SnowPoleDetection/RetinaNet/keras-retinanet/retinanet_data/lidar/images/train/image_1960.png,982,88,986,103,pole
/work/mathiamt/SnowPoleDetection/RetinaNet/keras-retinanet/retinanet_data/lidar/images/train/image_1961.png,448,73,453,84,pole
/work/mathiamt/SnowPoleDetection/RetinaNet/keras-retinanet/retinanet_data/lidar/images/train/image_1961.png,69,78,74,116,pole
/work/mathiamt/SnowPoleDetection/RetinaNet/keras-retinanet/retinanet_data/lidar/images/train/image_1962.png,441,74,445,97,pole
/work/mathiamt/SnowPoleDetection/RetinaNet/keras-retinanet/retinanet_data/lidar/images/train/image_1962.png,58,84,64,103,pole
/work/mathiamt/SnowPoleDetection/RetinaNet/keras-retinanet/retinanet_data/lidar/images/train/image_1965.png,400,75,406,108,pole
/work/mathiamt/SnowPoleDetection/RetinaNet/keras-retinanet/retinanet_data/lidar/images/train/image_1966.png,375,88,382,115,pole
/work/mathiamt/SnowPoleDetection/RetinaNet/keras-retinanet/retinanet_data/lidar/images/train/image_1966.png,590,93,597,128,pole
/work/mathiamt/SnowPoleDetection/RetinaNet/keras-retinanet/retinanet_data/lidar/images/train/image_1967.png,344,98,352,128,pole
/work/mathiamt/SnowPoleDetection/RetinaNet/keras-retinanet/retinanet_data/lidar/images/train/image_1967.png,637,96,643,128,pole
/work/mathiamt/SnowPoleDetection/RetinaNet/keras-retinanet/retinanet_data/lidar/images/train/image_1968.png,735,110,742,127,pole
/work/mathiamt/SnowPoleDetection/RetinaNet/keras-retinanet/retinanet_data/lidar/images/train/image_1968.png,300,109,308,128,pole
/work/mathiamt/SnowPoleDetection/RetinaNet/keras-retinanet/retinanet_data/lidar/images/train/image_1969.png,251,95,260,127,pole
/work/mathiamt/SnowPoleDetection/RetinaNet/keras-retinanet/retinanet_data/lidar/images/train/image_1969.png,855,107,864,127,pole
/work/mathiamt/SnowPoleDetection/RetinaNet/keras-retinanet/retinanet_data/lidar/images/train/image_1970.png,201,91,210,128,pole
/work/mathiamt/SnowPoleDetection/RetinaNet/keras-retinanet/retinanet_data/lidar/images/train/image_1970.png,918,99,926,128,pole
/work/mathiamt/SnowPoleDetection/RetinaNet/keras-retinanet/retinanet_data/lidar/images/train/image_1971.png,159,100,167,128,pole
/work/mathiamt/SnowPoleDetection/RetinaNet/keras-retinanet/retinanet_data/lidar/images/train/image_1971.png,946,89,957,128,pole
/work/mathiamt/SnowPoleDetection/RetinaNet/keras-retinanet/retinanet_data/lidar/images/train/image_1977.png,430,81,435,102,pole
/work/mathiamt/SnowPoleDetection/RetinaNet/keras-retinanet/retinanet_data/lidar/images/train/image_1977.png,54,87,58,104,pole
/work/mathiamt/SnowPoleDetection/RetinaNet/keras-retinanet/retinanet_data/lidar/images/train/image_1977.png,994,82,997,98,pole
/work/mathiamt/SnowPoleDetection/RetinaNet/keras-retinanet/retinanet_data/lidar/images/train/image_1978.png,417,81,422,107,pole
/work/mathiamt/SnowPoleDetection/RetinaNet/keras-retinanet/retinanet_data/lidar/images/train/image_1979.png,399,90,403,106,pole
/work/mathiamt/SnowPoleDetection/RetinaNet/keras-retinanet/retinanet_data/lidar/images/train/image_1979.png,43,81,45,96,pole
/work/mathiamt/SnowPoleDetection/RetinaNet/keras-retinanet/retinanet_data/lidar/images/train/image_1979.png,558,80,564,105,pole
/work/mathiamt/SnowPoleDetection/RetinaNet/keras-retinanet/retinanet_data/lidar/images/train/image_1982.png,669,103,678,128,pole
/work/mathiamt/SnowPoleDetection/RetinaNet/keras-retinanet/retinanet_data/lidar/images/train/image_1982.png,293,92,302,128,pole
/work/mathiamt/SnowPoleDetection/RetinaNet/keras-retinanet/retinanet_data/lidar/images/train/image_1983.png,241,95,251,128,pole
/work/mathiamt/SnowPoleDetection/RetinaNet/keras-retinanet/retinanet_data/lidar/images/train/image_1983.png,803,115,811,128,pole
/work/mathiamt/SnowPoleDetection/RetinaNet/keras-retinanet/retinanet_data/lidar/images/train/image_1985.png,149,93,158,128,pole
/work/mathiamt/SnowPoleDetection/RetinaNet/keras-retinanet/retinanet_data/lidar/images/train/image_1985.png,940,97,949,127,pole
/work/mathiamt/SnowPoleDetection/RetinaNet/keras-retinanet/retinanet_data/lidar/images/train/image_1986.png,119,94,126,117,pole
/work/mathiamt/SnowPoleDetection/RetinaNet/keras-retinanet/retinanet_data/lidar/images/train/image_1986.png,960,87,968,128,pole
/work/mathiamt/SnowPoleDetection/RetinaNet/keras-retinanet/retinanet_data/lidar/images/train/image_1990.png,439,76,444,93,pole
/work/mathiamt/SnowPoleDetection/RetinaNet/keras-retinanet/retinanet_data/lidar/images/train/image_1990.png,58,78,64,111,pole
/work/mathiamt/SnowPoleDetection/RetinaNet/keras-retinanet/retinanet_data/lidar/images/train/image_1991.png,428,79,432,97,pole
/work/mathiamt/SnowPoleDetection/RetinaNet/keras-retinanet/retinanet_data/lidar/images/train/image_1991.png,994,80,997,99,pole
/work/mathiamt/SnowPoleDetection/RetinaNet/keras-retinanet/retinanet_data/lidar/images/train/image_1992.png,414,86,418,105,pole
/work/mathiamt/SnowPoleDetection/RetinaNet/keras-retinanet/retinanet_data/lidar/images/train/image_1992.png,46,86,48,102,pole
/work/mathiamt/SnowPoleDetection/RetinaNet/keras-retinanet/retinanet_data/lidar/images/train/image_1994.png,368,95,374,122,pole
/work/mathiamt/SnowPoleDetection/RetinaNet/keras-retinanet/retinanet_data/lidar/images/train/image_1996.png,671,102,680,127,pole
/work/mathiamt/SnowPoleDetection/RetinaNet/keras-retinanet/retinanet_data/lidar/images/train/image_1996.png,285,92,296,127,pole
/work/mathiamt/SnowPoleDetection/RetinaNet/keras-retinanet/retinanet_data/lidar/images/train/image_1997.png,808,114,815,128,pole
/work/mathiamt/SnowPoleDetection/RetinaNet/keras-retinanet/retinanet_data/lidar/images/train/image_1997.png,234,94,242,128,pole
/work/mathiamt/SnowPoleDetection/RetinaNet/keras-retinanet/retinanet_data/lidar/images/train/image_1998.png,186,94,194,128,pole
/work/mathiamt/SnowPoleDetection/RetinaNet/keras-retinanet/retinanet_data/lidar/images/train/image_1998.png,901,102,911,127,pole
/work/mathiamt/SnowPoleDetection/RetinaNet/keras-retinanet/retinanet_data/lidar/images/train/image_2.png,563,76,570,123,pole
/work/mathiamt/SnowPoleDetection/RetinaNet/keras-retinanet/retinanet_data/lidar/images/train/image_2.png,374,105,383,127,pole
/work/mathiamt/SnowPoleDetection/RetinaNet/keras-retinanet/retinanet_data/lidar/images/train/image_20.png,908,103,917,128,pole
/work/mathiamt/SnowPoleDetection/RetinaNet/keras-retinanet/retinanet_data/lidar/images/train/image_20.png,125,87,135,128,pole
/work/mathiamt/SnowPoleDetection/RetinaNet/keras-retinanet/retinanet_data/lidar/images/train/image_200.png,539,79,543,98,pole
/work/mathiamt/SnowPoleDetection/RetinaNet/keras-retinanet/retinanet_data/lidar/images/train/image_200.png,437,75,443,96,pole
/work/mathiamt/SnowPoleDetection/RetinaNet/keras-retinanet/retinanet_data/lidar/images/train/image_2000.png,961,87,970,128,pole
/work/mathiamt/SnowPoleDetection/RetinaNet/keras-retinanet/retinanet_data/lidar/images/train/image_2000.png,117,103,122,126,pole
/work/mathiamt/SnowPoleDetection/RetinaNet/keras-retinanet/retinanet_data/lidar/images/train/image_2003.png,443,75,448,91,pole
/work/mathiamt/SnowPoleDetection/RetinaNet/keras-retinanet/retinanet_data/lidar/images/train/image_2005.png,424,82,429,101,pole
/work/mathiamt/SnowPoleDetection/RetinaNet/keras-retinanet/retinanet_data/lidar/images/train/image_2006.png,409,83,415,119,pole
/work/mathiamt/SnowPoleDetection/RetinaNet/keras-retinanet/retinanet_data/lidar/images/train/image_2007.png,389,91,395,121,pole
/work/mathiamt/SnowPoleDetection/RetinaNet/keras-retinanet/retinanet_data/lidar/images/train/image_2007.png,557,72,563,100,pole
/work/mathiamt/SnowPoleDetection/RetinaNet/keras-retinanet/retinanet_data/lidar/images/train/image_2009.png,603,86,611,128,pole
/work/mathiamt/SnowPoleDetection/RetinaNet/keras-retinanet/retinanet_data/lidar/images/train/image_2009.png,325,91,333,127,pole
/work/mathiamt/SnowPoleDetection/RetinaNet/keras-retinanet/retinanet_data/lidar/images/train/image_201.png,423,74,432,104,pole
/work/mathiamt/SnowPoleDetection/RetinaNet/keras-retinanet/retinanet_data/lidar/images/train/image_201.png,546,86,552,102,pole
/work/mathiamt/SnowPoleDetection/RetinaNet/keras-retinanet/retinanet_data/lidar/images/train/image_2011.png,230,94,239,128,pole
/work/mathiamt/SnowPoleDetection/RetinaNet/keras-retinanet/retinanet_data/lidar/images/train/image_2011.png,811,113,820,128,pole
/work/mathiamt/SnowPoleDetection/RetinaNet/keras-retinanet/retinanet_data/lidar/images/train/image_2012.png,904,102,913,128,pole
/work/mathiamt/SnowPoleDetection/RetinaNet/keras-retinanet/retinanet_data/lidar/images/train/image_2012.png,182,82,192,127,pole
/work/mathiamt/SnowPoleDetection/RetinaNet/keras-retinanet/retinanet_data/lidar/images/train/image_2013.png,942,92,950,128,pole
/work/mathiamt/SnowPoleDetection/RetinaNet/keras-retinanet/retinanet_data/lidar/images/train/image_2013.png,145,84,153,126,pole
/work/mathiamt/SnowPoleDetection/RetinaNet/keras-retinanet/retinanet_data/lidar/images/train/image_2014.png,962,85,969,127,pole
/work/mathiamt/SnowPoleDetection/RetinaNet/keras-retinanet/retinanet_data/lidar/images/train/image_2014.png,116,100,122,127,pole
/work/mathiamt/SnowPoleDetection/RetinaNet/keras-retinanet/retinanet_data/lidar/images/train/image_2015.png,973,84,980,127,pole
/work/mathiamt/SnowPoleDetection/RetinaNet/keras-retinanet/retinanet_data/lidar/images/train/image_2015.png,94,81,102,127,pole
/work/mathiamt/SnowPoleDetection/RetinaNet/keras-retinanet/retinanet_data/lidar/images/train/image_2019.png,419,84,424,111,pole
/work/mathiamt/SnowPoleDetection/RetinaNet/keras-retinanet/retinanet_data/lidar/images/train/image_2020.png,403,87,409,105,pole
/work/mathiamt/SnowPoleDetection/RetinaNet/keras-retinanet/retinanet_data/lidar/images/train/image_2021.png,383,94,388,117,pole
/work/mathiamt/SnowPoleDetection/RetinaNet/keras-retinanet/retinanet_data/lidar/images/train/image_2021.png,558,86,562,100,pole
/work/mathiamt/SnowPoleDetection/RetinaNet/keras-retinanet/retinanet_data/lidar/images/train/image_2023.png,603,87,610,128,pole
/work/mathiamt/SnowPoleDetection/RetinaNet/keras-retinanet/retinanet_data/lidar/images/train/image_2023.png,319,84,325,127,pole
/work/mathiamt/SnowPoleDetection/RetinaNet/keras-retinanet/retinanet_data/lidar/images/train/image_2024.png,665,103,676,127,pole
/work/mathiamt/SnowPoleDetection/RetinaNet/keras-retinanet/retinanet_data/lidar/images/train/image_2024.png,272,94,282,127,pole
/work/mathiamt/SnowPoleDetection/RetinaNet/keras-retinanet/retinanet_data/lidar/images/train/image_2026.png,180,93,189,128,pole
/work/mathiamt/SnowPoleDetection/RetinaNet/keras-retinanet/retinanet_data/lidar/images/train/image_2026.png,895,102,904,128,pole
/work/mathiamt/SnowPoleDetection/RetinaNet/keras-retinanet/retinanet_data/lidar/images/train/image_203.png,574,72,584,128,pole
/work/mathiamt/SnowPoleDetection/RetinaNet/keras-retinanet/retinanet_data/lidar/images/train/image_203.png,381,83,392,128,pole
/work/mathiamt/SnowPoleDetection/RetinaNet/keras-retinanet/retinanet_data/lidar/images/train/image_2030.png,80,86,89,121,pole
/work/mathiamt/SnowPoleDetection/RetinaNet/keras-retinanet/retinanet_data/lidar/images/train/image_2030.png,448,76,453,97,pole
/work/mathiamt/SnowPoleDetection/RetinaNet/keras-retinanet/retinanet_data/lidar/images/train/image_2031.png,442,76,447,97,pole
/work/mathiamt/SnowPoleDetection/RetinaNet/keras-retinanet/retinanet_data/lidar/images/train/image_2033.png,422,78,428,111,pole
/work/mathiamt/SnowPoleDetection/RetinaNet/keras-retinanet/retinanet_data/lidar/images/train/image_2033.png,540,68,546,88,pole
/work/mathiamt/SnowPoleDetection/RetinaNet/keras-retinanet/retinanet_data/lidar/images/train/image_2035.png,559,80,564,107,pole
/work/mathiamt/SnowPoleDetection/RetinaNet/keras-retinanet/retinanet_data/lidar/images/train/image_2035.png,387,87,395,118,pole
/work/mathiamt/SnowPoleDetection/RetinaNet/keras-retinanet/retinanet_data/lidar/images/train/image_2036.png,573,79,583,127,pole
/work/mathiamt/SnowPoleDetection/RetinaNet/keras-retinanet/retinanet_data/lidar/images/train/image_2036.png,362,89,369,128,pole
/work/mathiamt/SnowPoleDetection/RetinaNet/keras-retinanet/retinanet_data/lidar/images/train/image_2039.png,798,109,808,128,pole
/work/mathiamt/SnowPoleDetection/RetinaNet/keras-retinanet/retinanet_data/lidar/images/train/image_2039.png,232,93,242,127,pole
/work/mathiamt/SnowPoleDetection/RetinaNet/keras-retinanet/retinanet_data/lidar/images/train/image_204.png,345,93,356,128,pole
/work/mathiamt/SnowPoleDetection/RetinaNet/keras-retinanet/retinanet_data/lidar/images/train/image_204.png,615,94,624,127,pole
/work/mathiamt/SnowPoleDetection/RetinaNet/keras-retinanet/retinanet_data/lidar/images/train/image_2043.png,96,89,105,127,pole
/work/mathiamt/SnowPoleDetection/RetinaNet/keras-retinanet/retinanet_data/lidar/images/train/image_2043.png,971,86,979,120,pole
/work/mathiamt/SnowPoleDetection/RetinaNet/keras-retinanet/retinanet_data/lidar/images/train/image_2044.png,980,81,986,113,pole
/work/mathiamt/SnowPoleDetection/RetinaNet/keras-retinanet/retinanet_data/lidar/images/train/image_2044.png,81,89,88,116,pole
/work/mathiamt/SnowPoleDetection/RetinaNet/keras-retinanet/retinanet_data/lidar/images/train/image_2045.png,986,84,992,111,pole
/work/mathiamt/SnowPoleDetection/RetinaNet/keras-retinanet/retinanet_data/lidar/images/train/image_2045.png,72,85,77,110,pole
/work/mathiamt/SnowPoleDetection/RetinaNet/keras-retinanet/retinanet_data/lidar/images/train/image_2047.png,422,80,429,113,pole
/work/mathiamt/SnowPoleDetection/RetinaNet/keras-retinanet/retinanet_data/lidar/images/train/image_2048.png,408,85,415,108,pole
/work/mathiamt/SnowPoleDetection/RetinaNet/keras-retinanet/retinanet_data/lidar/images/train/image_2048.png,554,66,560,90,pole
/work/mathiamt/SnowPoleDetection/RetinaNet/keras-retinanet/retinanet_data/lidar/images/train/image_2049.png,388,89,396,128,pole
/work/mathiamt/SnowPoleDetection/RetinaNet/keras-retinanet/retinanet_data/lidar/images/train/image_2049.png,567,67,573,98,pole
/work/mathiamt/SnowPoleDetection/RetinaNet/keras-retinanet/retinanet_data/lidar/images/train/image_205.png,721,116,727,128,pole
/work/mathiamt/SnowPoleDetection/RetinaNet/keras-retinanet/retinanet_data/lidar/images/train/image_205.png,300,100,308,128,pole
/work/mathiamt/SnowPoleDetection/RetinaNet/keras-retinanet/retinanet_data/lidar/images/train/image_2051.png,617,73,629,128,pole
/work/mathiamt/SnowPoleDetection/RetinaNet/keras-retinanet/retinanet_data/lidar/images/train/image_2051.png,326,91,334,128,pole
/work/mathiamt/SnowPoleDetection/RetinaNet/keras-retinanet/retinanet_data/lidar/images/train/image_2052.png,684,80,696,128,pole
/work/mathiamt/SnowPoleDetection/RetinaNet/keras-retinanet/retinanet_data/lidar/images/train/image_2052.png,279,95,289,128,pole
/work/mathiamt/SnowPoleDetection/RetinaNet/keras-retinanet/retinanet_data/lidar/images/train/image_2053.png,795,87,804,128,pole
/work/mathiamt/SnowPoleDetection/RetinaNet/keras-retinanet/retinanet_data/lidar/images/train/image_2053.png,228,97,239,128,pole
/work/mathiamt/SnowPoleDetection/RetinaNet/keras-retinanet/retinanet_data/lidar/images/train/image_2054.png,181,97,189,128,pole
/work/mathiamt/SnowPoleDetection/RetinaNet/keras-retinanet/retinanet_data/lidar/images/train/image_2054.png,880,85,891,127,pole
/work/mathiamt/SnowPoleDetection/RetinaNet/keras-retinanet/retinanet_data/lidar/images/train/image_2056.png,947,78,957,117,pole
/work/mathiamt/SnowPoleDetection/RetinaNet/keras-retinanet/retinanet_data/lidar/images/train/image_2056.png,115,88,123,123,pole
/work/mathiamt/SnowPoleDetection/RetinaNet/keras-retinanet/retinanet_data/lidar/images/train/image_2057.png,964,77,970,113,pole
/work/mathiamt/SnowPoleDetection/RetinaNet/keras-retinanet/retinanet_data/lidar/images/train/image_2057.png,93,94,101,126,pole
/work/mathiamt/SnowPoleDetection/RetinaNet/keras-retinanet/retinanet_data/lidar/images/train/image_2058.png,974,76,980,97,pole
/work/mathiamt/SnowPoleDetection/RetinaNet/keras-retinanet/retinanet_data/lidar/images/train/image_2060.png,419,77,424,96,pole
/work/mathiamt/SnowPoleDetection/RetinaNet/keras-retinanet/retinanet_data/lidar/images/train/image_2062.png,381,81,387,112,pole
/work/mathiamt/SnowPoleDetection/RetinaNet/keras-retinanet/retinanet_data/lidar/images/train/image_2062.png,551,79,556,97,pole
/work/mathiamt/SnowPoleDetection/RetinaNet/keras-retinanet/retinanet_data/lidar/images/train/image_2063.png,350,89,358,125,pole
/work/mathiamt/SnowPoleDetection/RetinaNet/keras-retinanet/retinanet_data/lidar/images/train/image_2063.png,562,80,568,106,pole
/work/mathiamt/SnowPoleDetection/RetinaNet/keras-retinanet/retinanet_data/lidar/images/train/image_2064.png,578,78,587,128,pole
/work/mathiamt/SnowPoleDetection/RetinaNet/keras-retinanet/retinanet_data/lidar/images/train/image_2064.png,308,84,318,128,pole
/work/mathiamt/SnowPoleDetection/RetinaNet/keras-retinanet/retinanet_data/lidar/images/train/image_2065.png,610,88,618,128,pole
/work/mathiamt/SnowPoleDetection/RetinaNet/keras-retinanet/retinanet_data/lidar/images/train/image_2065.png,261,86,269,127,pole
/work/mathiamt/SnowPoleDetection/RetinaNet/keras-retinanet/retinanet_data/lidar/images/train/image_2068.png,889,101,900,128,pole
/work/mathiamt/SnowPoleDetection/RetinaNet/keras-retinanet/retinanet_data/lidar/images/train/image_2068.png,130,85,139,128,pole
/work/mathiamt/SnowPoleDetection/RetinaNet/keras-retinanet/retinanet_data/lidar/images/train/image_2070.png,87,85,96,127,pole
/work/mathiamt/SnowPoleDetection/RetinaNet/keras-retinanet/retinanet_data/lidar/images/train/image_2070.png,955,86,963,128,pole
/work/mathiamt/SnowPoleDetection/RetinaNet/keras-retinanet/retinanet_data/lidar/images/train/image_2073.png,985,80,991,102,pole
/work/mathiamt/SnowPoleDetection/RetinaNet/keras-retinanet/retinanet_data/lidar/images/train/image_2073.png,441,71,446,86,pole
/work/mathiamt/SnowPoleDetection/RetinaNet/keras-retinanet/retinanet_data/lidar/images/train/image_2074.png,433,74,437,92,pole
/work/mathiamt/SnowPoleDetection/RetinaNet/keras-retinanet/retinanet_data/lidar/images/train/image_2075.png,421,75,427,94,pole
/work/mathiamt/SnowPoleDetection/RetinaNet/keras-retinanet/retinanet_data/lidar/images/train/image_2076.png,406,76,412,99,pole
/work/mathiamt/SnowPoleDetection/RetinaNet/keras-retinanet/retinanet_data/lidar/images/train/image_2077.png,561,80,566,108,pole
/work/mathiamt/SnowPoleDetection/RetinaNet/keras-retinanet/retinanet_data/lidar/images/train/image_2077.png,386,79,392,110,pole
/work/mathiamt/SnowPoleDetection/RetinaNet/keras-retinanet/retinanet_data/lidar/images/train/image_2078.png,575,82,584,127,pole
/work/mathiamt/SnowPoleDetection/RetinaNet/keras-retinanet/retinanet_data/lidar/images/train/image_2078.png,356,85,369,122,pole
/work/mathiamt/SnowPoleDetection/RetinaNet/keras-retinanet/retinanet_data/lidar/images/train/image_2081.png,225,90,235,128,pole
/work/mathiamt/SnowPoleDetection/RetinaNet/keras-retinanet/retinanet_data/lidar/images/train/image_2081.png,780,113,791,128,pole
/work/mathiamt/SnowPoleDetection/RetinaNet/keras-retinanet/retinanet_data/lidar/images/train/image_2082.png,880,105,890,127,pole
/work/mathiamt/SnowPoleDetection/RetinaNet/keras-retinanet/retinanet_data/lidar/images/train/image_2082.png,179,89,188,127,pole
/work/mathiamt/SnowPoleDetection/RetinaNet/keras-retinanet/retinanet_data/lidar/images/train/image_2083.png,142,95,152,128,pole
/work/mathiamt/SnowPoleDetection/RetinaNet/keras-retinanet/retinanet_data/lidar/images/train/image_2083.png,929,94,938,128,pole
/work/mathiamt/SnowPoleDetection/RetinaNet/keras-retinanet/retinanet_data/lidar/images/train/image_2084.png,954,88,963,128,pole
/work/mathiamt/SnowPoleDetection/RetinaNet/keras-retinanet/retinanet_data/lidar/images/train/image_2084.png,115,91,123,128,pole
/work/mathiamt/SnowPoleDetection/RetinaNet/keras-retinanet/retinanet_data/lidar/images/train/image_2085.png,968,85,975,112,pole
/work/mathiamt/SnowPoleDetection/RetinaNet/keras-retinanet/retinanet_data/lidar/images/train/image_2085.png,95,85,103,118,pole
/work/mathiamt/SnowPoleDetection/RetinaNet/keras-retinanet/retinanet_data/lidar/images/train/image_2086.png,978,87,984,113,pole
/work/mathiamt/SnowPoleDetection/RetinaNet/keras-retinanet/retinanet_data/lidar/images/train/image_2086.png,80,83,87,109,pole
/work/mathiamt/SnowPoleDetection/RetinaNet/keras-retinanet/retinanet_data/lidar/images/train/image_2087.png,441,76,446,98,pole
/work/mathiamt/SnowPoleDetection/RetinaNet/keras-retinanet/retinanet_data/lidar/images/train/image_2087.png,986,82,991,107,pole
/work/mathiamt/SnowPoleDetection/RetinaNet/keras-retinanet/retinanet_data/lidar/images/train/image_2087.png,70,84,75,119,pole
/work/mathiamt/SnowPoleDetection/RetinaNet/keras-retinanet/retinanet_data/lidar/images/train/image_2089.png,421,84,427,102,pole
/work/mathiamt/SnowPoleDetection/RetinaNet/keras-retinanet/retinanet_data/lidar/images/train/image_2089.png,549,70,553,87,pole
/work/mathiamt/SnowPoleDetection/RetinaNet/keras-retinanet/retinanet_data/lidar/images/train/image_2090.png,407,85,411,107,pole
/work/mathiamt/SnowPoleDetection/RetinaNet/keras-retinanet/retinanet_data/lidar/images/train/image_2090.png,558,71,562,94,pole
/work/mathiamt/SnowPoleDetection/RetinaNet/keras-retinanet/retinanet_data/lidar/images/train/image_2091.png,570,70,575,101,pole
/work/mathiamt/SnowPoleDetection/RetinaNet/keras-retinanet/retinanet_data/lidar/images/train/image_2091.png,387,91,393,128,pole
/work/mathiamt/SnowPoleDetection/RetinaNet/keras-retinanet/retinanet_data/lidar/images/train/image_2092.png,588,70,597,120,pole
/work/mathiamt/SnowPoleDetection/RetinaNet/keras-retinanet/retinanet_data/lidar/images/train/image_2092.png,358,86,366,128,pole
/work/mathiamt/SnowPoleDetection/RetinaNet/keras-retinanet/retinanet_data/lidar/images/train/image_2093.png,626,75,636,127,pole
/work/mathiamt/SnowPoleDetection/RetinaNet/keras-retinanet/retinanet_data/lidar/images/train/image_2093.png,321,93,330,128,pole
/work/mathiamt/SnowPoleDetection/RetinaNet/keras-retinanet/retinanet_data/lidar/images/train/image_2094.png,701,86,710,128,pole
/work/mathiamt/SnowPoleDetection/RetinaNet/keras-retinanet/retinanet_data/lidar/images/train/image_2094.png,275,98,283,128,pole
/work/mathiamt/SnowPoleDetection/RetinaNet/keras-retinanet/retinanet_data/lidar/images/train/image_2095.png,812,89,822,128,pole
/work/mathiamt/SnowPoleDetection/RetinaNet/keras-retinanet/retinanet_data/lidar/images/train/image_2095.png,223,100,233,127,pole
/work/mathiamt/SnowPoleDetection/RetinaNet/keras-retinanet/retinanet_data/lidar/images/train/image_2097.png,930,85,940,128,pole
/work/mathiamt/SnowPoleDetection/RetinaNet/keras-retinanet/retinanet_data/lidar/images/train/image_2097.png,140,94,151,128,pole
/work/mathiamt/SnowPoleDetection/RetinaNet/keras-retinanet/retinanet_data/lidar/images/train/image_2099.png,966,76,973,120,pole
/work/mathiamt/SnowPoleDetection/RetinaNet/keras-retinanet/retinanet_data/lidar/images/train/image_2099.png,93,90,100,122,pole
/work/mathiamt/SnowPoleDetection/RetinaNet/keras-retinanet/retinanet_data/lidar/images/train/image_21.png,97,84,103,128,pole
/work/mathiamt/SnowPoleDetection/RetinaNet/keras-retinanet/retinanet_data/lidar/images/train/image_21.png,952,92,959,127,pole
/work/mathiamt/SnowPoleDetection/RetinaNet/keras-retinanet/retinanet_data/lidar/images/train/image_2100.png,976,79,980,98,pole
/work/mathiamt/SnowPoleDetection/RetinaNet/keras-retinanet/retinanet_data/lidar/images/train/image_2100.png,79,87,85,108,pole
/work/mathiamt/SnowPoleDetection/RetinaNet/keras-retinanet/retinanet_data/lidar/images/train/image_2101.png,441,74,447,99,pole
/work/mathiamt/SnowPoleDetection/RetinaNet/keras-retinanet/retinanet_data/lidar/images/train/image_2101.png,983,82,988,101,pole
/work/mathiamt/SnowPoleDetection/RetinaNet/keras-retinanet/retinanet_data/lidar/images/train/image_2102.png,433,79,438,98,pole
/work/mathiamt/SnowPoleDetection/RetinaNet/keras-retinanet/retinanet_data/lidar/images/train/image_2103.png,422,80,427,105,pole
/work/mathiamt/SnowPoleDetection/RetinaNet/keras-retinanet/retinanet_data/lidar/images/train/image_2105.png,384,87,393,126,pole
/work/mathiamt/SnowPoleDetection/RetinaNet/keras-retinanet/retinanet_data/lidar/images/train/image_2105.png,559,73,567,118,pole
/work/mathiamt/SnowPoleDetection/RetinaNet/keras-retinanet/retinanet_data/lidar/images/train/image_2106.png,575,77,582,116,pole
/work/mathiamt/SnowPoleDetection/RetinaNet/keras-retinanet/retinanet_data/lidar/images/train/image_2106.png,358,95,366,122,pole
/work/mathiamt/SnowPoleDetection/RetinaNet/keras-retinanet/retinanet_data/lidar/images/train/image_2108.png,663,99,673,128,pole
/work/mathiamt/SnowPoleDetection/RetinaNet/keras-retinanet/retinanet_data/lidar/images/train/image_2108.png,273,94,284,128,pole
/work/mathiamt/SnowPoleDetection/RetinaNet/keras-retinanet/retinanet_data/lidar/images/train/image_2109.png,782,109,793,127,pole
/work/mathiamt/SnowPoleDetection/RetinaNet/keras-retinanet/retinanet_data/lidar/images/train/image_2109.png,220,91,233,128,pole
/work/mathiamt/SnowPoleDetection/RetinaNet/keras-retinanet/retinanet_data/lidar/images/train/image_2111.png,931,93,940,128,pole
/work/mathiamt/SnowPoleDetection/RetinaNet/keras-retinanet/retinanet_data/lidar/images/train/image_2111.png,138,92,147,128,pole
/work/mathiamt/SnowPoleDetection/RetinaNet/keras-retinanet/retinanet_data/lidar/images/train/image_2112.png,954,88,963,122,pole
/work/mathiamt/SnowPoleDetection/RetinaNet/keras-retinanet/retinanet_data/lidar/images/train/image_2112.png,111,88,120,128,pole
/work/mathiamt/SnowPoleDetection/RetinaNet/keras-retinanet/retinanet_data/lidar/images/train/image_2114.png,978,85,985,111,pole
/work/mathiamt/SnowPoleDetection/RetinaNet/keras-retinanet/retinanet_data/lidar/images/train/image_2117.png,419,85,425,104,pole
/work/mathiamt/SnowPoleDetection/RetinaNet/keras-retinanet/retinanet_data/lidar/images/train/image_2118.png,403,83,409,116,pole
/work/mathiamt/SnowPoleDetection/RetinaNet/keras-retinanet/retinanet_data/lidar/images/train/image_2118.png,554,69,560,96,pole
/work/mathiamt/SnowPoleDetection/RetinaNet/keras-retinanet/retinanet_data/lidar/images/train/image_2119.png,380,92,391,128,pole
/work/mathiamt/SnowPoleDetection/RetinaNet/keras-retinanet/retinanet_data/lidar/images/train/image_2119.png,567,74,575,110,pole
/work/mathiamt/SnowPoleDetection/RetinaNet/keras-retinanet/retinanet_data/lidar/images/train/image_212.png,440,74,446,100,pole
/work/mathiamt/SnowPoleDetection/RetinaNet/keras-retinanet/retinanet_data/lidar/images/train/image_212.png,62,91,66,111,pole
/work/mathiamt/SnowPoleDetection/RetinaNet/keras-retinanet/retinanet_data/lidar/images/train/image_212.png,994,83,998,105,pole
/work/mathiamt/SnowPoleDetection/RetinaNet/keras-retinanet/retinanet_data/lidar/images/train/image_2120.png,591,59,602,128,pole
/work/mathiamt/SnowPoleDetection/RetinaNet/keras-retinanet/retinanet_data/lidar/images/train/image_2120.png,354,95,358,127,pole
/work/mathiamt/SnowPoleDetection/RetinaNet/keras-retinanet/retinanet_data/lidar/images/train/image_2120.png,357,96,362,127,pole
/work/mathiamt/SnowPoleDetection/RetinaNet/keras-retinanet/retinanet_data/lidar/images/train/image_2122.png,770,82,782,128,pole
/work/mathiamt/SnowPoleDetection/RetinaNet/keras-retinanet/retinanet_data/lidar/images/train/image_2122.png,272,99,282,128,pole
/work/mathiamt/SnowPoleDetection/RetinaNet/keras-retinanet/retinanet_data/lidar/images/train/image_2124.png,934,84,942,128,pole
/work/mathiamt/SnowPoleDetection/RetinaNet/keras-retinanet/retinanet_data/lidar/images/train/image_2124.png,176,111,185,128,pole
/work/mathiamt/SnowPoleDetection/RetinaNet/keras-retinanet/retinanet_data/lidar/images/train/image_2125.png,957,77,966,120,pole
/work/mathiamt/SnowPoleDetection/RetinaNet/keras-retinanet/retinanet_data/lidar/images/train/image_2125.png,141,88,150,128,pole
/work/mathiamt/SnowPoleDetection/RetinaNet/keras-retinanet/retinanet_data/lidar/images/train/image_2127.png,979,71,987,126,pole
/work/mathiamt/SnowPoleDetection/RetinaNet/keras-retinanet/retinanet_data/lidar/images/train/image_2127.png,94,85,102,128,pole
/work/mathiamt/SnowPoleDetection/RetinaNet/keras-retinanet/retinanet_data/lidar/images/train/image_2128.png,988,79,993,98,pole
/work/mathiamt/SnowPoleDetection/RetinaNet/keras-retinanet/retinanet_data/lidar/images/train/image_213.png,427,77,434,103,pole
/work/mathiamt/SnowPoleDetection/RetinaNet/keras-retinanet/retinanet_data/lidar/images/train/image_213.png,997,86,1001,97,pole
/work/mathiamt/SnowPoleDetection/RetinaNet/keras-retinanet/retinanet_data/lidar/images/train/image_2130.png,431,76,436,100,pole
/work/mathiamt/SnowPoleDetection/RetinaNet/keras-retinanet/retinanet_data/lidar/images/train/image_2131.png,418,83,423,111,pole
/work/mathiamt/SnowPoleDetection/RetinaNet/keras-retinanet/retinanet_data/lidar/images/train/image_2132.png,402,89,408,113,pole
/work/mathiamt/SnowPoleDetection/RetinaNet/keras-retinanet/retinanet_data/lidar/images/train/image_2133.png,380,94,389,126,pole
/work/mathiamt/SnowPoleDetection/RetinaNet/keras-retinanet/retinanet_data/lidar/images/train/image_2133.png,535,75,540,99,pole
/work/mathiamt/SnowPoleDetection/RetinaNet/keras-retinanet/retinanet_data/lidar/images/train/image_2133.png,540,75,544,102,pole
/work/mathiamt/SnowPoleDetection/RetinaNet/keras-retinanet/retinanet_data/lidar/images/train/image_2138.png,605,87,613,128,pole
/work/mathiamt/SnowPoleDetection/RetinaNet/keras-retinanet/retinanet_data/lidar/images/train/image_2138.png,639,94,647,128,pole
/work/mathiamt/SnowPoleDetection/RetinaNet/keras-retinanet/retinanet_data/lidar/images/train/image_2138.png,166,96,175,127,pole
/work/mathiamt/SnowPoleDetection/RetinaNet/keras-retinanet/retinanet_data/lidar/images/train/image_2139.png,737,109,746,128,pole
/work/mathiamt/SnowPoleDetection/RetinaNet/keras-retinanet/retinanet_data/lidar/images/train/image_2139.png,666,101,676,128,pole
/work/mathiamt/SnowPoleDetection/RetinaNet/keras-retinanet/retinanet_data/lidar/images/train/image_2139.png,132,96,141,124,pole
/work/mathiamt/SnowPoleDetection/RetinaNet/keras-retinanet/retinanet_data/lidar/images/train/image_214.png,411,82,417,105,pole
/work/mathiamt/SnowPoleDetection/RetinaNet/keras-retinanet/retinanet_data/lidar/images/train/image_2140.png,856,107,865,128,pole
/work/mathiamt/SnowPoleDetection/RetinaNet/keras-retinanet/retinanet_data/lidar/images/train/image_2140.png,108,90,117,126,pole
/work/mathiamt/SnowPoleDetection/RetinaNet/keras-retinanet/retinanet_data/lidar/images/train/image_2140.png,789,115,798,128,pole
/work/mathiamt/SnowPoleDetection/RetinaNet/keras-retinanet/retinanet_data/lidar/images/train/image_2141.png,887,104,897,128,pole
/work/mathiamt/SnowPoleDetection/RetinaNet/keras-retinanet/retinanet_data/lidar/images/train/image_2141.png,917,94,927,128,pole
/work/mathiamt/SnowPoleDetection/RetinaNet/keras-retinanet/retinanet_data/lidar/images/train/image_2141.png,88,92,97,128,pole
/work/mathiamt/SnowPoleDetection/RetinaNet/keras-retinanet/retinanet_data/lidar/images/train/image_2143.png,956,88,962,127,pole
/work/mathiamt/SnowPoleDetection/RetinaNet/keras-retinanet/retinanet_data/lidar/images/train/image_2143.png,965,86,972,128,pole
/work/mathiamt/SnowPoleDetection/RetinaNet/keras-retinanet/retinanet_data/lidar/images/train/image_2143.png,66,87,70,108,pole
/work/mathiamt/SnowPoleDetection/RetinaNet/keras-retinanet/retinanet_data/lidar/images/train/image_2144.png,971,82,975,125,pole
/work/mathiamt/SnowPoleDetection/RetinaNet/keras-retinanet/retinanet_data/lidar/images/train/image_2144.png,975,84,981,120,pole
/work/mathiamt/SnowPoleDetection/RetinaNet/keras-retinanet/retinanet_data/lidar/images/train/image_2146.png,985,86,993,105,pole
/work/mathiamt/SnowPoleDetection/RetinaNet/keras-retinanet/retinanet_data/lidar/images/train/image_215.png,384,80,394,128,pole
/work/mathiamt/SnowPoleDetection/RetinaNet/keras-retinanet/retinanet_data/lidar/images/train/image_2153.png,448,70,452,84,pole
/work/mathiamt/SnowPoleDetection/RetinaNet/keras-retinanet/retinanet_data/lidar/images/train/image_2154.png,441,72,445,83,pole
/work/mathiamt/SnowPoleDetection/RetinaNet/keras-retinanet/retinanet_data/lidar/images/train/image_216.png,552,94,561,116,pole
/work/mathiamt/SnowPoleDetection/RetinaNet/keras-retinanet/retinanet_data/lidar/images/train/image_216.png,348,83,357,128,pole
/work/mathiamt/SnowPoleDetection/RetinaNet/keras-retinanet/retinanet_data/lidar/images/train/image_218.png,232,94,244,128,pole
/work/mathiamt/SnowPoleDetection/RetinaNet/keras-retinanet/retinanet_data/lidar/images/train/image_218.png,605,89,611,116,pole
/work/mathiamt/SnowPoleDetection/RetinaNet/keras-retinanet/retinanet_data/lidar/images/train/image_219.png,176,91,187,128,pole
/work/mathiamt/SnowPoleDetection/RetinaNet/keras-retinanet/retinanet_data/lidar/images/train/image_219.png,695,112,705,128,pole
/work/mathiamt/SnowPoleDetection/RetinaNet/keras-retinanet/retinanet_data/lidar/images/train/image_22.png,967,86,979,127,pole
/work/mathiamt/SnowPoleDetection/RetinaNet/keras-retinanet/retinanet_data/lidar/images/train/image_22.png,74,80,86,128,pole
/work/mathiamt/SnowPoleDetection/RetinaNet/keras-retinanet/retinanet_data/lidar/images/train/image_221.png,102,87,111,127,pole
/work/mathiamt/SnowPoleDetection/RetinaNet/keras-retinanet/retinanet_data/lidar/images/train/image_222.png,958,83,967,127,pole
/work/mathiamt/SnowPoleDetection/RetinaNet/keras-retinanet/retinanet_data/lidar/images/train/image_222.png,81,94,89,127,pole
/work/mathiamt/SnowPoleDetection/RetinaNet/keras-retinanet/retinanet_data/lidar/images/train/image_223.png,973,89,980,115,pole
/work/mathiamt/SnowPoleDetection/RetinaNet/keras-retinanet/retinanet_data/lidar/images/train/image_223.png,67,77,74,122,pole
/work/mathiamt/SnowPoleDetection/RetinaNet/keras-retinanet/retinanet_data/lidar/images/train/image_224.png,56,87,63,119,pole
/work/mathiamt/SnowPoleDetection/RetinaNet/keras-retinanet/retinanet_data/lidar/images/train/image_224.png,983,91,988,115,pole
/work/mathiamt/SnowPoleDetection/RetinaNet/keras-retinanet/retinanet_data/lidar/images/train/image_227.png,450,72,456,89,pole
/work/mathiamt/SnowPoleDetection/RetinaNet/keras-retinanet/retinanet_data/lidar/images/train/image_227.png,38,83,42,104,pole
/work/mathiamt/SnowPoleDetection/RetinaNet/keras-retinanet/retinanet_data/lidar/images/train/image_228.png,441,77,448,98,pole
/work/mathiamt/SnowPoleDetection/RetinaNet/keras-retinanet/retinanet_data/lidar/images/train/image_229.png,540,74,547,100,pole
/work/mathiamt/SnowPoleDetection/RetinaNet/keras-retinanet/retinanet_data/lidar/images/train/image_229.png,429,78,436,95,pole
/work/mathiamt/SnowPoleDetection/RetinaNet/keras-retinanet/retinanet_data/lidar/images/train/image_230.png,413,82,421,120,pole
/work/mathiamt/SnowPoleDetection/RetinaNet/keras-retinanet/retinanet_data/lidar/images/train/image_230.png,549,88,553,107,pole
/work/mathiamt/SnowPoleDetection/RetinaNet/keras-retinanet/retinanet_data/lidar/images/train/image_231.png,562,90,566,125,pole
/work/mathiamt/SnowPoleDetection/RetinaNet/keras-retinanet/retinanet_data/lidar/images/train/image_231.png,391,96,395,128,pole
/work/mathiamt/SnowPoleDetection/RetinaNet/keras-retinanet/retinanet_data/lidar/images/train/image_231.png,395,89,398,128,pole
/work/mathiamt/SnowPoleDetection/RetinaNet/keras-retinanet/retinanet_data/lidar/images/train/image_232.png,585,86,593,128,pole
/work/mathiamt/SnowPoleDetection/RetinaNet/keras-retinanet/retinanet_data/lidar/images/train/image_232.png,363,92,372,128,pole
/work/mathiamt/SnowPoleDetection/RetinaNet/keras-retinanet/retinanet_data/lidar/images/train/image_234.png,268,97,275,128,pole
/work/mathiamt/SnowPoleDetection/RetinaNet/keras-retinanet/retinanet_data/lidar/images/train/image_235.png,211,101,217,128,pole
/work/mathiamt/SnowPoleDetection/RetinaNet/keras-retinanet/retinanet_data/lidar/images/train/image_235.png,914,102,921,127,pole
/work/mathiamt/SnowPoleDetection/RetinaNet/keras-retinanet/retinanet_data/lidar/images/train/image_236.png,161,100,169,127,pole
/work/mathiamt/SnowPoleDetection/RetinaNet/keras-retinanet/retinanet_data/lidar/images/train/image_236.png,952,102,960,128,pole
/work/mathiamt/SnowPoleDetection/RetinaNet/keras-retinanet/retinanet_data/lidar/images/train/image_237.png,124,95,131,127,pole
/work/mathiamt/SnowPoleDetection/RetinaNet/keras-retinanet/retinanet_data/lidar/images/train/image_237.png,970,94,979,124,pole
/work/mathiamt/SnowPoleDetection/RetinaNet/keras-retinanet/retinanet_data/lidar/images/train/image_238.png,981,90,987,115,pole
/work/mathiamt/SnowPoleDetection/RetinaNet/keras-retinanet/retinanet_data/lidar/images/train/image_238.png,99,93,107,127,pole
/work/mathiamt/SnowPoleDetection/RetinaNet/keras-retinanet/retinanet_data/lidar/images/train/image_239.png,80,94,87,128,pole
/work/mathiamt/SnowPoleDetection/RetinaNet/keras-retinanet/retinanet_data/lidar/images/train/image_24.png,988,87,992,111,pole
/work/mathiamt/SnowPoleDetection/RetinaNet/keras-retinanet/retinanet_data/lidar/images/train/image_24.png,53,78,59,120,pole
/work/mathiamt/SnowPoleDetection/RetinaNet/keras-retinanet/retinanet_data/lidar/images/train/image_240.png,68,96,73,123,pole
/work/mathiamt/SnowPoleDetection/RetinaNet/keras-retinanet/retinanet_data/lidar/images/train/image_240.png,992,79,998,108,pole
/work/mathiamt/SnowPoleDetection/RetinaNet/keras-retinanet/retinanet_data/lidar/images/train/image_245.png,434,74,438,90,pole
/work/mathiamt/SnowPoleDetection/RetinaNet/keras-retinanet/retinanet_data/lidar/images/train/image_246.png,542,68,549,108,pole
/work/mathiamt/SnowPoleDetection/RetinaNet/keras-retinanet/retinanet_data/lidar/images/train/image_246.png,420,75,428,120,pole
/work/mathiamt/SnowPoleDetection/RetinaNet/keras-retinanet/retinanet_data/lidar/images/train/image_247.png,552,73,560,112,pole
/work/mathiamt/SnowPoleDetection/RetinaNet/keras-retinanet/retinanet_data/lidar/images/train/image_247.png,400,71,407,118,pole
/work/mathiamt/SnowPoleDetection/RetinaNet/keras-retinanet/retinanet_data/lidar/images/train/image_249.png,339,97,348,128,pole
/work/mathiamt/SnowPoleDetection/RetinaNet/keras-retinanet/retinanet_data/lidar/images/train/image_249.png,607,94,617,128,pole
/work/mathiamt/SnowPoleDetection/RetinaNet/keras-retinanet/retinanet_data/lidar/images/train/image_25.png,44,83,50,115,pole
/work/mathiamt/SnowPoleDetection/RetinaNet/keras-retinanet/retinanet_data/lidar/images/train/image_25.png,992,84,997,107,pole
/work/mathiamt/SnowPoleDetection/RetinaNet/keras-retinanet/retinanet_data/lidar/images/train/image_250.png,290,93,299,128,pole
/work/mathiamt/SnowPoleDetection/RetinaNet/keras-retinanet/retinanet_data/lidar/images/train/image_251.png,235,93,243,127,pole
/work/mathiamt/SnowPoleDetection/RetinaNet/keras-retinanet/retinanet_data/lidar/images/train/image_251.png,879,113,888,127,pole
/work/mathiamt/SnowPoleDetection/RetinaNet/keras-retinanet/retinanet_data/lidar/images/train/image_254.png,978,89,983,122,pole
/work/mathiamt/SnowPoleDetection/RetinaNet/keras-retinanet/retinanet_data/lidar/images/train/image_254.png,109,89,116,119,pole
/work/mathiamt/SnowPoleDetection/RetinaNet/keras-retinanet/retinanet_data/lidar/images/train/image_255.png,87,76,96,127,pole
/work/mathiamt/SnowPoleDetection/RetinaNet/keras-retinanet/retinanet_data/lidar/images/train/image_255.png,983,80,992,117,pole
/work/mathiamt/SnowPoleDetection/RetinaNet/keras-retinanet/retinanet_data/lidar/images/train/image_256.png,71,76,80,127,pole
/work/mathiamt/SnowPoleDetection/RetinaNet/keras-retinanet/retinanet_data/lidar/images/train/image_256.png,989,77,997,109,pole
/work/mathiamt/SnowPoleDetection/RetinaNet/keras-retinanet/retinanet_data/lidar/images/train/image_257.png,445,71,450,88,pole
/work/mathiamt/SnowPoleDetection/RetinaNet/keras-retinanet/retinanet_data/lidar/images/train/image_257.png,994,84,999,103,pole
/work/mathiamt/SnowPoleDetection/RetinaNet/keras-retinanet/retinanet_data/lidar/images/train/image_257.png,59,86,68,120,pole
/work/mathiamt/SnowPoleDetection/RetinaNet/keras-retinanet/retinanet_data/lidar/images/train/image_258.png,434,70,441,92,pole
/work/mathiamt/SnowPoleDetection/RetinaNet/keras-retinanet/retinanet_data/lidar/images/train/image_258.png,541,77,546,90,pole
/work/mathiamt/SnowPoleDetection/RetinaNet/keras-retinanet/retinanet_data/lidar/images/train/image_258.png,51,83,57,114,pole
/work/mathiamt/SnowPoleDetection/RetinaNet/keras-retinanet/retinanet_data/lidar/images/train/image_259.png,547,81,553,105,pole
/work/mathiamt/SnowPoleDetection/RetinaNet/keras-retinanet/retinanet_data/lidar/images/train/image_259.png,420,74,426,101,pole
/work/mathiamt/SnowPoleDetection/RetinaNet/keras-retinanet/retinanet_data/lidar/images/train/image_259.png,45,79,49,96,pole
/work/mathiamt/SnowPoleDetection/RetinaNet/keras-retinanet/retinanet_data/lidar/images/train/image_261.png,372,77,382,128,pole
/work/mathiamt/SnowPoleDetection/RetinaNet/keras-retinanet/retinanet_data/lidar/images/train/image_261.png,579,80,589,128,pole
/work/mathiamt/SnowPoleDetection/RetinaNet/keras-retinanet/retinanet_data/lidar/images/train/image_262.png,630,97,640,128,pole
/work/mathiamt/SnowPoleDetection/RetinaNet/keras-retinanet/retinanet_data/lidar/images/train/image_262.png,336,81,346,127,pole
/work/mathiamt/SnowPoleDetection/RetinaNet/keras-retinanet/retinanet_data/lidar/images/train/image_263.png,763,114,772,128,pole
/work/mathiamt/SnowPoleDetection/RetinaNet/keras-retinanet/retinanet_data/lidar/images/train/image_263.png,289,88,296,128,pole
/work/mathiamt/SnowPoleDetection/RetinaNet/keras-retinanet/retinanet_data/lidar/images/train/image_265.png,177,88,186,128,pole
/work/mathiamt/SnowPoleDetection/RetinaNet/keras-retinanet/retinanet_data/lidar/images/train/image_265.png,941,89,951,128,pole
/work/mathiamt/SnowPoleDetection/RetinaNet/keras-retinanet/retinanet_data/lidar/images/train/image_266.png,963,83,971,128,pole
/work/mathiamt/SnowPoleDetection/RetinaNet/keras-retinanet/retinanet_data/lidar/images/train/image_266.png,135,85,145,128,pole
/work/mathiamt/SnowPoleDetection/RetinaNet/keras-retinanet/retinanet_data/lidar/images/train/image_267.png,447,75,451,96,pole
/work/mathiamt/SnowPoleDetection/RetinaNet/keras-retinanet/retinanet_data/lidar/images/train/image_267.png,976,81,981,115,pole
/work/mathiamt/SnowPoleDetection/RetinaNet/keras-retinanet/retinanet_data/lidar/images/train/image_267.png,105,81,114,118,pole
/work/mathiamt/SnowPoleDetection/RetinaNet/keras-retinanet/retinanet_data/lidar/images/train/image_268.png,436,76,442,96,pole
/work/mathiamt/SnowPoleDetection/RetinaNet/keras-retinanet/retinanet_data/lidar/images/train/image_268.png,983,79,990,106,pole
/work/mathiamt/SnowPoleDetection/RetinaNet/keras-retinanet/retinanet_data/lidar/images/train/image_268.png,85,85,93,126,pole
/work/mathiamt/SnowPoleDetection/RetinaNet/keras-retinanet/retinanet_data/lidar/images/train/image_268.png,540,82,543,96,pole
/work/mathiamt/SnowPoleDetection/RetinaNet/keras-retinanet/retinanet_data/lidar/images/train/image_271.png,567,84,577,128,pole
/work/mathiamt/SnowPoleDetection/RetinaNet/keras-retinanet/retinanet_data/lidar/images/train/image_271.png,377,82,386,126,pole
/work/mathiamt/SnowPoleDetection/RetinaNet/keras-retinanet/retinanet_data/lidar/images/train/image_271.png,995,83,999,96,pole
/work/mathiamt/SnowPoleDetection/RetinaNet/keras-retinanet/retinanet_data/lidar/images/train/image_272.png,340,92,350,126,pole
/work/mathiamt/SnowPoleDetection/RetinaNet/keras-retinanet/retinanet_data/lidar/images/train/image_272.png,600,87,608,128,pole
/work/mathiamt/SnowPoleDetection/RetinaNet/keras-retinanet/retinanet_data/lidar/images/train/image_273.png,291,100,301,127,pole
/work/mathiamt/SnowPoleDetection/RetinaNet/keras-retinanet/retinanet_data/lidar/images/train/image_273.png,679,111,688,128,pole
/work/mathiamt/SnowPoleDetection/RetinaNet/keras-retinanet/retinanet_data/lidar/images/train/image_275.png,918,101,928,127,pole
/work/mathiamt/SnowPoleDetection/RetinaNet/keras-retinanet/retinanet_data/lidar/images/train/image_275.png,182,105,190,128,pole
/work/mathiamt/SnowPoleDetection/RetinaNet/keras-retinanet/retinanet_data/lidar/images/train/image_276.png,446,74,450,91,pole
/work/mathiamt/SnowPoleDetection/RetinaNet/keras-retinanet/retinanet_data/lidar/images/train/image_276.png,140,89,147,128,pole
/work/mathiamt/SnowPoleDetection/RetinaNet/keras-retinanet/retinanet_data/lidar/images/train/image_276.png,951,96,961,128,pole
/work/mathiamt/SnowPoleDetection/RetinaNet/keras-retinanet/retinanet_data/lidar/images/train/image_277.png,967,86,978,127,pole
/work/mathiamt/SnowPoleDetection/RetinaNet/keras-retinanet/retinanet_data/lidar/images/train/image_277.png,434,75,441,101,pole
/work/mathiamt/SnowPoleDetection/RetinaNet/keras-retinanet/retinanet_data/lidar/images/train/image_277.png,535,63,541,90,pole
/work/mathiamt/SnowPoleDetection/RetinaNet/keras-retinanet/retinanet_data/lidar/images/train/image_277.png,107,84,117,128,pole
/work/mathiamt/SnowPoleDetection/RetinaNet/keras-retinanet/retinanet_data/lidar/images/train/image_278.png,420,79,429,121,pole
/work/mathiamt/SnowPoleDetection/RetinaNet/keras-retinanet/retinanet_data/lidar/images/train/image_278.png,541,65,549,92,pole
/work/mathiamt/SnowPoleDetection/RetinaNet/keras-retinanet/retinanet_data/lidar/images/train/image_278.png,978,81,986,116,pole
/work/mathiamt/SnowPoleDetection/RetinaNet/keras-retinanet/retinanet_data/lidar/images/train/image_278.png,83,83,95,127,pole
/work/mathiamt/SnowPoleDetection/RetinaNet/keras-retinanet/retinanet_data/lidar/images/train/image_28.png,541,79,546,98,pole
/work/mathiamt/SnowPoleDetection/RetinaNet/keras-retinanet/retinanet_data/lidar/images/train/image_28.png,432,82,438,102,pole
/work/mathiamt/SnowPoleDetection/RetinaNet/keras-retinanet/retinanet_data/lidar/images/train/image_282.png,686,95,697,128,pole
/work/mathiamt/SnowPoleDetection/RetinaNet/keras-retinanet/retinanet_data/lidar/images/train/image_282.png,293,89,303,128,pole
/work/mathiamt/SnowPoleDetection/RetinaNet/keras-retinanet/retinanet_data/lidar/images/train/image_282.png,46,77,49,94,pole
/work/mathiamt/SnowPoleDetection/RetinaNet/keras-retinanet/retinanet_data/lidar/images/train/image_282.png,996,83,1000,98,pole
/work/mathiamt/SnowPoleDetection/RetinaNet/keras-retinanet/retinanet_data/lidar/images/train/image_283.png,238,90,246,128,pole
/work/mathiamt/SnowPoleDetection/RetinaNet/keras-retinanet/retinanet_data/lidar/images/train/image_283.png,857,100,866,127,pole
/work/mathiamt/SnowPoleDetection/RetinaNet/keras-retinanet/retinanet_data/lidar/images/train/image_284.png,931,86,939,128,pole
/work/mathiamt/SnowPoleDetection/RetinaNet/keras-retinanet/retinanet_data/lidar/images/train/image_284.png,182,89,191,127,pole
/work/mathiamt/SnowPoleDetection/RetinaNet/keras-retinanet/retinanet_data/lidar/images/train/image_284.png,1000,85,1004,99,pole
/work/mathiamt/SnowPoleDetection/RetinaNet/keras-retinanet/retinanet_data/lidar/images/train/image_284.png,461,78,466,93,pole
/work/mathiamt/SnowPoleDetection/RetinaNet/keras-retinanet/retinanet_data/lidar/images/train/image_285.png,959,84,967,128,pole
/work/mathiamt/SnowPoleDetection/RetinaNet/keras-retinanet/retinanet_data/lidar/images/train/image_285.png,140,88,149,128,pole
/work/mathiamt/SnowPoleDetection/RetinaNet/keras-retinanet/retinanet_data/lidar/images/train/image_285.png,454,75,460,91,pole
/work/mathiamt/SnowPoleDetection/RetinaNet/keras-retinanet/retinanet_data/lidar/images/train/image_286.png,974,78,981,122,pole
/work/mathiamt/SnowPoleDetection/RetinaNet/keras-retinanet/retinanet_data/lidar/images/train/image_286.png,110,82,117,128,pole
/work/mathiamt/SnowPoleDetection/RetinaNet/keras-retinanet/retinanet_data/lidar/images/train/image_286.png,448,75,454,94,pole
/work/mathiamt/SnowPoleDetection/RetinaNet/keras-retinanet/retinanet_data/lidar/images/train/image_287.png,438,81,442,108,pole
/work/mathiamt/SnowPoleDetection/RetinaNet/keras-retinanet/retinanet_data/lidar/images/train/image_287.png,89,81,95,128,pole
/work/mathiamt/SnowPoleDetection/RetinaNet/keras-retinanet/retinanet_data/lidar/images/train/image_287.png,984,83,989,103,pole
/work/mathiamt/SnowPoleDetection/RetinaNet/keras-retinanet/retinanet_data/lidar/images/train/image_288.png,425,84,431,111,pole
/work/mathiamt/SnowPoleDetection/RetinaNet/keras-retinanet/retinanet_data/lidar/images/train/image_288.png,989,77,995,104,pole
/work/mathiamt/SnowPoleDetection/RetinaNet/keras-retinanet/retinanet_data/lidar/images/train/image_288.png,71,80,80,121,pole
/work/mathiamt/SnowPoleDetection/RetinaNet/keras-retinanet/retinanet_data/lidar/images/train/image_29.png,548,86,555,110,pole
/work/mathiamt/SnowPoleDetection/RetinaNet/keras-retinanet/retinanet_data/lidar/images/train/image_29.png,416,88,422,108,pole
/work/mathiamt/SnowPoleDetection/RetinaNet/keras-retinanet/retinanet_data/lidar/images/train/image_29.png,27,82,29,102,pole
/work/mathiamt/SnowPoleDetection/RetinaNet/keras-retinanet/retinanet_data/lidar/images/train/image_290.png,381,96,390,128,pole
/work/mathiamt/SnowPoleDetection/RetinaNet/keras-retinanet/retinanet_data/lidar/images/train/image_290.png,996,75,1001,95,pole
/work/mathiamt/SnowPoleDetection/RetinaNet/keras-retinanet/retinanet_data/lidar/images/train/image_291.png,342,94,352,127,pole
/work/mathiamt/SnowPoleDetection/RetinaNet/keras-retinanet/retinanet_data/lidar/images/train/image_291.png,46,81,50,100,pole
/work/mathiamt/SnowPoleDetection/RetinaNet/keras-retinanet/retinanet_data/lidar/images/train/image_291.png,999,76,1001,88,pole
/work/mathiamt/SnowPoleDetection/RetinaNet/keras-retinanet/retinanet_data/lidar/images/train/image_292.png,538,68,544,94,pole
/work/mathiamt/SnowPoleDetection/RetinaNet/keras-retinanet/retinanet_data/lidar/images/train/image_292.png,40,82,43,97,pole
/work/mathiamt/SnowPoleDetection/RetinaNet/keras-retinanet/retinanet_data/lidar/images/train/image_292.png,1001,75,1003,90,pole
/work/mathiamt/SnowPoleDetection/RetinaNet/keras-retinanet/retinanet_data/lidar/images/train/image_295.png,575,73,583,127,pole
/work/mathiamt/SnowPoleDetection/RetinaNet/keras-retinanet/retinanet_data/lidar/images/train/image_295.png,134,89,144,127,pole
/work/mathiamt/SnowPoleDetection/RetinaNet/keras-retinanet/retinanet_data/lidar/images/train/image_296.png,614,83,625,128,pole
/work/mathiamt/SnowPoleDetection/RetinaNet/keras-retinanet/retinanet_data/lidar/images/train/image_296.png,105,87,113,128,pole
/work/mathiamt/SnowPoleDetection/RetinaNet/keras-retinanet/retinanet_data/lidar/images/train/image_297.png,82,83,93,127,pole
/work/mathiamt/SnowPoleDetection/RetinaNet/keras-retinanet/retinanet_data/lidar/images/train/image_297.png,732,103,742,128,pole
/work/mathiamt/SnowPoleDetection/RetinaNet/keras-retinanet/retinanet_data/lidar/images/train/image_3.png,585,82,594,127,pole
/work/mathiamt/SnowPoleDetection/RetinaNet/keras-retinanet/retinanet_data/lidar/images/train/image_3.png,334,99,342,128,pole
/work/mathiamt/SnowPoleDetection/RetinaNet/keras-retinanet/retinanet_data/lidar/images/train/image_30.png,560,73,568,122,pole
/work/mathiamt/SnowPoleDetection/RetinaNet/keras-retinanet/retinanet_data/lidar/images/train/image_30.png,394,82,402,123,pole
/work/mathiamt/SnowPoleDetection/RetinaNet/keras-retinanet/retinanet_data/lidar/images/train/image_300.png,964,84,969,127,pole
/work/mathiamt/SnowPoleDetection/RetinaNet/keras-retinanet/retinanet_data/lidar/images/train/image_300.png,448,77,452,94,pole
/work/mathiamt/SnowPoleDetection/RetinaNet/keras-retinanet/retinanet_data/lidar/images/train/image_300.png,50,81,55,114,pole
/work/mathiamt/SnowPoleDetection/RetinaNet/keras-retinanet/retinanet_data/lidar/images/train/image_301.png,439,80,444,98,pole
/work/mathiamt/SnowPoleDetection/RetinaNet/keras-retinanet/retinanet_data/lidar/images/train/image_301.png,976,81,983,118,pole
/work/mathiamt/SnowPoleDetection/RetinaNet/keras-retinanet/retinanet_data/lidar/images/train/image_302.png,984,81,991,109,pole
/work/mathiamt/SnowPoleDetection/RetinaNet/keras-retinanet/retinanet_data/lidar/images/train/image_302.png,427,85,434,105,pole
/work/mathiamt/SnowPoleDetection/RetinaNet/keras-retinanet/retinanet_data/lidar/images/train/image_303.png,413,88,418,112,pole
/work/mathiamt/SnowPoleDetection/RetinaNet/keras-retinanet/retinanet_data/lidar/images/train/image_303.png,991,79,996,104,pole
/work/mathiamt/SnowPoleDetection/RetinaNet/keras-retinanet/retinanet_data/lidar/images/train/image_304.png,390,89,399,122,pole
/work/mathiamt/SnowPoleDetection/RetinaNet/keras-retinanet/retinanet_data/lidar/images/train/image_304.png,994,77,1001,102,pole
/work/mathiamt/SnowPoleDetection/RetinaNet/keras-retinanet/retinanet_data/lidar/images/train/image_308.png,539,69,545,97,pole
/work/mathiamt/SnowPoleDetection/RetinaNet/keras-retinanet/retinanet_data/lidar/images/train/image_308.png,211,93,221,128,pole
/work/mathiamt/SnowPoleDetection/RetinaNet/keras-retinanet/retinanet_data/lidar/images/train/image_309.png,546,71,553,105,pole
/work/mathiamt/SnowPoleDetection/RetinaNet/keras-retinanet/retinanet_data/lidar/images/train/image_309.png,163,95,171,127,pole
/work/mathiamt/SnowPoleDetection/RetinaNet/keras-retinanet/retinanet_data/lidar/images/train/image_31.png,582,84,594,128,pole
/work/mathiamt/SnowPoleDetection/RetinaNet/keras-retinanet/retinanet_data/lidar/images/train/image_31.png,361,86,372,127,pole
/work/mathiamt/SnowPoleDetection/RetinaNet/keras-retinanet/retinanet_data/lidar/images/train/image_310.png,559,70,568,126,pole
/work/mathiamt/SnowPoleDetection/RetinaNet/keras-retinanet/retinanet_data/lidar/images/train/image_310.png,125,93,134,127,pole
/work/mathiamt/SnowPoleDetection/RetinaNet/keras-retinanet/retinanet_data/lidar/images/train/image_311.png,579,74,590,128,pole
/work/mathiamt/SnowPoleDetection/RetinaNet/keras-retinanet/retinanet_data/lidar/images/train/image_311.png,99,90,107,127,pole
/work/mathiamt/SnowPoleDetection/RetinaNet/keras-retinanet/retinanet_data/lidar/images/train/image_312.png,632,84,640,128,pole
/work/mathiamt/SnowPoleDetection/RetinaNet/keras-retinanet/retinanet_data/lidar/images/train/image_312.png,80,94,87,122,pole
/work/mathiamt/SnowPoleDetection/RetinaNet/keras-retinanet/retinanet_data/lidar/images/train/image_314.png,893,92,903,128,pole
/work/mathiamt/SnowPoleDetection/RetinaNet/keras-retinanet/retinanet_data/lidar/images/train/image_314.png,59,84,63,105,pole
/work/mathiamt/SnowPoleDetection/RetinaNet/keras-retinanet/retinanet_data/lidar/images/train/image_317.png,977,87,983,116,pole
/work/mathiamt/SnowPoleDetection/RetinaNet/keras-retinanet/retinanet_data/lidar/images/train/image_319.png,991,76,996,105,pole
/work/mathiamt/SnowPoleDetection/RetinaNet/keras-retinanet/retinanet_data/lidar/images/train/image_320.png,996,78,999,102,pole
/work/mathiamt/SnowPoleDetection/RetinaNet/keras-retinanet/retinanet_data/lidar/images/train/image_324.png,446,76,450,93,pole
/work/mathiamt/SnowPoleDetection/RetinaNet/keras-retinanet/retinanet_data/lidar/images/train/image_324.png,529,66,533,87,pole
/work/mathiamt/SnowPoleDetection/RetinaNet/keras-retinanet/retinanet_data/lidar/images/train/image_325.png,438,80,443,99,pole
/work/mathiamt/SnowPoleDetection/RetinaNet/keras-retinanet/retinanet_data/lidar/images/train/image_325.png,533,66,538,88,pole
/work/mathiamt/SnowPoleDetection/RetinaNet/keras-retinanet/retinanet_data/lidar/images/train/image_326.png,427,85,432,104,pole
/work/mathiamt/SnowPoleDetection/RetinaNet/keras-retinanet/retinanet_data/lidar/images/train/image_326.png,538,65,545,91,pole
/work/mathiamt/SnowPoleDetection/RetinaNet/keras-retinanet/retinanet_data/lidar/images/train/image_329.png,583,75,593,128,pole
/work/mathiamt/SnowPoleDetection/RetinaNet/keras-retinanet/retinanet_data/lidar/images/train/image_329.png,361,97,370,127,pole
/work/mathiamt/SnowPoleDetection/RetinaNet/keras-retinanet/retinanet_data/lidar/images/train/image_33.png,261,102,270,128,pole
/work/mathiamt/SnowPoleDetection/RetinaNet/keras-retinanet/retinanet_data/lidar/images/train/image_331.png,267,105,279,128,pole
/work/mathiamt/SnowPoleDetection/RetinaNet/keras-retinanet/retinanet_data/lidar/images/train/image_331.png,792,96,804,128,pole
/work/mathiamt/SnowPoleDetection/RetinaNet/keras-retinanet/retinanet_data/lidar/images/train/image_332.png,906,86,917,128,pole
/work/mathiamt/SnowPoleDetection/RetinaNet/keras-retinanet/retinanet_data/lidar/images/train/image_332.png,212,106,221,127,pole
/work/mathiamt/SnowPoleDetection/RetinaNet/keras-retinanet/retinanet_data/lidar/images/train/image_333.png,949,78,956,127,pole
/work/mathiamt/SnowPoleDetection/RetinaNet/keras-retinanet/retinanet_data/lidar/images/train/image_333.png,164,99,172,127,pole
/work/mathiamt/SnowPoleDetection/RetinaNet/keras-retinanet/retinanet_data/lidar/images/train/image_334.png,969,77,976,128,pole
/work/mathiamt/SnowPoleDetection/RetinaNet/keras-retinanet/retinanet_data/lidar/images/train/image_334.png,127,98,134,127,pole
/work/mathiamt/SnowPoleDetection/RetinaNet/keras-retinanet/retinanet_data/lidar/images/train/image_335.png,980,69,989,106,pole
/work/mathiamt/SnowPoleDetection/RetinaNet/keras-retinanet/retinanet_data/lidar/images/train/image_335.png,101,93,108,128,pole
/work/mathiamt/SnowPoleDetection/RetinaNet/keras-retinanet/retinanet_data/lidar/images/train/image_336.png,986,74,995,111,pole
/work/mathiamt/SnowPoleDetection/RetinaNet/keras-retinanet/retinanet_data/lidar/images/train/image_336.png,83,90,89,123,pole
/work/mathiamt/SnowPoleDetection/RetinaNet/keras-retinanet/retinanet_data/lidar/images/train/image_338.png,452,66,457,83,pole
/work/mathiamt/SnowPoleDetection/RetinaNet/keras-retinanet/retinanet_data/lidar/images/train/image_338.png,62,82,65,102,pole
/work/mathiamt/SnowPoleDetection/RetinaNet/keras-retinanet/retinanet_data/lidar/images/train/image_338.png,998,74,1002,98,pole
/work/mathiamt/SnowPoleDetection/RetinaNet/keras-retinanet/retinanet_data/lidar/images/train/image_34.png,905,102,913,128,pole
/work/mathiamt/SnowPoleDetection/RetinaNet/keras-retinanet/retinanet_data/lidar/images/train/image_34.png,202,100,211,128,pole
/work/mathiamt/SnowPoleDetection/RetinaNet/keras-retinanet/retinanet_data/lidar/images/train/image_340.png,437,66,441,88,pole
/work/mathiamt/SnowPoleDetection/RetinaNet/keras-retinanet/retinanet_data/lidar/images/train/image_340.png,1005,78,1008,95,pole
/work/mathiamt/SnowPoleDetection/RetinaNet/keras-retinanet/retinanet_data/lidar/images/train/image_341.png,422,71,430,92,pole
/work/mathiamt/SnowPoleDetection/RetinaNet/keras-retinanet/retinanet_data/lidar/images/train/image_341.png,1007,76,1010,92,pole
/work/mathiamt/SnowPoleDetection/RetinaNet/keras-retinanet/retinanet_data/lidar/images/train/image_341.png,44,87,46,98,pole
/work/mathiamt/SnowPoleDetection/RetinaNet/keras-retinanet/retinanet_data/lidar/images/train/image_342.png,409,69,417,98,pole
/work/mathiamt/SnowPoleDetection/RetinaNet/keras-retinanet/retinanet_data/lidar/images/train/image_345.png,307,71,315,128,pole
/work/mathiamt/SnowPoleDetection/RetinaNet/keras-retinanet/retinanet_data/lidar/images/train/image_345.png,458,66,462,82,pole
/work/mathiamt/SnowPoleDetection/RetinaNet/keras-retinanet/retinanet_data/lidar/images/train/image_346.png,250,78,261,127,pole
/work/mathiamt/SnowPoleDetection/RetinaNet/keras-retinanet/retinanet_data/lidar/images/train/image_346.png,453,69,457,83,pole
/work/mathiamt/SnowPoleDetection/RetinaNet/keras-retinanet/retinanet_data/lidar/images/train/image_348.png,147,78,158,128,pole
/work/mathiamt/SnowPoleDetection/RetinaNet/keras-retinanet/retinanet_data/lidar/images/train/image_348.png,436,71,442,92,pole
/work/mathiamt/SnowPoleDetection/RetinaNet/keras-retinanet/retinanet_data/lidar/images/train/image_349.png,424,70,430,94,pole
/work/mathiamt/SnowPoleDetection/RetinaNet/keras-retinanet/retinanet_data/lidar/images/train/image_349.png,114,80,125,126,pole
/work/mathiamt/SnowPoleDetection/RetinaNet/keras-retinanet/retinanet_data/lidar/images/train/image_351.png,378,82,383,127,pole
/work/mathiamt/SnowPoleDetection/RetinaNet/keras-retinanet/retinanet_data/lidar/images/train/image_351.png,76,77,82,102,pole
/work/mathiamt/SnowPoleDetection/RetinaNet/keras-retinanet/retinanet_data/lidar/images/train/image_351.png,381,80,389,128,pole
/work/mathiamt/SnowPoleDetection/RetinaNet/keras-retinanet/retinanet_data/lidar/images/train/image_352.png,343,83,347,126,pole
/work/mathiamt/SnowPoleDetection/RetinaNet/keras-retinanet/retinanet_data/lidar/images/train/image_352.png,345,75,353,125,pole
/work/mathiamt/SnowPoleDetection/RetinaNet/keras-retinanet/retinanet_data/lidar/images/train/image_352.png,65,87,71,119,pole
/work/mathiamt/SnowPoleDetection/RetinaNet/keras-retinanet/retinanet_data/lidar/images/train/image_353.png,292,74,302,127,pole
/work/mathiamt/SnowPoleDetection/RetinaNet/keras-retinanet/retinanet_data/lidar/images/train/image_354.png,232,78,242,128,pole
/work/mathiamt/SnowPoleDetection/RetinaNet/keras-retinanet/retinanet_data/lidar/images/train/image_357.png,104,75,110,128,pole
/work/mathiamt/SnowPoleDetection/RetinaNet/keras-retinanet/retinanet_data/lidar/images/train/image_357.png,455,72,459,88,pole
/work/mathiamt/SnowPoleDetection/RetinaNet/keras-retinanet/retinanet_data/lidar/images/train/image_357.png,530,65,534,84,pole
/work/mathiamt/SnowPoleDetection/RetinaNet/keras-retinanet/retinanet_data/lidar/images/train/image_359.png,442,79,448,102,pole
/work/mathiamt/SnowPoleDetection/RetinaNet/keras-retinanet/retinanet_data/lidar/images/train/image_359.png,68,79,77,120,pole
/work/mathiamt/SnowPoleDetection/RetinaNet/keras-retinanet/retinanet_data/lidar/images/train/image_359.png,540,72,545,94,pole
/work/mathiamt/SnowPoleDetection/RetinaNet/keras-retinanet/retinanet_data/lidar/images/train/image_36.png,967,85,975,127,pole
/work/mathiamt/SnowPoleDetection/RetinaNet/keras-retinanet/retinanet_data/lidar/images/train/image_36.png,118,94,126,123,pole
/work/mathiamt/SnowPoleDetection/RetinaNet/keras-retinanet/retinanet_data/lidar/images/train/image_360.png,60,76,64,106,pole
/work/mathiamt/SnowPoleDetection/RetinaNet/keras-retinanet/retinanet_data/lidar/images/train/image_360.png,432,83,437,105,pole
/work/mathiamt/SnowPoleDetection/RetinaNet/keras-retinanet/retinanet_data/lidar/images/train/image_360.png,549,73,553,94,pole
/work/mathiamt/SnowPoleDetection/RetinaNet/keras-retinanet/retinanet_data/lidar/images/train/image_361.png,558,71,566,114,pole
/work/mathiamt/SnowPoleDetection/RetinaNet/keras-retinanet/retinanet_data/lidar/images/train/image_361.png,416,81,425,115,pole
/work/mathiamt/SnowPoleDetection/RetinaNet/keras-retinanet/retinanet_data/lidar/images/train/image_364.png,726,101,738,127,pole
/work/mathiamt/SnowPoleDetection/RetinaNet/keras-retinanet/retinanet_data/lidar/images/train/image_364.png,334,91,344,127,pole
/work/mathiamt/SnowPoleDetection/RetinaNet/keras-retinanet/retinanet_data/lidar/images/train/image_365.png,865,98,875,127,pole
/work/mathiamt/SnowPoleDetection/RetinaNet/keras-retinanet/retinanet_data/lidar/images/train/image_365.png,285,99,293,128,pole
/work/mathiamt/SnowPoleDetection/RetinaNet/keras-retinanet/retinanet_data/lidar/images/train/image_366.png,927,80,936,128,pole
/work/mathiamt/SnowPoleDetection/RetinaNet/keras-retinanet/retinanet_data/lidar/images/train/image_366.png,228,101,238,128,pole
/work/mathiamt/SnowPoleDetection/RetinaNet/keras-retinanet/retinanet_data/lidar/images/train/image_369.png,981,76,989,107,pole
/work/mathiamt/SnowPoleDetection/RetinaNet/keras-retinanet/retinanet_data/lidar/images/train/image_369.png,103,92,114,128,pole
/work/mathiamt/SnowPoleDetection/RetinaNet/keras-retinanet/retinanet_data/lidar/images/train/image_370.png,988,77,994,104,pole
/work/mathiamt/SnowPoleDetection/RetinaNet/keras-retinanet/retinanet_data/lidar/images/train/image_370.png,84,91,93,115,pole
/work/mathiamt/SnowPoleDetection/RetinaNet/keras-retinanet/retinanet_data/lidar/images/train/image_372.png,450,73,457,100,pole
/work/mathiamt/SnowPoleDetection/RetinaNet/keras-retinanet/retinanet_data/lidar/images/train/image_372.png,997,74,1003,94,pole
/work/mathiamt/SnowPoleDetection/RetinaNet/keras-retinanet/retinanet_data/lidar/images/train/image_373.png,444,78,449,94,pole
/work/mathiamt/SnowPoleDetection/RetinaNet/keras-retinanet/retinanet_data/lidar/images/train/image_374.png,433,81,440,108,pole
/work/mathiamt/SnowPoleDetection/RetinaNet/keras-retinanet/retinanet_data/lidar/images/train/image_374.png,1003,72,1007,91,pole
/work/mathiamt/SnowPoleDetection/RetinaNet/keras-retinanet/retinanet_data/lidar/images/train/image_375.png,420,86,428,107,pole
/work/mathiamt/SnowPoleDetection/RetinaNet/keras-retinanet/retinanet_data/lidar/images/train/image_375.png,1005,71,1009,90,pole
/work/mathiamt/SnowPoleDetection/RetinaNet/keras-retinanet/retinanet_data/lidar/images/train/image_378.png,340,89,354,128,pole
/work/mathiamt/SnowPoleDetection/RetinaNet/keras-retinanet/retinanet_data/lidar/images/train/image_38.png,986,78,992,109,pole
/work/mathiamt/SnowPoleDetection/RetinaNet/keras-retinanet/retinanet_data/lidar/images/train/image_38.png,76,92,81,118,pole
/work/mathiamt/SnowPoleDetection/RetinaNet/keras-retinanet/retinanet_data/lidar/images/train/image_380.png,237,102,247,128,pole
/work/mathiamt/SnowPoleDetection/RetinaNet/keras-retinanet/retinanet_data/lidar/images/train/image_381.png,182,91,193,127,pole
/work/mathiamt/SnowPoleDetection/RetinaNet/keras-retinanet/retinanet_data/lidar/images/train/image_382.png,140,97,148,128,pole
/work/mathiamt/SnowPoleDetection/RetinaNet/keras-retinanet/retinanet_data/lidar/images/train/image_383.png,109,89,118,128,pole
/work/mathiamt/SnowPoleDetection/RetinaNet/keras-retinanet/retinanet_data/lidar/images/train/image_384.png,88,96,96,124,pole
/work/mathiamt/SnowPoleDetection/RetinaNet/keras-retinanet/retinanet_data/lidar/images/train/image_387.png,448,75,452,96,pole
/work/mathiamt/SnowPoleDetection/RetinaNet/keras-retinanet/retinanet_data/lidar/images/train/image_387.png,56,87,61,107,pole
/work/mathiamt/SnowPoleDetection/RetinaNet/keras-retinanet/retinanet_data/lidar/images/train/image_389.png,428,82,434,107,pole
/work/mathiamt/SnowPoleDetection/RetinaNet/keras-retinanet/retinanet_data/lidar/images/train/image_390.png,413,82,419,116,pole
/work/mathiamt/SnowPoleDetection/RetinaNet/keras-retinanet/retinanet_data/lidar/images/train/image_391.png,391,96,400,128,pole
/work/mathiamt/SnowPoleDetection/RetinaNet/keras-retinanet/retinanet_data/lidar/images/train/image_392.png,544,70,548,92,pole
/work/mathiamt/SnowPoleDetection/RetinaNet/keras-retinanet/retinanet_data/lidar/images/train/image_392.png,360,105,364,127,pole
/work/mathiamt/SnowPoleDetection/RetinaNet/keras-retinanet/retinanet_data/lidar/images/train/image_392.png,364,104,368,128,pole
/work/mathiamt/SnowPoleDetection/RetinaNet/keras-retinanet/retinanet_data/lidar/images/train/image_393.png,553,67,558,106,pole
/work/mathiamt/SnowPoleDetection/RetinaNet/keras-retinanet/retinanet_data/lidar/images/train/image_393.png,318,100,327,128,pole
/work/mathiamt/SnowPoleDetection/RetinaNet/keras-retinanet/retinanet_data/lidar/images/train/image_394.png,566,70,576,121,pole
/work/mathiamt/SnowPoleDetection/RetinaNet/keras-retinanet/retinanet_data/lidar/images/train/image_394.png,263,102,272,128,pole
/work/mathiamt/SnowPoleDetection/RetinaNet/keras-retinanet/retinanet_data/lidar/images/train/image_396.png,676,86,687,127,pole
/work/mathiamt/SnowPoleDetection/RetinaNet/keras-retinanet/retinanet_data/lidar/images/train/image_396.png,155,99,166,128,pole
/work/mathiamt/SnowPoleDetection/RetinaNet/keras-retinanet/retinanet_data/lidar/images/train/image_399.png,78,98,83,120,pole
/work/mathiamt/SnowPoleDetection/RetinaNet/keras-retinanet/retinanet_data/lidar/images/train/image_399.png,952,79,959,127,pole
/work/mathiamt/SnowPoleDetection/RetinaNet/keras-retinanet/retinanet_data/lidar/images/train/image_4.png,641,98,651,128,pole
/work/mathiamt/SnowPoleDetection/RetinaNet/keras-retinanet/retinanet_data/lidar/images/train/image_4.png,280,106,289,128,pole
/work/mathiamt/SnowPoleDetection/RetinaNet/keras-retinanet/retinanet_data/lidar/images/train/image_40.png,995,87,999,98,pole
/work/mathiamt/SnowPoleDetection/RetinaNet/keras-retinanet/retinanet_data/lidar/images/train/image_400.png,458,70,463,88,pole
/work/mathiamt/SnowPoleDetection/RetinaNet/keras-retinanet/retinanet_data/lidar/images/train/image_400.png,968,77,977,123,pole
/work/mathiamt/SnowPoleDetection/RetinaNet/keras-retinanet/retinanet_data/lidar/images/train/image_401.png,451,74,457,90,pole
/work/mathiamt/SnowPoleDetection/RetinaNet/keras-retinanet/retinanet_data/lidar/images/train/image_401.png,979,76,986,102,pole
/work/mathiamt/SnowPoleDetection/RetinaNet/keras-retinanet/retinanet_data/lidar/images/train/image_402.png,444,74,450,98,pole
/work/mathiamt/SnowPoleDetection/RetinaNet/keras-retinanet/retinanet_data/lidar/images/train/image_402.png,541,83,548,99,pole
/work/mathiamt/SnowPoleDetection/RetinaNet/keras-retinanet/retinanet_data/lidar/images/train/image_402.png,48,90,54,110,pole
/work/mathiamt/SnowPoleDetection/RetinaNet/keras-retinanet/retinanet_data/lidar/images/train/image_402.png,987,79,992,105,pole
/work/mathiamt/SnowPoleDetection/RetinaNet/keras-retinanet/retinanet_data/lidar/images/train/image_403.png,431,81,434,107,pole
/work/mathiamt/SnowPoleDetection/RetinaNet/keras-retinanet/retinanet_data/lidar/images/train/image_403.png,434,81,439,107,pole
/work/mathiamt/SnowPoleDetection/RetinaNet/keras-retinanet/retinanet_data/lidar/images/train/image_403.png,551,91,555,106,pole
/work/mathiamt/SnowPoleDetection/RetinaNet/keras-retinanet/retinanet_data/lidar/images/train/image_403.png,993,83,996,99,pole
/work/mathiamt/SnowPoleDetection/RetinaNet/keras-retinanet/retinanet_data/lidar/images/train/image_405.png,396,94,400,122,pole
/work/mathiamt/SnowPoleDetection/RetinaNet/keras-retinanet/retinanet_data/lidar/images/train/image_405.png,399,91,407,128,pole
/work/mathiamt/SnowPoleDetection/RetinaNet/keras-retinanet/retinanet_data/lidar/images/train/image_405.png,583,81,592,128,pole
/work/mathiamt/SnowPoleDetection/RetinaNet/keras-retinanet/retinanet_data/lidar/images/train/image_405.png,999,75,1003,90,pole
/work/mathiamt/SnowPoleDetection/RetinaNet/keras-retinanet/retinanet_data/lidar/images/train/image_406.png,365,86,382,128,pole
/work/mathiamt/SnowPoleDetection/RetinaNet/keras-retinanet/retinanet_data/lidar/images/train/image_406.png,630,101,640,127,pole
/work/mathiamt/SnowPoleDetection/RetinaNet/keras-retinanet/retinanet_data/lidar/images/train/image_406.png,1002,73,1005,89,pole
/work/mathiamt/SnowPoleDetection/RetinaNet/keras-retinanet/retinanet_data/lidar/images/train/image_407.png,326,100,339,128,pole
/work/mathiamt/SnowPoleDetection/RetinaNet/keras-retinanet/retinanet_data/lidar/images/train/image_407.png,750,121,760,127,pole
/work/mathiamt/SnowPoleDetection/RetinaNet/keras-retinanet/retinanet_data/lidar/images/train/image_408.png,882,108,889,128,pole
/work/mathiamt/SnowPoleDetection/RetinaNet/keras-retinanet/retinanet_data/lidar/images/train/image_408.png,268,106,283,127,pole
/work/mathiamt/SnowPoleDetection/RetinaNet/keras-retinanet/retinanet_data/lidar/images/train/image_41.png,443,78,448,99,pole
/work/mathiamt/SnowPoleDetection/RetinaNet/keras-retinanet/retinanet_data/lidar/images/train/image_41.png,534,77,537,89,pole
/work/mathiamt/SnowPoleDetection/RetinaNet/keras-retinanet/retinanet_data/lidar/images/train/image_41.png,47,88,50,104,pole
/work/mathiamt/SnowPoleDetection/RetinaNet/keras-retinanet/retinanet_data/lidar/images/train/image_411.png,973,80,982,120,pole
/work/mathiamt/SnowPoleDetection/RetinaNet/keras-retinanet/retinanet_data/lidar/images/train/image_411.png,124,96,133,128,pole
/work/mathiamt/SnowPoleDetection/RetinaNet/keras-retinanet/retinanet_data/lidar/images/train/image_412.png,99,94,106,127,pole
/work/mathiamt/SnowPoleDetection/RetinaNet/keras-retinanet/retinanet_data/lidar/images/train/image_412.png,982,82,988,111,pole
/work/mathiamt/SnowPoleDetection/RetinaNet/keras-retinanet/retinanet_data/lidar/images/train/image_418.png,427,85,434,115,pole
/work/mathiamt/SnowPoleDetection/RetinaNet/keras-retinanet/retinanet_data/lidar/images/train/image_418.png,557,90,562,108,pole
/work/mathiamt/SnowPoleDetection/RetinaNet/keras-retinanet/retinanet_data/lidar/images/train/image_419.png,571,83,580,121,pole
/work/mathiamt/SnowPoleDetection/RetinaNet/keras-retinanet/retinanet_data/lidar/images/train/image_419.png,409,88,418,121,pole
/work/mathiamt/SnowPoleDetection/RetinaNet/keras-retinanet/retinanet_data/lidar/images/train/image_42.png,432,83,437,105,pole
/work/mathiamt/SnowPoleDetection/RetinaNet/keras-retinanet/retinanet_data/lidar/images/train/image_42.png,537,78,544,96,pole
/work/mathiamt/SnowPoleDetection/RetinaNet/keras-retinanet/retinanet_data/lidar/images/train/image_420.png,384,101,395,127,pole
/work/mathiamt/SnowPoleDetection/RetinaNet/keras-retinanet/retinanet_data/lidar/images/train/image_420.png,601,93,609,125,pole
/work/mathiamt/SnowPoleDetection/RetinaNet/keras-retinanet/retinanet_data/lidar/images/train/image_421.png,665,111,673,128,pole
/work/mathiamt/SnowPoleDetection/RetinaNet/keras-retinanet/retinanet_data/lidar/images/train/image_421.png,351,97,360,128,pole
/work/mathiamt/SnowPoleDetection/RetinaNet/keras-retinanet/retinanet_data/lidar/images/train/image_422.png,303,99,310,127,pole
/work/mathiamt/SnowPoleDetection/RetinaNet/keras-retinanet/retinanet_data/lidar/images/train/image_424.png,184,104,194,128,pole
/work/mathiamt/SnowPoleDetection/RetinaNet/keras-retinanet/retinanet_data/lidar/images/train/image_424.png,936,97,953,128,pole
/work/mathiamt/SnowPoleDetection/RetinaNet/keras-retinanet/retinanet_data/lidar/images/train/image_426.png,107,106,114,128,pole
/work/mathiamt/SnowPoleDetection/RetinaNet/keras-retinanet/retinanet_data/lidar/images/train/image_426.png,975,84,981,117,pole
/work/mathiamt/SnowPoleDetection/RetinaNet/keras-retinanet/retinanet_data/lidar/images/train/image_427.png,84,99,93,128,pole
/work/mathiamt/SnowPoleDetection/RetinaNet/keras-retinanet/retinanet_data/lidar/images/train/image_427.png,983,93,988,114,pole
/work/mathiamt/SnowPoleDetection/RetinaNet/keras-retinanet/retinanet_data/lidar/images/train/image_428.png,71,98,77,122,pole
/work/mathiamt/SnowPoleDetection/RetinaNet/keras-retinanet/retinanet_data/lidar/images/train/image_428.png,987,87,994,108,pole
/work/mathiamt/SnowPoleDetection/RetinaNet/keras-retinanet/retinanet_data/lidar/images/train/image_429.png,58,93,65,119,pole
/work/mathiamt/SnowPoleDetection/RetinaNet/keras-retinanet/retinanet_data/lidar/images/train/image_43.png,543,76,552,109,pole
/work/mathiamt/SnowPoleDetection/RetinaNet/keras-retinanet/retinanet_data/lidar/images/train/image_43.png,415,90,422,127,pole
/work/mathiamt/SnowPoleDetection/RetinaNet/keras-retinanet/retinanet_data/lidar/images/train/image_430.png,452,72,459,99,pole
/work/mathiamt/SnowPoleDetection/RetinaNet/keras-retinanet/retinanet_data/lidar/images/train/image_431.png,443,75,450,97,pole
/work/mathiamt/SnowPoleDetection/RetinaNet/keras-retinanet/retinanet_data/lidar/images/train/image_431.png,44,89,49,106,pole
/work/mathiamt/SnowPoleDetection/RetinaNet/keras-retinanet/retinanet_data/lidar/images/train/image_433.png,566,78,576,123,pole
/work/mathiamt/SnowPoleDetection/RetinaNet/keras-retinanet/retinanet_data/lidar/images/train/image_433.png,417,83,424,120,pole
/work/mathiamt/SnowPoleDetection/RetinaNet/keras-retinanet/retinanet_data/lidar/images/train/image_434.png,393,87,403,128,pole
/work/mathiamt/SnowPoleDetection/RetinaNet/keras-retinanet/retinanet_data/lidar/images/train/image_434.png,593,87,602,128,pole
/work/mathiamt/SnowPoleDetection/RetinaNet/keras-retinanet/retinanet_data/lidar/images/train/image_435.png,653,106,661,128,pole
/work/mathiamt/SnowPoleDetection/RetinaNet/keras-retinanet/retinanet_data/lidar/images/train/image_435.png,362,90,371,128,pole
/work/mathiamt/SnowPoleDetection/RetinaNet/keras-retinanet/retinanet_data/lidar/images/train/image_436.png,316,94,328,128,pole
/work/mathiamt/SnowPoleDetection/RetinaNet/keras-retinanet/retinanet_data/lidar/images/train/image_436.png,791,122,802,128,pole
/work/mathiamt/SnowPoleDetection/RetinaNet/keras-retinanet/retinanet_data/lidar/images/train/image_437.png,901,106,908,128,pole
/work/mathiamt/SnowPoleDetection/RetinaNet/keras-retinanet/retinanet_data/lidar/images/train/image_437.png,260,100,268,128,pole
/work/mathiamt/SnowPoleDetection/RetinaNet/keras-retinanet/retinanet_data/lidar/images/train/image_439.png,149,97,158,128,pole
/work/mathiamt/SnowPoleDetection/RetinaNet/keras-retinanet/retinanet_data/lidar/images/train/image_439.png,963,84,971,127,pole
/work/mathiamt/SnowPoleDetection/RetinaNet/keras-retinanet/retinanet_data/lidar/images/train/image_441.png,87,87,96,127,pole
/work/mathiamt/SnowPoleDetection/RetinaNet/keras-retinanet/retinanet_data/lidar/images/train/image_441.png,982,74,989,110,pole
/work/mathiamt/SnowPoleDetection/RetinaNet/keras-retinanet/retinanet_data/lidar/images/train/image_443.png,60,91,66,126,pole
/work/mathiamt/SnowPoleDetection/RetinaNet/keras-retinanet/retinanet_data/lidar/images/train/image_443.png,992,77,997,103,pole
/work/mathiamt/SnowPoleDetection/RetinaNet/keras-retinanet/retinanet_data/lidar/images/train/image_444.png,51,84,56,106,pole
/work/mathiamt/SnowPoleDetection/RetinaNet/keras-retinanet/retinanet_data/lidar/images/train/image_444.png,994,83,1000,96,pole
/work/mathiamt/SnowPoleDetection/RetinaNet/keras-retinanet/retinanet_data/lidar/images/train/image_444.png,458,78,462,91,pole
/work/mathiamt/SnowPoleDetection/RetinaNet/keras-retinanet/retinanet_data/lidar/images/train/image_445.png,450,78,454,95,pole
/work/mathiamt/SnowPoleDetection/RetinaNet/keras-retinanet/retinanet_data/lidar/images/train/image_445.png,42,89,48,113,pole
/work/mathiamt/SnowPoleDetection/RetinaNet/keras-retinanet/retinanet_data/lidar/images/train/image_447.png,424,89,432,120,pole
/work/mathiamt/SnowPoleDetection/RetinaNet/keras-retinanet/retinanet_data/lidar/images/train/image_447.png,548,69,554,98,pole
/work/mathiamt/SnowPoleDetection/RetinaNet/keras-retinanet/retinanet_data/lidar/images/train/image_448.png,406,86,413,117,pole
/work/mathiamt/SnowPoleDetection/RetinaNet/keras-retinanet/retinanet_data/lidar/images/train/image_448.png,559,79,566,109,pole
/work/mathiamt/SnowPoleDetection/RetinaNet/keras-retinanet/retinanet_data/lidar/images/train/image_449.png,579,91,587,127,pole
/work/mathiamt/SnowPoleDetection/RetinaNet/keras-retinanet/retinanet_data/lidar/images/train/image_449.png,378,91,389,128,pole
/work/mathiamt/SnowPoleDetection/RetinaNet/keras-retinanet/retinanet_data/lidar/images/train/image_452.png,217,109,226,127,pole
/work/mathiamt/SnowPoleDetection/RetinaNet/keras-retinanet/retinanet_data/lidar/images/train/image_453.png,162,104,170,128,pole
/work/mathiamt/SnowPoleDetection/RetinaNet/keras-retinanet/retinanet_data/lidar/images/train/image_453.png,938,100,947,127,pole
/work/mathiamt/SnowPoleDetection/RetinaNet/keras-retinanet/retinanet_data/lidar/images/train/image_455.png,95,105,103,128,pole
/work/mathiamt/SnowPoleDetection/RetinaNet/keras-retinanet/retinanet_data/lidar/images/train/image_455.png,974,85,980,109,pole
/work/mathiamt/SnowPoleDetection/RetinaNet/keras-retinanet/retinanet_data/lidar/images/train/image_456.png,982,83,989,119,pole
/work/mathiamt/SnowPoleDetection/RetinaNet/keras-retinanet/retinanet_data/lidar/images/train/image_456.png,75,93,83,123,pole
/work/mathiamt/SnowPoleDetection/RetinaNet/keras-retinanet/retinanet_data/lidar/images/train/image_458.png,449,77,454,93,pole
/work/mathiamt/SnowPoleDetection/RetinaNet/keras-retinanet/retinanet_data/lidar/images/train/image_458.png,51,84,58,108,pole
/work/mathiamt/SnowPoleDetection/RetinaNet/keras-retinanet/retinanet_data/lidar/images/train/image_458.png,992,80,997,93,pole
/work/mathiamt/SnowPoleDetection/RetinaNet/keras-retinanet/retinanet_data/lidar/images/train/image_459.png,438,79,443,96,pole
/work/mathiamt/SnowPoleDetection/RetinaNet/keras-retinanet/retinanet_data/lidar/images/train/image_46.png,633,102,641,127,pole
/work/mathiamt/SnowPoleDetection/RetinaNet/keras-retinanet/retinanet_data/lidar/images/train/image_46.png,316,96,324,127,pole
/work/mathiamt/SnowPoleDetection/RetinaNet/keras-retinanet/retinanet_data/lidar/images/train/image_460.png,551,80,557,101,pole
/work/mathiamt/SnowPoleDetection/RetinaNet/keras-retinanet/retinanet_data/lidar/images/train/image_460.png,423,83,430,107,pole
/work/mathiamt/SnowPoleDetection/RetinaNet/keras-retinanet/retinanet_data/lidar/images/train/image_462.png,582,79,595,127,pole
/work/mathiamt/SnowPoleDetection/RetinaNet/keras-retinanet/retinanet_data/lidar/images/train/image_462.png,371,88,384,128,pole
/work/mathiamt/SnowPoleDetection/RetinaNet/keras-retinanet/retinanet_data/lidar/images/train/image_463.png,629,92,641,128,pole
/work/mathiamt/SnowPoleDetection/RetinaNet/keras-retinanet/retinanet_data/lidar/images/train/image_463.png,332,99,342,128,pole
/work/mathiamt/SnowPoleDetection/RetinaNet/keras-retinanet/retinanet_data/lidar/images/train/image_464.png,738,110,747,127,pole
/work/mathiamt/SnowPoleDetection/RetinaNet/keras-retinanet/retinanet_data/lidar/images/train/image_464.png,275,102,288,127,pole
/work/mathiamt/SnowPoleDetection/RetinaNet/keras-retinanet/retinanet_data/lidar/images/train/image_465.png,866,105,875,127,pole
/work/mathiamt/SnowPoleDetection/RetinaNet/keras-retinanet/retinanet_data/lidar/images/train/image_465.png,216,105,223,128,pole
/work/mathiamt/SnowPoleDetection/RetinaNet/keras-retinanet/retinanet_data/lidar/images/train/image_466.png,925,93,933,127,pole
/work/mathiamt/SnowPoleDetection/RetinaNet/keras-retinanet/retinanet_data/lidar/images/train/image_466.png,162,102,168,127,pole
/work/mathiamt/SnowPoleDetection/RetinaNet/keras-retinanet/retinanet_data/lidar/images/train/image_467.png,952,86,959,128,pole
/work/mathiamt/SnowPoleDetection/RetinaNet/keras-retinanet/retinanet_data/lidar/images/train/image_467.png,122,96,129,128,pole
/work/mathiamt/SnowPoleDetection/RetinaNet/keras-retinanet/retinanet_data/lidar/images/train/image_468.png,95,86,102,123,pole
/work/mathiamt/SnowPoleDetection/RetinaNet/keras-retinanet/retinanet_data/lidar/images/train/image_468.png,966,81,975,122,pole
/work/mathiamt/SnowPoleDetection/RetinaNet/keras-retinanet/retinanet_data/lidar/images/train/image_47.png,258,100,268,128,pole
/work/mathiamt/SnowPoleDetection/RetinaNet/keras-retinanet/retinanet_data/lidar/images/train/image_470.png,62,80,69,112,pole
/work/mathiamt/SnowPoleDetection/RetinaNet/keras-retinanet/retinanet_data/lidar/images/train/image_470.png,983,82,989,103,pole
/work/mathiamt/SnowPoleDetection/RetinaNet/keras-retinanet/retinanet_data/lidar/images/train/image_471.png,988,79,994,103,pole
/work/mathiamt/SnowPoleDetection/RetinaNet/keras-retinanet/retinanet_data/lidar/images/train/image_471.png,52,83,59,114,pole
/work/mathiamt/SnowPoleDetection/RetinaNet/keras-retinanet/retinanet_data/lidar/images/train/image_472.png,45,91,49,114,pole
/work/mathiamt/SnowPoleDetection/RetinaNet/keras-retinanet/retinanet_data/lidar/images/train/image_472.png,449,78,454,92,pole
/work/mathiamt/SnowPoleDetection/RetinaNet/keras-retinanet/retinanet_data/lidar/images/train/image_472.png,992,85,995,98,pole
/work/mathiamt/SnowPoleDetection/RetinaNet/keras-retinanet/retinanet_data/lidar/images/train/image_473.png,439,78,445,100,pole
/work/mathiamt/SnowPoleDetection/RetinaNet/keras-retinanet/retinanet_data/lidar/images/train/image_474.png,546,69,551,100,pole
/work/mathiamt/SnowPoleDetection/RetinaNet/keras-retinanet/retinanet_data/lidar/images/train/image_474.png,426,81,432,109,pole
/work/mathiamt/SnowPoleDetection/RetinaNet/keras-retinanet/retinanet_data/lidar/images/train/image_475.png,408,87,415,109,pole
/work/mathiamt/SnowPoleDetection/RetinaNet/keras-retinanet/retinanet_data/lidar/images/train/image_475.png,555,76,561,108,pole
/work/mathiamt/SnowPoleDetection/RetinaNet/keras-retinanet/retinanet_data/lidar/images/train/image_477.png,598,86,605,128,pole
/work/mathiamt/SnowPoleDetection/RetinaNet/keras-retinanet/retinanet_data/lidar/images/train/image_477.png,347,106,355,128,pole
/work/mathiamt/SnowPoleDetection/RetinaNet/keras-retinanet/retinanet_data/lidar/images/train/image_480.png,904,99,911,128,pole
/work/mathiamt/SnowPoleDetection/RetinaNet/keras-retinanet/retinanet_data/lidar/images/train/image_480.png,182,106,188,127,pole
/work/mathiamt/SnowPoleDetection/RetinaNet/keras-retinanet/retinanet_data/lidar/images/train/image_482.png,963,84,971,126,pole
/work/mathiamt/SnowPoleDetection/RetinaNet/keras-retinanet/retinanet_data/lidar/images/train/image_482.png,106,90,114,126,pole
/work/mathiamt/SnowPoleDetection/RetinaNet/keras-retinanet/retinanet_data/lidar/images/train/image_483.png,973,80,982,120,pole
/work/mathiamt/SnowPoleDetection/RetinaNet/keras-retinanet/retinanet_data/lidar/images/train/image_483.png,84,87,92,118,pole
/work/mathiamt/SnowPoleDetection/RetinaNet/keras-retinanet/retinanet_data/lidar/images/train/image_486.png,992,86,997,99,pole
/work/mathiamt/SnowPoleDetection/RetinaNet/keras-retinanet/retinanet_data/lidar/images/train/image_486.png,449,76,454,92,pole
/work/mathiamt/SnowPoleDetection/RetinaNet/keras-retinanet/retinanet_data/lidar/images/train/image_487.png,441,80,445,96,pole
/work/mathiamt/SnowPoleDetection/RetinaNet/keras-retinanet/retinanet_data/lidar/images/train/image_487.png,995,84,1000,102,pole
/work/mathiamt/SnowPoleDetection/RetinaNet/keras-retinanet/retinanet_data/lidar/images/train/image_49.png,954,89,964,127,pole
/work/mathiamt/SnowPoleDetection/RetinaNet/keras-retinanet/retinanet_data/lidar/images/train/image_49.png,151,99,159,127,pole
/work/mathiamt/SnowPoleDetection/RetinaNet/keras-retinanet/retinanet_data/lidar/images/train/image_490.png,391,86,397,124,pole
/work/mathiamt/SnowPoleDetection/RetinaNet/keras-retinanet/retinanet_data/lidar/images/train/image_490.png,389,90,392,125,pole
/work/mathiamt/SnowPoleDetection/RetinaNet/keras-retinanet/retinanet_data/lidar/images/train/image_491.png,358,96,363,128,pole
/work/mathiamt/SnowPoleDetection/RetinaNet/keras-retinanet/retinanet_data/lidar/images/train/image_491.png,362,97,368,127,pole
/work/mathiamt/SnowPoleDetection/RetinaNet/keras-retinanet/retinanet_data/lidar/images/train/image_494.png,209,101,218,128,pole
/work/mathiamt/SnowPoleDetection/RetinaNet/keras-retinanet/retinanet_data/lidar/images/train/image_495.png,161,96,170,127,pole
/work/mathiamt/SnowPoleDetection/RetinaNet/keras-retinanet/retinanet_data/lidar/images/train/image_496.png,125,89,134,127,pole
/work/mathiamt/SnowPoleDetection/RetinaNet/keras-retinanet/retinanet_data/lidar/images/train/image_497.png,99,89,107,118,pole
/work/mathiamt/SnowPoleDetection/RetinaNet/keras-retinanet/retinanet_data/lidar/images/train/image_498.png,79,83,88,112,pole
/work/mathiamt/SnowPoleDetection/RetinaNet/keras-retinanet/retinanet_data/lidar/images/train/image_498.png,462,74,467,88,pole
/work/mathiamt/SnowPoleDetection/RetinaNet/keras-retinanet/retinanet_data/lidar/images/train/image_498.png,524,71,529,85,pole
/work/mathiamt/SnowPoleDetection/RetinaNet/keras-retinanet/retinanet_data/lidar/images/train/image_500.png,57,84,62,103,pole
/work/mathiamt/SnowPoleDetection/RetinaNet/keras-retinanet/retinanet_data/lidar/images/train/image_500.png,451,76,456,95,pole
/work/mathiamt/SnowPoleDetection/RetinaNet/keras-retinanet/retinanet_data/lidar/images/train/image_501.png,443,79,449,100,pole
/work/mathiamt/SnowPoleDetection/RetinaNet/keras-retinanet/retinanet_data/lidar/images/train/image_501.png,50,78,54,99,pole
/work/mathiamt/SnowPoleDetection/RetinaNet/keras-retinanet/retinanet_data/lidar/images/train/image_502.png,432,79,439,104,pole
/work/mathiamt/SnowPoleDetection/RetinaNet/keras-retinanet/retinanet_data/lidar/images/train/image_502.png,535,80,542,103,pole
/work/mathiamt/SnowPoleDetection/RetinaNet/keras-retinanet/retinanet_data/lidar/images/train/image_503.png,417,86,427,108,pole
/work/mathiamt/SnowPoleDetection/RetinaNet/keras-retinanet/retinanet_data/lidar/images/train/image_503.png,542,81,546,100,pole
/work/mathiamt/SnowPoleDetection/RetinaNet/keras-retinanet/retinanet_data/lidar/images/train/image_509.png,915,117,924,128,pole
/work/mathiamt/SnowPoleDetection/RetinaNet/keras-retinanet/retinanet_data/lidar/images/train/image_509.png,193,104,202,128,pole
/work/mathiamt/SnowPoleDetection/RetinaNet/keras-retinanet/retinanet_data/lidar/images/train/image_510.png,150,99,158,128,pole
/work/mathiamt/SnowPoleDetection/RetinaNet/keras-retinanet/retinanet_data/lidar/images/train/image_511.png,970,93,978,127,pole
/work/mathiamt/SnowPoleDetection/RetinaNet/keras-retinanet/retinanet_data/lidar/images/train/image_511.png,119,95,126,127,pole
/work/mathiamt/SnowPoleDetection/RetinaNet/keras-retinanet/retinanet_data/lidar/images/train/image_512.png,979,87,988,128,pole
/work/mathiamt/SnowPoleDetection/RetinaNet/keras-retinanet/retinanet_data/lidar/images/train/image_512.png,96,95,103,128,pole
/work/mathiamt/SnowPoleDetection/RetinaNet/keras-retinanet/retinanet_data/lidar/images/train/image_513.png,986,84,995,120,pole
/work/mathiamt/SnowPoleDetection/RetinaNet/keras-retinanet/retinanet_data/lidar/images/train/image_513.png,79,89,85,121,pole
/work/mathiamt/SnowPoleDetection/RetinaNet/keras-retinanet/retinanet_data/lidar/images/train/image_513.png,459,73,463,89,pole
/work/mathiamt/SnowPoleDetection/RetinaNet/keras-retinanet/retinanet_data/lidar/images/train/image_516.png,439,80,443,101,pole
/work/mathiamt/SnowPoleDetection/RetinaNet/keras-retinanet/retinanet_data/lidar/images/train/image_516.png,532,72,535,92,pole
/work/mathiamt/SnowPoleDetection/RetinaNet/keras-retinanet/retinanet_data/lidar/images/train/image_516.png,999,88,1004,106,pole
/work/mathiamt/SnowPoleDetection/RetinaNet/keras-retinanet/retinanet_data/lidar/images/train/image_517.png,426,84,434,111,pole
/work/mathiamt/SnowPoleDetection/RetinaNet/keras-retinanet/retinanet_data/lidar/images/train/image_517.png,535,76,540,97,pole
/work/mathiamt/SnowPoleDetection/RetinaNet/keras-retinanet/retinanet_data/lidar/images/train/image_517.png,1000,85,1005,102,pole
/work/mathiamt/SnowPoleDetection/RetinaNet/keras-retinanet/retinanet_data/lidar/images/train/image_518.png,414,89,420,118,pole
/work/mathiamt/SnowPoleDetection/RetinaNet/keras-retinanet/retinanet_data/lidar/images/train/image_518.png,541,79,546,102,pole
/work/mathiamt/SnowPoleDetection/RetinaNet/keras-retinanet/retinanet_data/lidar/images/train/image_522.png,285,92,293,128,pole
/work/mathiamt/SnowPoleDetection/RetinaNet/keras-retinanet/retinanet_data/lidar/images/train/image_522.png,664,114,675,127,pole
/work/mathiamt/SnowPoleDetection/RetinaNet/keras-retinanet/retinanet_data/lidar/images/train/image_523.png,232,102,240,128,pole
/work/mathiamt/SnowPoleDetection/RetinaNet/keras-retinanet/retinanet_data/lidar/images/train/image_524.png,918,107,927,128,pole
/work/mathiamt/SnowPoleDetection/RetinaNet/keras-retinanet/retinanet_data/lidar/images/train/image_524.png,183,102,194,127,pole
/work/mathiamt/SnowPoleDetection/RetinaNet/keras-retinanet/retinanet_data/lidar/images/train/image_525.png,143,102,150,128,pole
/work/mathiamt/SnowPoleDetection/RetinaNet/keras-retinanet/retinanet_data/lidar/images/train/image_525.png,954,97,962,128,pole
/work/mathiamt/SnowPoleDetection/RetinaNet/keras-retinanet/retinanet_data/lidar/images/train/image_527.png,93,91,99,127,pole
/work/mathiamt/SnowPoleDetection/RetinaNet/keras-retinanet/retinanet_data/lidar/images/train/image_527.png,981,81,989,120,pole
/work/mathiamt/SnowPoleDetection/RetinaNet/keras-retinanet/retinanet_data/lidar/images/train/image_528.png,989,81,993,107,pole
/work/mathiamt/SnowPoleDetection/RetinaNet/keras-retinanet/retinanet_data/lidar/images/train/image_528.png,79,93,82,114,pole
/work/mathiamt/SnowPoleDetection/RetinaNet/keras-retinanet/retinanet_data/lidar/images/train/image_529.png,448,74,452,91,pole
/work/mathiamt/SnowPoleDetection/RetinaNet/keras-retinanet/retinanet_data/lidar/images/train/image_529.png,994,81,999,104,pole
/work/mathiamt/SnowPoleDetection/RetinaNet/keras-retinanet/retinanet_data/lidar/images/train/image_529.png,67,88,71,104,pole
/work/mathiamt/SnowPoleDetection/RetinaNet/keras-retinanet/retinanet_data/lidar/images/train/image_53.png,993,77,998,104,pole
/work/mathiamt/SnowPoleDetection/RetinaNet/keras-retinanet/retinanet_data/lidar/images/train/image_53.png,62,92,68,122,pole
/work/mathiamt/SnowPoleDetection/RetinaNet/keras-retinanet/retinanet_data/lidar/images/train/image_531.png,431,78,436,99,pole
/work/mathiamt/SnowPoleDetection/RetinaNet/keras-retinanet/retinanet_data/lidar/images/train/image_532.png,418,84,424,103,pole
/work/mathiamt/SnowPoleDetection/RetinaNet/keras-retinanet/retinanet_data/lidar/images/train/image_532.png,534,81,540,102,pole
/work/mathiamt/SnowPoleDetection/RetinaNet/keras-retinanet/retinanet_data/lidar/images/train/image_533.png,539,71,546,101,pole
/work/mathiamt/SnowPoleDetection/RetinaNet/keras-retinanet/retinanet_data/lidar/images/train/image_533.png,400,83,410,117,pole
/work/mathiamt/SnowPoleDetection/RetinaNet/keras-retinanet/retinanet_data/lidar/images/train/image_534.png,549,77,556,114,pole
/work/mathiamt/SnowPoleDetection/RetinaNet/keras-retinanet/retinanet_data/lidar/images/train/image_534.png,375,86,388,122,pole
/work/mathiamt/SnowPoleDetection/RetinaNet/keras-retinanet/retinanet_data/lidar/images/train/image_535.png,563,80,576,128,pole
/work/mathiamt/SnowPoleDetection/RetinaNet/keras-retinanet/retinanet_data/lidar/images/train/image_535.png,344,101,355,128,pole
/work/mathiamt/SnowPoleDetection/RetinaNet/keras-retinanet/retinanet_data/lidar/images/train/image_537.png,253,98,263,128,pole
/work/mathiamt/SnowPoleDetection/RetinaNet/keras-retinanet/retinanet_data/lidar/images/train/image_537.png,678,119,688,128,pole
/work/mathiamt/SnowPoleDetection/RetinaNet/keras-retinanet/retinanet_data/lidar/images/train/image_538.png,203,99,211,128,pole
/work/mathiamt/SnowPoleDetection/RetinaNet/keras-retinanet/retinanet_data/lidar/images/train/image_540.png,959,92,967,128,pole
/work/mathiamt/SnowPoleDetection/RetinaNet/keras-retinanet/retinanet_data/lidar/images/train/image_541.png,102,87,110,128,pole
/work/mathiamt/SnowPoleDetection/RetinaNet/keras-retinanet/retinanet_data/lidar/images/train/image_541.png,975,85,983,127,pole
/work/mathiamt/SnowPoleDetection/RetinaNet/keras-retinanet/retinanet_data/lidar/images/train/image_542.png,984,94,992,124,pole
/work/mathiamt/SnowPoleDetection/RetinaNet/keras-retinanet/retinanet_data/lidar/images/train/image_542.png,86,86,91,119,pole
/work/mathiamt/SnowPoleDetection/RetinaNet/keras-retinanet/retinanet_data/lidar/images/train/image_546.png,431,86,437,101,pole
/work/mathiamt/SnowPoleDetection/RetinaNet/keras-retinanet/retinanet_data/lidar/images/train/image_548.png,401,95,406,116,pole
/work/mathiamt/SnowPoleDetection/RetinaNet/keras-retinanet/retinanet_data/lidar/images/train/image_548.png,404,88,410,117,pole
/work/mathiamt/SnowPoleDetection/RetinaNet/keras-retinanet/retinanet_data/lidar/images/train/image_548.png,545,68,551,105,pole
/work/mathiamt/SnowPoleDetection/RetinaNet/keras-retinanet/retinanet_data/lidar/images/train/image_548.png,42,80,46,92,pole
/work/mathiamt/SnowPoleDetection/RetinaNet/keras-retinanet/retinanet_data/lidar/images/train/image_55.png,44,89,51,111,pole
/work/mathiamt/SnowPoleDetection/RetinaNet/keras-retinanet/retinanet_data/lidar/images/train/image_55.png,444,82,448,98,pole
/work/mathiamt/SnowPoleDetection/RetinaNet/keras-retinanet/retinanet_data/lidar/images/train/image_550.png,572,79,581,128,pole
/work/mathiamt/SnowPoleDetection/RetinaNet/keras-retinanet/retinanet_data/lidar/images/train/image_550.png,346,89,357,128,pole
/work/mathiamt/SnowPoleDetection/RetinaNet/keras-retinanet/retinanet_data/lidar/images/train/image_553.png,860,112,869,127,pole
/work/mathiamt/SnowPoleDetection/RetinaNet/keras-retinanet/retinanet_data/lidar/images/train/image_553.png,199,102,210,128,pole
/work/mathiamt/SnowPoleDetection/RetinaNet/keras-retinanet/retinanet_data/lidar/images/train/image_554.png,928,93,937,127,pole
/work/mathiamt/SnowPoleDetection/RetinaNet/keras-retinanet/retinanet_data/lidar/images/train/image_554.png,155,98,164,128,pole
/work/mathiamt/SnowPoleDetection/RetinaNet/keras-retinanet/retinanet_data/lidar/images/train/image_555.png,123,95,130,128,pole
/work/mathiamt/SnowPoleDetection/RetinaNet/keras-retinanet/retinanet_data/lidar/images/train/image_555.png,955,99,965,128,pole
/work/mathiamt/SnowPoleDetection/RetinaNet/keras-retinanet/retinanet_data/lidar/images/train/image_556.png,972,83,982,128,pole
/work/mathiamt/SnowPoleDetection/RetinaNet/keras-retinanet/retinanet_data/lidar/images/train/image_556.png,100,99,106,126,pole
/work/mathiamt/SnowPoleDetection/RetinaNet/keras-retinanet/retinanet_data/lidar/images/train/image_558.png,452,74,456,93,pole
/work/mathiamt/SnowPoleDetection/RetinaNet/keras-retinanet/retinanet_data/lidar/images/train/image_558.png,990,78,995,110,pole
/work/mathiamt/SnowPoleDetection/RetinaNet/keras-retinanet/retinanet_data/lidar/images/train/image_559.png,445,77,450,94,pole
/work/mathiamt/SnowPoleDetection/RetinaNet/keras-retinanet/retinanet_data/lidar/images/train/image_559.png,994,85,999,101,pole
/work/mathiamt/SnowPoleDetection/RetinaNet/keras-retinanet/retinanet_data/lidar/images/train/image_56.png,431,84,439,102,pole
/work/mathiamt/SnowPoleDetection/RetinaNet/keras-retinanet/retinanet_data/lidar/images/train/image_56.png,542,77,547,95,pole
/work/mathiamt/SnowPoleDetection/RetinaNet/keras-retinanet/retinanet_data/lidar/images/train/image_561.png,427,84,433,107,pole
/work/mathiamt/SnowPoleDetection/RetinaNet/keras-retinanet/retinanet_data/lidar/images/train/image_563.png,396,86,403,119,pole
/work/mathiamt/SnowPoleDetection/RetinaNet/keras-retinanet/retinanet_data/lidar/images/train/image_563.png,543,71,551,104,pole
/work/mathiamt/SnowPoleDetection/RetinaNet/keras-retinanet/retinanet_data/lidar/images/train/image_564.png,367,94,383,127,pole
/work/mathiamt/SnowPoleDetection/RetinaNet/keras-retinanet/retinanet_data/lidar/images/train/image_564.png,553,76,564,119,pole
/work/mathiamt/SnowPoleDetection/RetinaNet/keras-retinanet/retinanet_data/lidar/images/train/image_565.png,572,82,582,128,pole
/work/mathiamt/SnowPoleDetection/RetinaNet/keras-retinanet/retinanet_data/lidar/images/train/image_565.png,333,104,344,128,pole
/work/mathiamt/SnowPoleDetection/RetinaNet/keras-retinanet/retinanet_data/lidar/images/train/image_570.png,117,96,126,128,pole
/work/mathiamt/SnowPoleDetection/RetinaNet/keras-retinanet/retinanet_data/lidar/images/train/image_570.png,957,86,967,127,pole
/work/mathiamt/SnowPoleDetection/RetinaNet/keras-retinanet/retinanet_data/lidar/images/train/image_571.png,972,83,982,128,pole
/work/mathiamt/SnowPoleDetection/RetinaNet/keras-retinanet/retinanet_data/lidar/images/train/image_571.png,96,95,102,123,pole
/work/mathiamt/SnowPoleDetection/RetinaNet/keras-retinanet/retinanet_data/lidar/images/train/image_575.png,438,72,444,100,pole
/work/mathiamt/SnowPoleDetection/RetinaNet/keras-retinanet/retinanet_data/lidar/images/train/image_575.png,999,74,1003,101,pole
/work/mathiamt/SnowPoleDetection/RetinaNet/keras-retinanet/retinanet_data/lidar/images/train/image_578.png,396,81,404,118,pole
/work/mathiamt/SnowPoleDetection/RetinaNet/keras-retinanet/retinanet_data/lidar/images/train/image_578.png,534,71,541,95,pole
/work/mathiamt/SnowPoleDetection/RetinaNet/keras-retinanet/retinanet_data/lidar/images/train/image_579.png,540,62,553,114,pole
/work/mathiamt/SnowPoleDetection/RetinaNet/keras-retinanet/retinanet_data/lidar/images/train/image_579.png,368,89,372,127,pole
/work/mathiamt/SnowPoleDetection/RetinaNet/keras-retinanet/retinanet_data/lidar/images/train/image_579.png,371,89,378,126,pole
/work/mathiamt/SnowPoleDetection/RetinaNet/keras-retinanet/retinanet_data/lidar/images/train/image_58.png,394,93,402,116,pole
/work/mathiamt/SnowPoleDetection/RetinaNet/keras-retinanet/retinanet_data/lidar/images/train/image_58.png,564,73,571,110,pole
/work/mathiamt/SnowPoleDetection/RetinaNet/keras-retinanet/retinanet_data/lidar/images/train/image_580.png,554,66,568,127,pole
/work/mathiamt/SnowPoleDetection/RetinaNet/keras-retinanet/retinanet_data/lidar/images/train/image_580.png,333,88,344,128,pole
/work/mathiamt/SnowPoleDetection/RetinaNet/keras-retinanet/retinanet_data/lidar/images/train/image_582.png,693,72,714,128,pole
/work/mathiamt/SnowPoleDetection/RetinaNet/keras-retinanet/retinanet_data/lidar/images/train/image_582.png,234,93,243,128,pole
/work/mathiamt/SnowPoleDetection/RetinaNet/keras-retinanet/retinanet_data/lidar/images/train/image_583.png,890,78,906,128,pole
/work/mathiamt/SnowPoleDetection/RetinaNet/keras-retinanet/retinanet_data/lidar/images/train/image_583.png,184,94,192,128,pole
/work/mathiamt/SnowPoleDetection/RetinaNet/keras-retinanet/retinanet_data/lidar/images/train/image_584.png,948,75,965,128,pole
/work/mathiamt/SnowPoleDetection/RetinaNet/keras-retinanet/retinanet_data/lidar/images/train/image_584.png,143,93,150,128,pole
/work/mathiamt/SnowPoleDetection/RetinaNet/keras-retinanet/retinanet_data/lidar/images/train/image_586.png,986,77,992,107,pole
/work/mathiamt/SnowPoleDetection/RetinaNet/keras-retinanet/retinanet_data/lidar/images/train/image_586.png,100,93,107,116,pole
/work/mathiamt/SnowPoleDetection/RetinaNet/keras-retinanet/retinanet_data/lidar/images/train/image_587.png,992,73,1000,99,pole
/work/mathiamt/SnowPoleDetection/RetinaNet/keras-retinanet/retinanet_data/lidar/images/train/image_587.png,79,87,86,108,pole
/work/mathiamt/SnowPoleDetection/RetinaNet/keras-retinanet/retinanet_data/lidar/images/train/image_588.png,998,78,1004,96,pole
/work/mathiamt/SnowPoleDetection/RetinaNet/keras-retinanet/retinanet_data/lidar/images/train/image_588.png,67,81,74,105,pole
/work/mathiamt/SnowPoleDetection/RetinaNet/keras-retinanet/retinanet_data/lidar/images/train/image_589.png,446,83,450,93,pole
/work/mathiamt/SnowPoleDetection/RetinaNet/keras-retinanet/retinanet_data/lidar/images/train/image_589.png,59,85,63,100,pole
/work/mathiamt/SnowPoleDetection/RetinaNet/keras-retinanet/retinanet_data/lidar/images/train/image_589.png,1002,76,1007,93,pole
/work/mathiamt/SnowPoleDetection/RetinaNet/keras-retinanet/retinanet_data/lidar/images/train/image_59.png,585,81,595,128,pole
/work/mathiamt/SnowPoleDetection/RetinaNet/keras-retinanet/retinanet_data/lidar/images/train/image_59.png,364,94,372,128,pole
/work/mathiamt/SnowPoleDetection/RetinaNet/keras-retinanet/retinanet_data/lidar/images/train/image_590.png,439,82,443,96,pole
/work/mathiamt/SnowPoleDetection/RetinaNet/keras-retinanet/retinanet_data/lidar/images/train/image_590.png,527,76,531,89,pole
/work/mathiamt/SnowPoleDetection/RetinaNet/keras-retinanet/retinanet_data/lidar/images/train/image_592.png,536,77,540,100,pole
/work/mathiamt/SnowPoleDetection/RetinaNet/keras-retinanet/retinanet_data/lidar/images/train/image_592.png,416,86,421,113,pole
/work/mathiamt/SnowPoleDetection/RetinaNet/keras-retinanet/retinanet_data/lidar/images/train/image_595.png,569,84,582,128,pole
/work/mathiamt/SnowPoleDetection/RetinaNet/keras-retinanet/retinanet_data/lidar/images/train/image_595.png,339,88,348,128,pole
/work/mathiamt/SnowPoleDetection/RetinaNet/keras-retinanet/retinanet_data/lidar/images/train/image_597.png,245,103,253,127,pole
/work/mathiamt/SnowPoleDetection/RetinaNet/keras-retinanet/retinanet_data/lidar/images/train/image_598.png,192,102,203,128,pole
/work/mathiamt/SnowPoleDetection/RetinaNet/keras-retinanet/retinanet_data/lidar/images/train/image_599.png,150,102,160,127,pole
/work/mathiamt/SnowPoleDetection/RetinaNet/keras-retinanet/retinanet_data/lidar/images/train/image_599.png,936,102,944,128,pole
/work/mathiamt/SnowPoleDetection/RetinaNet/keras-retinanet/retinanet_data/lidar/images/train/image_6.png,901,99,910,128,pole
/work/mathiamt/SnowPoleDetection/RetinaNet/keras-retinanet/retinanet_data/lidar/images/train/image_6.png,167,103,174,128,pole
/work/mathiamt/SnowPoleDetection/RetinaNet/keras-retinanet/retinanet_data/lidar/images/train/image_600.png,121,101,129,128,pole
/work/mathiamt/SnowPoleDetection/RetinaNet/keras-retinanet/retinanet_data/lidar/images/train/image_600.png,963,100,970,128,pole
/work/mathiamt/SnowPoleDetection/RetinaNet/keras-retinanet/retinanet_data/lidar/images/train/image_601.png,977,95,983,128,pole
/work/mathiamt/SnowPoleDetection/RetinaNet/keras-retinanet/retinanet_data/lidar/images/train/image_601.png,99,91,106,123,pole
/work/mathiamt/SnowPoleDetection/RetinaNet/keras-retinanet/retinanet_data/lidar/images/train/image_603.png,452,73,456,92,pole
/work/mathiamt/SnowPoleDetection/RetinaNet/keras-retinanet/retinanet_data/lidar/images/train/image_603.png,993,86,998,110,pole
/work/mathiamt/SnowPoleDetection/RetinaNet/keras-retinanet/retinanet_data/lidar/images/train/image_604.png,446,78,452,95,pole
/work/mathiamt/SnowPoleDetection/RetinaNet/keras-retinanet/retinanet_data/lidar/images/train/image_604.png,997,86,1001,105,pole
/work/mathiamt/SnowPoleDetection/RetinaNet/keras-retinanet/retinanet_data/lidar/images/train/image_605.png,439,79,445,100,pole
/work/mathiamt/SnowPoleDetection/RetinaNet/keras-retinanet/retinanet_data/lidar/images/train/image_606.png,429,78,435,103,pole
/work/mathiamt/SnowPoleDetection/RetinaNet/keras-retinanet/retinanet_data/lidar/images/train/image_606.png,48,81,53,105,pole
/work/mathiamt/SnowPoleDetection/RetinaNet/keras-retinanet/retinanet_data/lidar/images/train/image_607.png,418,86,424,113,pole
/work/mathiamt/SnowPoleDetection/RetinaNet/keras-retinanet/retinanet_data/lidar/images/train/image_607.png,535,78,540,98,pole
/work/mathiamt/SnowPoleDetection/RetinaNet/keras-retinanet/retinanet_data/lidar/images/train/image_608.png,396,90,408,120,pole
/work/mathiamt/SnowPoleDetection/RetinaNet/keras-retinanet/retinanet_data/lidar/images/train/image_608.png,540,79,546,104,pole
/work/mathiamt/SnowPoleDetection/RetinaNet/keras-retinanet/retinanet_data/lidar/images/train/image_609.png,375,86,386,127,pole
/work/mathiamt/SnowPoleDetection/RetinaNet/keras-retinanet/retinanet_data/lidar/images/train/image_609.png,550,94,555,111,pole
/work/mathiamt/SnowPoleDetection/RetinaNet/keras-retinanet/retinanet_data/lidar/images/train/image_61.png,776,115,785,127,pole
/work/mathiamt/SnowPoleDetection/RetinaNet/keras-retinanet/retinanet_data/lidar/images/train/image_61.png,264,100,275,128,pole
/work/mathiamt/SnowPoleDetection/RetinaNet/keras-retinanet/retinanet_data/lidar/images/train/image_611.png,590,93,600,128,pole
/work/mathiamt/SnowPoleDetection/RetinaNet/keras-retinanet/retinanet_data/lidar/images/train/image_611.png,302,96,313,128,pole
/work/mathiamt/SnowPoleDetection/RetinaNet/keras-retinanet/retinanet_data/lidar/images/train/image_612.png,250,101,263,128,pole
/work/mathiamt/SnowPoleDetection/RetinaNet/keras-retinanet/retinanet_data/lidar/images/train/image_612.png,655,119,663,128,pole
/work/mathiamt/SnowPoleDetection/RetinaNet/keras-retinanet/retinanet_data/lidar/images/train/image_613.png,200,104,210,127,pole
/work/mathiamt/SnowPoleDetection/RetinaNet/keras-retinanet/retinanet_data/lidar/images/train/image_615.png,123,102,133,127,pole
/work/mathiamt/SnowPoleDetection/RetinaNet/keras-retinanet/retinanet_data/lidar/images/train/image_615.png,948,97,957,128,pole
/work/mathiamt/SnowPoleDetection/RetinaNet/keras-retinanet/retinanet_data/lidar/images/train/image_616.png,969,104,977,128,pole
/work/mathiamt/SnowPoleDetection/RetinaNet/keras-retinanet/retinanet_data/lidar/images/train/image_616.png,100,89,110,125,pole
/work/mathiamt/SnowPoleDetection/RetinaNet/keras-retinanet/retinanet_data/lidar/images/train/image_617.png,84,91,92,128,pole
/work/mathiamt/SnowPoleDetection/RetinaNet/keras-retinanet/retinanet_data/lidar/images/train/image_617.png,980,91,988,124,pole
/work/mathiamt/SnowPoleDetection/RetinaNet/keras-retinanet/retinanet_data/lidar/images/train/image_617.png,459,71,463,88,pole
/work/mathiamt/SnowPoleDetection/RetinaNet/keras-retinanet/retinanet_data/lidar/images/train/image_621.png,432,74,439,104,pole
/work/mathiamt/SnowPoleDetection/RetinaNet/keras-retinanet/retinanet_data/lidar/images/train/image_622.png,421,81,429,109,pole
/work/mathiamt/SnowPoleDetection/RetinaNet/keras-retinanet/retinanet_data/lidar/images/train/image_622.png,534,75,540,107,pole
/work/mathiamt/SnowPoleDetection/RetinaNet/keras-retinanet/retinanet_data/lidar/images/train/image_623.png,403,88,409,117,pole
/work/mathiamt/SnowPoleDetection/RetinaNet/keras-retinanet/retinanet_data/lidar/images/train/image_623.png,407,78,412,118,pole
/work/mathiamt/SnowPoleDetection/RetinaNet/keras-retinanet/retinanet_data/lidar/images/train/image_623.png,541,77,548,112,pole
/work/mathiamt/SnowPoleDetection/RetinaNet/keras-retinanet/retinanet_data/lidar/images/train/image_625.png,353,90,365,128,pole
/work/mathiamt/SnowPoleDetection/RetinaNet/keras-retinanet/retinanet_data/lidar/images/train/image_625.png,567,78,578,127,pole
/work/mathiamt/SnowPoleDetection/RetinaNet/keras-retinanet/retinanet_data/lidar/images/train/image_626.png,605,87,614,128,pole
/work/mathiamt/SnowPoleDetection/RetinaNet/keras-retinanet/retinanet_data/lidar/images/train/image_626.png,311,95,324,128,pole
/work/mathiamt/SnowPoleDetection/RetinaNet/keras-retinanet/retinanet_data/lidar/images/train/image_628.png,864,106,875,128,pole
/work/mathiamt/SnowPoleDetection/RetinaNet/keras-retinanet/retinanet_data/lidar/images/train/image_628.png,207,102,218,127,pole
/work/mathiamt/SnowPoleDetection/RetinaNet/keras-retinanet/retinanet_data/lidar/images/train/image_629.png,932,93,945,128,pole
/work/mathiamt/SnowPoleDetection/RetinaNet/keras-retinanet/retinanet_data/lidar/images/train/image_629.png,161,100,170,128,pole
/work/mathiamt/SnowPoleDetection/RetinaNet/keras-retinanet/retinanet_data/lidar/images/train/image_63.png,155,96,165,128,pole
/work/mathiamt/SnowPoleDetection/RetinaNet/keras-retinanet/retinanet_data/lidar/images/train/image_63.png,939,90,950,127,pole
/work/mathiamt/SnowPoleDetection/RetinaNet/keras-retinanet/retinanet_data/lidar/images/train/image_630.png,960,88,969,128,pole
/work/mathiamt/SnowPoleDetection/RetinaNet/keras-retinanet/retinanet_data/lidar/images/train/image_630.png,124,99,136,128,pole
/work/mathiamt/SnowPoleDetection/RetinaNet/keras-retinanet/retinanet_data/lidar/images/train/image_631.png,975,80,983,125,pole
/work/mathiamt/SnowPoleDetection/RetinaNet/keras-retinanet/retinanet_data/lidar/images/train/image_631.png,101,88,110,127,pole
/work/mathiamt/SnowPoleDetection/RetinaNet/keras-retinanet/retinanet_data/lidar/images/train/image_632.png,985,77,992,121,pole
/work/mathiamt/SnowPoleDetection/RetinaNet/keras-retinanet/retinanet_data/lidar/images/train/image_632.png,84,88,92,127,pole
/work/mathiamt/SnowPoleDetection/RetinaNet/keras-retinanet/retinanet_data/lidar/images/train/image_633.png,992,71,997,110,pole
/work/mathiamt/SnowPoleDetection/RetinaNet/keras-retinanet/retinanet_data/lidar/images/train/image_633.png,72,89,78,112,pole
/work/mathiamt/SnowPoleDetection/RetinaNet/keras-retinanet/retinanet_data/lidar/images/train/image_634.png,451,71,455,87,pole
/work/mathiamt/SnowPoleDetection/RetinaNet/keras-retinanet/retinanet_data/lidar/images/train/image_634.png,996,84,1001,102,pole
/work/mathiamt/SnowPoleDetection/RetinaNet/keras-retinanet/retinanet_data/lidar/images/train/image_634.png,62,88,67,104,pole
/work/mathiamt/SnowPoleDetection/RetinaNet/keras-retinanet/retinanet_data/lidar/images/train/image_635.png,999,81,1005,100,pole
/work/mathiamt/SnowPoleDetection/RetinaNet/keras-retinanet/retinanet_data/lidar/images/train/image_635.png,443,75,448,94,pole
/work/mathiamt/SnowPoleDetection/RetinaNet/keras-retinanet/retinanet_data/lidar/images/train/image_636.png,536,69,540,86,pole
/work/mathiamt/SnowPoleDetection/RetinaNet/keras-retinanet/retinanet_data/lidar/images/train/image_636.png,435,78,440,94,pole
/work/mathiamt/SnowPoleDetection/RetinaNet/keras-retinanet/retinanet_data/lidar/images/train/image_639.png,561,76,570,124,pole
/work/mathiamt/SnowPoleDetection/RetinaNet/keras-retinanet/retinanet_data/lidar/images/train/image_639.png,386,81,393,125,pole
/work/mathiamt/SnowPoleDetection/RetinaNet/keras-retinanet/retinanet_data/lidar/images/train/image_64.png,963,93,970,127,pole
/work/mathiamt/SnowPoleDetection/RetinaNet/keras-retinanet/retinanet_data/lidar/images/train/image_64.png,120,92,127,127,pole
/work/mathiamt/SnowPoleDetection/RetinaNet/keras-retinanet/retinanet_data/lidar/images/train/image_640.png,356,91,362,127,pole
/work/mathiamt/SnowPoleDetection/RetinaNet/keras-retinanet/retinanet_data/lidar/images/train/image_640.png,585,71,594,128,pole
/work/mathiamt/SnowPoleDetection/RetinaNet/keras-retinanet/retinanet_data/lidar/images/train/image_641.png,634,77,645,128,pole
/work/mathiamt/SnowPoleDetection/RetinaNet/keras-retinanet/retinanet_data/lidar/images/train/image_641.png,311,94,321,126,pole
/work/mathiamt/SnowPoleDetection/RetinaNet/keras-retinanet/retinanet_data/lidar/images/train/image_642.png,750,90,764,128,pole
/work/mathiamt/SnowPoleDetection/RetinaNet/keras-retinanet/retinanet_data/lidar/images/train/image_642.png,260,94,270,128,pole
/work/mathiamt/SnowPoleDetection/RetinaNet/keras-retinanet/retinanet_data/lidar/images/train/image_643.png,879,88,889,128,pole
/work/mathiamt/SnowPoleDetection/RetinaNet/keras-retinanet/retinanet_data/lidar/images/train/image_643.png,207,98,214,128,pole
/work/mathiamt/SnowPoleDetection/RetinaNet/keras-retinanet/retinanet_data/lidar/images/train/image_644.png,933,82,943,128,pole
/work/mathiamt/SnowPoleDetection/RetinaNet/keras-retinanet/retinanet_data/lidar/images/train/image_644.png,160,95,168,125,pole
/work/mathiamt/SnowPoleDetection/RetinaNet/keras-retinanet/retinanet_data/lidar/images/train/image_648.png,989,68,994,101,pole
/work/mathiamt/SnowPoleDetection/RetinaNet/keras-retinanet/retinanet_data/lidar/images/train/image_648.png,71,88,76,109,pole
/work/mathiamt/SnowPoleDetection/RetinaNet/keras-retinanet/retinanet_data/lidar/images/train/image_65.png,96,89,102,127,pole
/work/mathiamt/SnowPoleDetection/RetinaNet/keras-retinanet/retinanet_data/lidar/images/train/image_65.png,975,77,982,118,pole
/work/mathiamt/SnowPoleDetection/RetinaNet/keras-retinanet/retinanet_data/lidar/images/train/image_650.png,444,74,450,98,pole
/work/mathiamt/SnowPoleDetection/RetinaNet/keras-retinanet/retinanet_data/lidar/images/train/image_650.png,53,87,58,103,pole
/work/mathiamt/SnowPoleDetection/RetinaNet/keras-retinanet/retinanet_data/lidar/images/train/image_652.png,425,82,431,105,pole
/work/mathiamt/SnowPoleDetection/RetinaNet/keras-retinanet/retinanet_data/lidar/images/train/image_652.png,44,81,47,97,pole
/work/mathiamt/SnowPoleDetection/RetinaNet/keras-retinanet/retinanet_data/lidar/images/train/image_652.png,539,82,546,99,pole
/work/mathiamt/SnowPoleDetection/RetinaNet/keras-retinanet/retinanet_data/lidar/images/train/image_653.png,408,88,416,117,pole
/work/mathiamt/SnowPoleDetection/RetinaNet/keras-retinanet/retinanet_data/lidar/images/train/image_653.png,548,81,554,108,pole
/work/mathiamt/SnowPoleDetection/RetinaNet/keras-retinanet/retinanet_data/lidar/images/train/image_654.png,385,89,395,126,pole
/work/mathiamt/SnowPoleDetection/RetinaNet/keras-retinanet/retinanet_data/lidar/images/train/image_654.png,561,87,566,120,pole
/work/mathiamt/SnowPoleDetection/RetinaNet/keras-retinanet/retinanet_data/lidar/images/train/image_655.png,581,76,590,128,pole
/work/mathiamt/SnowPoleDetection/RetinaNet/keras-retinanet/retinanet_data/lidar/images/train/image_655.png,356,95,366,127,pole
/work/mathiamt/SnowPoleDetection/RetinaNet/keras-retinanet/retinanet_data/lidar/images/train/image_657.png,262,97,271,127,pole
/work/mathiamt/SnowPoleDetection/RetinaNet/keras-retinanet/retinanet_data/lidar/images/train/image_657.png,728,116,738,128,pole
/work/mathiamt/SnowPoleDetection/RetinaNet/keras-retinanet/retinanet_data/lidar/images/train/image_659.png,928,94,936,127,pole
/work/mathiamt/SnowPoleDetection/RetinaNet/keras-retinanet/retinanet_data/lidar/images/train/image_659.png,160,99,169,128,pole
/work/mathiamt/SnowPoleDetection/RetinaNet/keras-retinanet/retinanet_data/lidar/images/train/image_66.png,76,96,84,128,pole
/work/mathiamt/SnowPoleDetection/RetinaNet/keras-retinanet/retinanet_data/lidar/images/train/image_66.png,983,79,989,107,pole
/work/mathiamt/SnowPoleDetection/RetinaNet/keras-retinanet/retinanet_data/lidar/images/train/image_660.png,125,92,134,128,pole
/work/mathiamt/SnowPoleDetection/RetinaNet/keras-retinanet/retinanet_data/lidar/images/train/image_660.png,955,84,964,128,pole
/work/mathiamt/SnowPoleDetection/RetinaNet/keras-retinanet/retinanet_data/lidar/images/train/image_661.png,101,92,108,126,pole
/work/mathiamt/SnowPoleDetection/RetinaNet/keras-retinanet/retinanet_data/lidar/images/train/image_661.png,971,82,979,127,pole
/work/mathiamt/SnowPoleDetection/RetinaNet/keras-retinanet/retinanet_data/lidar/images/train/image_663.png,988,84,994,107,pole
/work/mathiamt/SnowPoleDetection/RetinaNet/keras-retinanet/retinanet_data/lidar/images/train/image_663.png,70,97,75,117,pole
/work/mathiamt/SnowPoleDetection/RetinaNet/keras-retinanet/retinanet_data/lidar/images/train/image_664.png,60,83,67,114,pole
/work/mathiamt/SnowPoleDetection/RetinaNet/keras-retinanet/retinanet_data/lidar/images/train/image_664.png,451,74,457,94,pole
/work/mathiamt/SnowPoleDetection/RetinaNet/keras-retinanet/retinanet_data/lidar/images/train/image_666.png,436,82,441,99,pole
/work/mathiamt/SnowPoleDetection/RetinaNet/keras-retinanet/retinanet_data/lidar/images/train/image_666.png,535,82,539,98,pole
/work/mathiamt/SnowPoleDetection/RetinaNet/keras-retinanet/retinanet_data/lidar/images/train/image_667.png,422,83,433,109,pole
/work/mathiamt/SnowPoleDetection/RetinaNet/keras-retinanet/retinanet_data/lidar/images/train/image_667.png,539,83,545,99,pole
/work/mathiamt/SnowPoleDetection/RetinaNet/keras-retinanet/retinanet_data/lidar/images/train/image_668.png,406,85,415,120,pole
/work/mathiamt/SnowPoleDetection/RetinaNet/keras-retinanet/retinanet_data/lidar/images/train/image_668.png,546,80,554,112,pole
/work/mathiamt/SnowPoleDetection/RetinaNet/keras-retinanet/retinanet_data/lidar/images/train/image_67.png,988,78,994,103,pole
/work/mathiamt/SnowPoleDetection/RetinaNet/keras-retinanet/retinanet_data/lidar/images/train/image_672.png,262,99,268,128,pole
/work/mathiamt/SnowPoleDetection/RetinaNet/keras-retinanet/retinanet_data/lidar/images/train/image_674.png,160,99,168,128,pole
/work/mathiamt/SnowPoleDetection/RetinaNet/keras-retinanet/retinanet_data/lidar/images/train/image_674.png,942,94,950,128,pole
/work/mathiamt/SnowPoleDetection/RetinaNet/keras-retinanet/retinanet_data/lidar/images/train/image_675.png,965,87,971,128,pole
/work/mathiamt/SnowPoleDetection/RetinaNet/keras-retinanet/retinanet_data/lidar/images/train/image_675.png,126,98,132,127,pole
/work/mathiamt/SnowPoleDetection/RetinaNet/keras-retinanet/retinanet_data/lidar/images/train/image_678.png,992,83,998,109,pole
/work/mathiamt/SnowPoleDetection/RetinaNet/keras-retinanet/retinanet_data/lidar/images/train/image_679.png,451,78,453,93,pole
/work/mathiamt/SnowPoleDetection/RetinaNet/keras-retinanet/retinanet_data/lidar/images/train/image_679.png,996,82,1000,101,pole
/work/mathiamt/SnowPoleDetection/RetinaNet/keras-retinanet/retinanet_data/lidar/images/train/image_68.png,993,78,999,98,pole
/work/mathiamt/SnowPoleDetection/RetinaNet/keras-retinanet/retinanet_data/lidar/images/train/image_68.png,54,89,60,117,pole
/work/mathiamt/SnowPoleDetection/RetinaNet/keras-retinanet/retinanet_data/lidar/images/train/image_680.png,443,79,448,101,pole
/work/mathiamt/SnowPoleDetection/RetinaNet/keras-retinanet/retinanet_data/lidar/images/train/image_680.png,1000,82,1003,99,pole
/work/mathiamt/SnowPoleDetection/RetinaNet/keras-retinanet/retinanet_data/lidar/images/train/image_681.png,433,84,439,110,pole
/work/mathiamt/SnowPoleDetection/RetinaNet/keras-retinanet/retinanet_data/lidar/images/train/image_681.png,534,74,540,95,pole
/work/mathiamt/SnowPoleDetection/RetinaNet/keras-retinanet/retinanet_data/lidar/images/train/image_682.png,422,84,428,119,pole
/work/mathiamt/SnowPoleDetection/RetinaNet/keras-retinanet/retinanet_data/lidar/images/train/image_682.png,541,78,545,98,pole
/work/mathiamt/SnowPoleDetection/RetinaNet/keras-retinanet/retinanet_data/lidar/images/train/image_685.png,585,86,594,128,pole
/work/mathiamt/SnowPoleDetection/RetinaNet/keras-retinanet/retinanet_data/lidar/images/train/image_685.png,355,99,363,128,pole
/work/mathiamt/SnowPoleDetection/RetinaNet/keras-retinanet/retinanet_data/lidar/images/train/image_688.png,902,102,913,128,pole
/work/mathiamt/SnowPoleDetection/RetinaNet/keras-retinanet/retinanet_data/lidar/images/train/image_688.png,212,105,220,128,pole
/work/mathiamt/SnowPoleDetection/RetinaNet/keras-retinanet/retinanet_data/lidar/images/train/image_689.png,947,101,955,128,pole
/work/mathiamt/SnowPoleDetection/RetinaNet/keras-retinanet/retinanet_data/lidar/images/train/image_689.png,165,104,174,128,pole
/work/mathiamt/SnowPoleDetection/RetinaNet/keras-retinanet/retinanet_data/lidar/images/train/image_690.png,129,101,138,128,pole
/work/mathiamt/SnowPoleDetection/RetinaNet/keras-retinanet/retinanet_data/lidar/images/train/image_690.png,966,94,975,128,pole
/work/mathiamt/SnowPoleDetection/RetinaNet/keras-retinanet/retinanet_data/lidar/images/train/image_691.png,103,96,113,128,pole
/work/mathiamt/SnowPoleDetection/RetinaNet/keras-retinanet/retinanet_data/lidar/images/train/image_691.png,976,86,986,120,pole
/work/mathiamt/SnowPoleDetection/RetinaNet/keras-retinanet/retinanet_data/lidar/images/train/image_692.png,986,84,993,112,pole
/work/mathiamt/SnowPoleDetection/RetinaNet/keras-retinanet/retinanet_data/lidar/images/train/image_692.png,85,95,93,120,pole
/work/mathiamt/SnowPoleDetection/RetinaNet/keras-retinanet/retinanet_data/lidar/images/train/image_693.png,454,71,461,88,pole
/work/mathiamt/SnowPoleDetection/RetinaNet/keras-retinanet/retinanet_data/lidar/images/train/image_693.png,991,82,997,104,pole
/work/mathiamt/SnowPoleDetection/RetinaNet/keras-retinanet/retinanet_data/lidar/images/train/image_693.png,73,96,79,114,pole
/work/mathiamt/SnowPoleDetection/RetinaNet/keras-retinanet/retinanet_data/lidar/images/train/image_695.png,441,79,448,101,pole
/work/mathiamt/SnowPoleDetection/RetinaNet/keras-retinanet/retinanet_data/lidar/images/train/image_695.png,54,92,60,109,pole
/work/mathiamt/SnowPoleDetection/RetinaNet/keras-retinanet/retinanet_data/lidar/images/train/image_697.png,419,87,426,113,pole
/work/mathiamt/SnowPoleDetection/RetinaNet/keras-retinanet/retinanet_data/lidar/images/train/image_697.png,545,87,548,100,pole
/work/mathiamt/SnowPoleDetection/RetinaNet/keras-retinanet/retinanet_data/lidar/images/train/image_698.png,403,95,408,120,pole
/work/mathiamt/SnowPoleDetection/RetinaNet/keras-retinanet/retinanet_data/lidar/images/train/image_698.png,554,80,559,107,pole
/work/mathiamt/SnowPoleDetection/RetinaNet/keras-retinanet/retinanet_data/lidar/images/train/image_70.png,539,75,544,94,pole
/work/mathiamt/SnowPoleDetection/RetinaNet/keras-retinanet/retinanet_data/lidar/images/train/image_70.png,432,80,439,105,pole
/work/mathiamt/SnowPoleDetection/RetinaNet/keras-retinanet/retinanet_data/lidar/images/train/image_70.png,997,76,1003,97,pole
/work/mathiamt/SnowPoleDetection/RetinaNet/keras-retinanet/retinanet_data/lidar/images/train/image_700.png,596,85,604,128,pole
/work/mathiamt/SnowPoleDetection/RetinaNet/keras-retinanet/retinanet_data/lidar/images/train/image_700.png,344,101,355,127,pole
/work/mathiamt/SnowPoleDetection/RetinaNet/keras-retinanet/retinanet_data/lidar/images/train/image_701.png,664,103,674,128,pole
/work/mathiamt/SnowPoleDetection/RetinaNet/keras-retinanet/retinanet_data/lidar/images/train/image_701.png,300,102,308,127,pole
/work/mathiamt/SnowPoleDetection/RetinaNet/keras-retinanet/retinanet_data/lidar/images/train/image_704.png,945,91,955,128,pole
/work/mathiamt/SnowPoleDetection/RetinaNet/keras-retinanet/retinanet_data/lidar/images/train/image_704.png,153,103,163,127,pole
/work/mathiamt/SnowPoleDetection/RetinaNet/keras-retinanet/retinanet_data/lidar/images/train/image_706.png,978,85,984,110,pole
/work/mathiamt/SnowPoleDetection/RetinaNet/keras-retinanet/retinanet_data/lidar/images/train/image_706.png,453,74,458,91,pole
/work/mathiamt/SnowPoleDetection/RetinaNet/keras-retinanet/retinanet_data/lidar/images/train/image_706.png,99,94,104,124,pole
/work/mathiamt/SnowPoleDetection/RetinaNet/keras-retinanet/retinanet_data/lidar/images/train/image_707.png,446,73,451,93,pole
/work/mathiamt/SnowPoleDetection/RetinaNet/keras-retinanet/retinanet_data/lidar/images/train/image_707.png,81,87,87,116,pole
/work/mathiamt/SnowPoleDetection/RetinaNet/keras-retinanet/retinanet_data/lidar/images/train/image_708.png,437,76,444,96,pole
/work/mathiamt/SnowPoleDetection/RetinaNet/keras-retinanet/retinanet_data/lidar/images/train/image_708.png,69,87,76,113,pole
/work/mathiamt/SnowPoleDetection/RetinaNet/keras-retinanet/retinanet_data/lidar/images/train/image_708.png,540,79,544,94,pole
/work/mathiamt/SnowPoleDetection/RetinaNet/keras-retinanet/retinanet_data/lidar/images/train/image_709.png,425,80,431,107,pole
/work/mathiamt/SnowPoleDetection/RetinaNet/keras-retinanet/retinanet_data/lidar/images/train/image_709.png,59,97,65,112,pole
/work/mathiamt/SnowPoleDetection/RetinaNet/keras-retinanet/retinanet_data/lidar/images/train/image_709.png,547,83,551,105,pole
/work/mathiamt/SnowPoleDetection/RetinaNet/keras-retinanet/retinanet_data/lidar/images/train/image_71.png,418,82,425,118,pole
/work/mathiamt/SnowPoleDetection/RetinaNet/keras-retinanet/retinanet_data/lidar/images/train/image_71.png,545,74,551,106,pole
/work/mathiamt/SnowPoleDetection/RetinaNet/keras-retinanet/retinanet_data/lidar/images/train/image_712.png,354,103,358,128,pole
/work/mathiamt/SnowPoleDetection/RetinaNet/keras-retinanet/retinanet_data/lidar/images/train/image_712.png,357,101,366,128,pole
/work/mathiamt/SnowPoleDetection/RetinaNet/keras-retinanet/retinanet_data/lidar/images/train/image_712.png,601,89,610,128,pole
/work/mathiamt/SnowPoleDetection/RetinaNet/keras-retinanet/retinanet_data/lidar/images/train/image_713.png,676,113,684,128,pole
/work/mathiamt/SnowPoleDetection/RetinaNet/keras-retinanet/retinanet_data/lidar/images/train/image_713.png,309,101,322,128,pole
/work/mathiamt/SnowPoleDetection/RetinaNet/keras-retinanet/retinanet_data/lidar/images/train/image_716.png,948,94,957,128,pole
/work/mathiamt/SnowPoleDetection/RetinaNet/keras-retinanet/retinanet_data/lidar/images/train/image_716.png,157,97,167,128,pole
/work/mathiamt/SnowPoleDetection/RetinaNet/keras-retinanet/retinanet_data/lidar/images/train/image_718.png,977,82,984,110,pole
/work/mathiamt/SnowPoleDetection/RetinaNet/keras-retinanet/retinanet_data/lidar/images/train/image_718.png,98,104,104,120,pole
/work/mathiamt/SnowPoleDetection/RetinaNet/keras-retinanet/retinanet_data/lidar/images/train/image_719.png,81,84,86,113,pole
/work/mathiamt/SnowPoleDetection/RetinaNet/keras-retinanet/retinanet_data/lidar/images/train/image_720.png,68,91,72,123,pole
/work/mathiamt/SnowPoleDetection/RetinaNet/keras-retinanet/retinanet_data/lidar/images/train/image_720.png,454,77,459,90,pole
/work/mathiamt/SnowPoleDetection/RetinaNet/keras-retinanet/retinanet_data/lidar/images/train/image_722.png,442,76,445,95,pole
/work/mathiamt/SnowPoleDetection/RetinaNet/keras-retinanet/retinanet_data/lidar/images/train/image_722.png,52,85,55,111,pole
/work/mathiamt/SnowPoleDetection/RetinaNet/keras-retinanet/retinanet_data/lidar/images/train/image_724.png,420,87,426,113,pole
/work/mathiamt/SnowPoleDetection/RetinaNet/keras-retinanet/retinanet_data/lidar/images/train/image_726.png,382,96,391,127,pole
/work/mathiamt/SnowPoleDetection/RetinaNet/keras-retinanet/retinanet_data/lidar/images/train/image_727.png,354,110,363,128,pole
/work/mathiamt/SnowPoleDetection/RetinaNet/keras-retinanet/retinanet_data/lidar/images/train/image_73.png,370,100,379,128,pole
/work/mathiamt/SnowPoleDetection/RetinaNet/keras-retinanet/retinanet_data/lidar/images/train/image_73.png,576,80,587,128,pole
/work/mathiamt/SnowPoleDetection/RetinaNet/keras-retinanet/retinanet_data/lidar/images/train/image_733.png,116,111,121,128,pole
/work/mathiamt/SnowPoleDetection/RetinaNet/keras-retinanet/retinanet_data/lidar/images/train/image_737.png,61,92,65,116,pole
/work/mathiamt/SnowPoleDetection/RetinaNet/keras-retinanet/retinanet_data/lidar/images/train/image_75.png,739,105,749,127,pole
/work/mathiamt/SnowPoleDetection/RetinaNet/keras-retinanet/retinanet_data/lidar/images/train/image_75.png,284,103,291,128,pole
/work/mathiamt/SnowPoleDetection/RetinaNet/keras-retinanet/retinanet_data/lidar/images/train/image_762.png,555,65,562,101,pole
/work/mathiamt/SnowPoleDetection/RetinaNet/keras-retinanet/retinanet_data/lidar/images/train/image_764.png,591,61,604,128,pole
/work/mathiamt/SnowPoleDetection/RetinaNet/keras-retinanet/retinanet_data/lidar/images/train/image_765.png,640,68,655,127,pole
/work/mathiamt/SnowPoleDetection/RetinaNet/keras-retinanet/retinanet_data/lidar/images/train/image_766.png,750,77,761,128,pole
/work/mathiamt/SnowPoleDetection/RetinaNet/keras-retinanet/retinanet_data/lidar/images/train/image_768.png,923,78,932,128,pole
/work/mathiamt/SnowPoleDetection/RetinaNet/keras-retinanet/retinanet_data/lidar/images/train/image_769.png,951,76,958,127,pole
/work/mathiamt/SnowPoleDetection/RetinaNet/keras-retinanet/retinanet_data/lidar/images/train/image_77.png,939,88,946,128,pole
/work/mathiamt/SnowPoleDetection/RetinaNet/keras-retinanet/retinanet_data/lidar/images/train/image_77.png,174,101,184,128,pole
/work/mathiamt/SnowPoleDetection/RetinaNet/keras-retinanet/retinanet_data/lidar/images/train/image_772.png,447,66,451,85,pole
/work/mathiamt/SnowPoleDetection/RetinaNet/keras-retinanet/retinanet_data/lidar/images/train/image_773.png,439,67,445,91,pole
/work/mathiamt/SnowPoleDetection/RetinaNet/keras-retinanet/retinanet_data/lidar/images/train/image_775.png,418,72,425,98,pole
/work/mathiamt/SnowPoleDetection/RetinaNet/keras-retinanet/retinanet_data/lidar/images/train/image_776.png,400,79,404,102,pole
/work/mathiamt/SnowPoleDetection/RetinaNet/keras-retinanet/retinanet_data/lidar/images/train/image_776.png,403,78,410,105,pole
/work/mathiamt/SnowPoleDetection/RetinaNet/keras-retinanet/retinanet_data/lidar/images/train/image_777.png,379,77,383,102,pole
/work/mathiamt/SnowPoleDetection/RetinaNet/keras-retinanet/retinanet_data/lidar/images/train/image_777.png,382,75,389,104,pole
/work/mathiamt/SnowPoleDetection/RetinaNet/keras-retinanet/retinanet_data/lidar/images/train/image_779.png,314,81,323,120,pole
/work/mathiamt/SnowPoleDetection/RetinaNet/keras-retinanet/retinanet_data/lidar/images/train/image_78.png,961,89,971,128,pole
/work/mathiamt/SnowPoleDetection/RetinaNet/keras-retinanet/retinanet_data/lidar/images/train/image_780.png,264,84,274,119,pole
/work/mathiamt/SnowPoleDetection/RetinaNet/keras-retinanet/retinanet_data/lidar/images/train/image_781.png,214,83,224,120,pole
/work/mathiamt/SnowPoleDetection/RetinaNet/keras-retinanet/retinanet_data/lidar/images/train/image_783.png,135,82,142,118,pole
/work/mathiamt/SnowPoleDetection/RetinaNet/keras-retinanet/retinanet_data/lidar/images/train/image_784.png,109,80,117,119,pole
/work/mathiamt/SnowPoleDetection/RetinaNet/keras-retinanet/retinanet_data/lidar/images/train/image_785.png,91,80,97,118,pole
/work/mathiamt/SnowPoleDetection/RetinaNet/keras-retinanet/retinanet_data/lidar/images/train/image_786.png,460,63,465,81,pole
/work/mathiamt/SnowPoleDetection/RetinaNet/keras-retinanet/retinanet_data/lidar/images/train/image_788.png,452,67,455,86,pole
/work/mathiamt/SnowPoleDetection/RetinaNet/keras-retinanet/retinanet_data/lidar/images/train/image_789.png,444,71,449,95,pole
/work/mathiamt/SnowPoleDetection/RetinaNet/keras-retinanet/retinanet_data/lidar/images/train/image_79.png,975,81,982,125,pole
/work/mathiamt/SnowPoleDetection/RetinaNet/keras-retinanet/retinanet_data/lidar/images/train/image_79.png,106,98,113,122,pole
/work/mathiamt/SnowPoleDetection/RetinaNet/keras-retinanet/retinanet_data/lidar/images/train/image_791.png,425,68,432,98,pole
/work/mathiamt/SnowPoleDetection/RetinaNet/keras-retinanet/retinanet_data/lidar/images/train/image_791.png,548,69,553,93,pole
/work/mathiamt/SnowPoleDetection/RetinaNet/keras-retinanet/retinanet_data/lidar/images/train/image_792.png,557,67,564,100,pole
/work/mathiamt/SnowPoleDetection/RetinaNet/keras-retinanet/retinanet_data/lidar/images/train/image_792.png,409,73,418,108,pole
/work/mathiamt/SnowPoleDetection/RetinaNet/keras-retinanet/retinanet_data/lidar/images/train/image_793.png,568,69,573,114,pole
/work/mathiamt/SnowPoleDetection/RetinaNet/keras-retinanet/retinanet_data/lidar/images/train/image_793.png,572,69,580,113,pole
/work/mathiamt/SnowPoleDetection/RetinaNet/keras-retinanet/retinanet_data/lidar/images/train/image_793.png,389,75,394,112,pole
/work/mathiamt/SnowPoleDetection/RetinaNet/keras-retinanet/retinanet_data/lidar/images/train/image_793.png,392,75,399,110,pole
/work/mathiamt/SnowPoleDetection/RetinaNet/keras-retinanet/retinanet_data/lidar/images/train/image_794.png,594,74,603,128,pole
/work/mathiamt/SnowPoleDetection/RetinaNet/keras-retinanet/retinanet_data/lidar/images/train/image_794.png,363,75,374,117,pole
/work/mathiamt/SnowPoleDetection/RetinaNet/keras-retinanet/retinanet_data/lidar/images/train/image_795.png,641,83,651,128,pole
/work/mathiamt/SnowPoleDetection/RetinaNet/keras-retinanet/retinanet_data/lidar/images/train/image_795.png,327,79,338,123,pole
/work/mathiamt/SnowPoleDetection/RetinaNet/keras-retinanet/retinanet_data/lidar/images/train/image_798.png,176,94,184,125,pole
/work/mathiamt/SnowPoleDetection/RetinaNet/keras-retinanet/retinanet_data/lidar/images/train/image_798.png,915,74,921,127,pole
/work/mathiamt/SnowPoleDetection/RetinaNet/keras-retinanet/retinanet_data/lidar/images/train/image_8.png,963,85,974,125,pole
/work/mathiamt/SnowPoleDetection/RetinaNet/keras-retinanet/retinanet_data/lidar/images/train/image_8.png,99,96,107,126,pole
/work/mathiamt/SnowPoleDetection/RetinaNet/keras-retinanet/retinanet_data/lidar/images/train/image_80.png,984,88,990,107,pole
/work/mathiamt/SnowPoleDetection/RetinaNet/keras-retinanet/retinanet_data/lidar/images/train/image_80.png,86,88,94,114,pole
/work/mathiamt/SnowPoleDetection/RetinaNet/keras-retinanet/retinanet_data/lidar/images/train/image_800.png,109,80,117,114,pole
/work/mathiamt/SnowPoleDetection/RetinaNet/keras-retinanet/retinanet_data/lidar/images/train/image_800.png,960,81,969,118,pole
/work/mathiamt/SnowPoleDetection/RetinaNet/keras-retinanet/retinanet_data/lidar/images/train/image_801.png,971,77,979,107,pole
/work/mathiamt/SnowPoleDetection/RetinaNet/keras-retinanet/retinanet_data/lidar/images/train/image_801.png,89,79,96,116,pole
/work/mathiamt/SnowPoleDetection/RetinaNet/keras-retinanet/retinanet_data/lidar/images/train/image_802.png,73,79,80,110,pole
/work/mathiamt/SnowPoleDetection/RetinaNet/keras-retinanet/retinanet_data/lidar/images/train/image_802.png,978,76,987,106,pole
/work/mathiamt/SnowPoleDetection/RetinaNet/keras-retinanet/retinanet_data/lidar/images/train/image_803.png,63,82,68,101,pole
/work/mathiamt/SnowPoleDetection/RetinaNet/keras-retinanet/retinanet_data/lidar/images/train/image_803.png,985,82,991,96,pole
/work/mathiamt/SnowPoleDetection/RetinaNet/keras-retinanet/retinanet_data/lidar/images/train/image_804.png,990,75,997,98,pole
/work/mathiamt/SnowPoleDetection/RetinaNet/keras-retinanet/retinanet_data/lidar/images/train/image_805.png,993,77,998,93,pole
/work/mathiamt/SnowPoleDetection/RetinaNet/keras-retinanet/retinanet_data/lidar/images/train/image_806.png,995,75,1001,91,pole
/work/mathiamt/SnowPoleDetection/RetinaNet/keras-retinanet/retinanet_data/lidar/images/train/image_809.png,446,76,451,90,pole
/work/mathiamt/SnowPoleDetection/RetinaNet/keras-retinanet/retinanet_data/lidar/images/train/image_809.png,1003,74,1006,89,pole
/work/mathiamt/SnowPoleDetection/RetinaNet/keras-retinanet/retinanet_data/lidar/images/train/image_81.png,991,85,995,102,pole
/work/mathiamt/SnowPoleDetection/RetinaNet/keras-retinanet/retinanet_data/lidar/images/train/image_81.png,72,89,76,117,pole
/work/mathiamt/SnowPoleDetection/RetinaNet/keras-retinanet/retinanet_data/lidar/images/train/image_810.png,436,75,444,101,pole
/work/mathiamt/SnowPoleDetection/RetinaNet/keras-retinanet/retinanet_data/lidar/images/train/image_811.png,425,76,433,103,pole
/work/mathiamt/SnowPoleDetection/RetinaNet/keras-retinanet/retinanet_data/lidar/images/train/image_813.png,395,81,406,122,pole
/work/mathiamt/SnowPoleDetection/RetinaNet/keras-retinanet/retinanet_data/lidar/images/train/image_814.png,372,84,381,127,pole
/work/mathiamt/SnowPoleDetection/RetinaNet/keras-retinanet/retinanet_data/lidar/images/train/image_815.png,337,96,343,128,pole
/work/mathiamt/SnowPoleDetection/RetinaNet/keras-retinanet/retinanet_data/lidar/images/train/image_815.png,341,89,349,128,pole
/work/mathiamt/SnowPoleDetection/RetinaNet/keras-retinanet/retinanet_data/lidar/images/train/image_817.png,235,96,248,128,pole
/work/mathiamt/SnowPoleDetection/RetinaNet/keras-retinanet/retinanet_data/lidar/images/train/image_817.png,247,92,256,127,pole
/work/mathiamt/SnowPoleDetection/RetinaNet/keras-retinanet/retinanet_data/lidar/images/train/image_819.png,143,100,154,128,pole
/work/mathiamt/SnowPoleDetection/RetinaNet/keras-retinanet/retinanet_data/lidar/images/train/image_819.png,156,96,166,127,pole
/work/mathiamt/SnowPoleDetection/RetinaNet/keras-retinanet/retinanet_data/lidar/images/train/image_82.png,995,83,1000,97,pole
/work/mathiamt/SnowPoleDetection/RetinaNet/keras-retinanet/retinanet_data/lidar/images/train/image_820.png,114,92,122,127,pole
/work/mathiamt/SnowPoleDetection/RetinaNet/keras-retinanet/retinanet_data/lidar/images/train/image_820.png,125,92,133,128,pole
/work/mathiamt/SnowPoleDetection/RetinaNet/keras-retinanet/retinanet_data/lidar/images/train/image_821.png,93,89,99,118,pole
/work/mathiamt/SnowPoleDetection/RetinaNet/keras-retinanet/retinanet_data/lidar/images/train/image_821.png,103,87,109,120,pole
/work/mathiamt/SnowPoleDetection/RetinaNet/keras-retinanet/retinanet_data/lidar/images/train/image_822.png,84,85,91,108,pole
/work/mathiamt/SnowPoleDetection/RetinaNet/keras-retinanet/retinanet_data/lidar/images/train/image_824.png,547,67,553,99,pole
/work/mathiamt/SnowPoleDetection/RetinaNet/keras-retinanet/retinanet_data/lidar/images/train/image_824.png,446,71,451,93,pole
/work/mathiamt/SnowPoleDetection/RetinaNet/keras-retinanet/retinanet_data/lidar/images/train/image_824.png,58,90,63,113,pole
/work/mathiamt/SnowPoleDetection/RetinaNet/keras-retinanet/retinanet_data/lidar/images/train/image_824.png,63,93,67,116,pole
/work/mathiamt/SnowPoleDetection/RetinaNet/keras-retinanet/retinanet_data/lidar/images/train/image_826.png,569,69,579,115,pole
/work/mathiamt/SnowPoleDetection/RetinaNet/keras-retinanet/retinanet_data/lidar/images/train/image_826.png,425,82,433,98,pole
/work/mathiamt/SnowPoleDetection/RetinaNet/keras-retinanet/retinanet_data/lidar/images/train/image_827.png,597,81,610,128,pole
/work/mathiamt/SnowPoleDetection/RetinaNet/keras-retinanet/retinanet_data/lidar/images/train/image_827.png,413,71,422,103,pole
/work/mathiamt/SnowPoleDetection/RetinaNet/keras-retinanet/retinanet_data/lidar/images/train/image_828.png,661,93,668,128,pole
/work/mathiamt/SnowPoleDetection/RetinaNet/keras-retinanet/retinanet_data/lidar/images/train/image_828.png,397,91,399,119,pole
/work/mathiamt/SnowPoleDetection/RetinaNet/keras-retinanet/retinanet_data/lidar/images/train/image_828.png,399,86,404,118,pole
/work/mathiamt/SnowPoleDetection/RetinaNet/keras-retinanet/retinanet_data/lidar/images/train/image_829.png,781,102,789,128,pole
/work/mathiamt/SnowPoleDetection/RetinaNet/keras-retinanet/retinanet_data/lidar/images/train/image_829.png,375,88,383,127,pole
/work/mathiamt/SnowPoleDetection/RetinaNet/keras-retinanet/retinanet_data/lidar/images/train/image_829.png,36,84,40,97,pole
/work/mathiamt/SnowPoleDetection/RetinaNet/keras-retinanet/retinanet_data/lidar/images/train/image_830.png,341,99,352,128,pole
/work/mathiamt/SnowPoleDetection/RetinaNet/keras-retinanet/retinanet_data/lidar/images/train/image_831.png,302,89,313,127,pole
/work/mathiamt/SnowPoleDetection/RetinaNet/keras-retinanet/retinanet_data/lidar/images/train/image_831.png,932,86,940,128,pole
/work/mathiamt/SnowPoleDetection/RetinaNet/keras-retinanet/retinanet_data/lidar/images/train/image_833.png,970,81,976,112,pole
/work/mathiamt/SnowPoleDetection/RetinaNet/keras-retinanet/retinanet_data/lidar/images/train/image_833.png,204,97,213,128,pole
/work/mathiamt/SnowPoleDetection/RetinaNet/keras-retinanet/retinanet_data/lidar/images/train/image_834.png,979,78,985,106,pole
/work/mathiamt/SnowPoleDetection/RetinaNet/keras-retinanet/retinanet_data/lidar/images/train/image_834.png,162,102,168,127,pole
/work/mathiamt/SnowPoleDetection/RetinaNet/keras-retinanet/retinanet_data/lidar/images/train/image_835.png,128,102,136,127,pole
/work/mathiamt/SnowPoleDetection/RetinaNet/keras-retinanet/retinanet_data/lidar/images/train/image_835.png,987,77,991,100,pole
/work/mathiamt/SnowPoleDetection/RetinaNet/keras-retinanet/retinanet_data/lidar/images/train/image_837.png,449,73,453,88,pole
/work/mathiamt/SnowPoleDetection/RetinaNet/keras-retinanet/retinanet_data/lidar/images/train/image_837.png,993,75,999,92,pole
/work/mathiamt/SnowPoleDetection/RetinaNet/keras-retinanet/retinanet_data/lidar/images/train/image_837.png,86,88,93,119,pole
/work/mathiamt/SnowPoleDetection/RetinaNet/keras-retinanet/retinanet_data/lidar/images/train/image_838.png,443,77,446,90,pole
/work/mathiamt/SnowPoleDetection/RetinaNet/keras-retinanet/retinanet_data/lidar/images/train/image_838.png,540,72,544,86,pole
/work/mathiamt/SnowPoleDetection/RetinaNet/keras-retinanet/retinanet_data/lidar/images/train/image_838.png,73,94,78,110,pole
/work/mathiamt/SnowPoleDetection/RetinaNet/keras-retinanet/retinanet_data/lidar/images/train/image_839.png,545,66,551,95,pole
/work/mathiamt/SnowPoleDetection/RetinaNet/keras-retinanet/retinanet_data/lidar/images/train/image_839.png,435,71,440,101,pole
/work/mathiamt/SnowPoleDetection/RetinaNet/keras-retinanet/retinanet_data/lidar/images/train/image_840.png,554,68,561,104,pole
/work/mathiamt/SnowPoleDetection/RetinaNet/keras-retinanet/retinanet_data/lidar/images/train/image_840.png,423,77,430,101,pole
/work/mathiamt/SnowPoleDetection/RetinaNet/keras-retinanet/retinanet_data/lidar/images/train/image_842.png,593,77,606,128,pole
/work/mathiamt/SnowPoleDetection/RetinaNet/keras-retinanet/retinanet_data/lidar/images/train/image_842.png,390,86,398,111,pole
/work/mathiamt/SnowPoleDetection/RetinaNet/keras-retinanet/retinanet_data/lidar/images/train/image_843.png,363,95,374,128,pole
/work/mathiamt/SnowPoleDetection/RetinaNet/keras-retinanet/retinanet_data/lidar/images/train/image_843.png,654,88,664,128,pole
/work/mathiamt/SnowPoleDetection/RetinaNet/keras-retinanet/retinanet_data/lidar/images/train/image_844.png,779,100,788,127,pole
/work/mathiamt/SnowPoleDetection/RetinaNet/keras-retinanet/retinanet_data/lidar/images/train/image_844.png,330,93,340,128,pole
/work/mathiamt/SnowPoleDetection/RetinaNet/keras-retinanet/retinanet_data/lidar/images/train/image_845.png,886,94,896,128,pole
/work/mathiamt/SnowPoleDetection/RetinaNet/keras-retinanet/retinanet_data/lidar/images/train/image_845.png,286,97,296,128,pole
/work/mathiamt/SnowPoleDetection/RetinaNet/keras-retinanet/retinanet_data/lidar/images/train/image_846.png,935,84,942,128,pole
/work/mathiamt/SnowPoleDetection/RetinaNet/keras-retinanet/retinanet_data/lidar/images/train/image_846.png,236,97,246,128,pole
/work/mathiamt/SnowPoleDetection/RetinaNet/keras-retinanet/retinanet_data/lidar/images/train/image_847.png,957,81,965,125,pole
/work/mathiamt/SnowPoleDetection/RetinaNet/keras-retinanet/retinanet_data/lidar/images/train/image_847.png,191,97,199,128,pole
/work/mathiamt/SnowPoleDetection/RetinaNet/keras-retinanet/retinanet_data/lidar/images/train/image_848.png,971,75,977,113,pole
/work/mathiamt/SnowPoleDetection/RetinaNet/keras-retinanet/retinanet_data/lidar/images/train/image_848.png,150,95,159,127,pole
/work/mathiamt/SnowPoleDetection/RetinaNet/keras-retinanet/retinanet_data/lidar/images/train/image_85.png,425,84,430,106,pole
/work/mathiamt/SnowPoleDetection/RetinaNet/keras-retinanet/retinanet_data/lidar/images/train/image_85.png,41,83,46,107,pole
/work/mathiamt/SnowPoleDetection/RetinaNet/keras-retinanet/retinanet_data/lidar/images/train/image_850.png,986,77,992,100,pole
/work/mathiamt/SnowPoleDetection/RetinaNet/keras-retinanet/retinanet_data/lidar/images/train/image_850.png,101,98,106,118,pole
/work/mathiamt/SnowPoleDetection/RetinaNet/keras-retinanet/retinanet_data/lidar/images/train/image_851.png,450,72,454,94,pole
/work/mathiamt/SnowPoleDetection/RetinaNet/keras-retinanet/retinanet_data/lidar/images/train/image_851.png,992,74,997,97,pole
/work/mathiamt/SnowPoleDetection/RetinaNet/keras-retinanet/retinanet_data/lidar/images/train/image_851.png,84,89,90,114,pole
/work/mathiamt/SnowPoleDetection/RetinaNet/keras-retinanet/retinanet_data/lidar/images/train/image_852.png,443,78,448,96,pole
/work/mathiamt/SnowPoleDetection/RetinaNet/keras-retinanet/retinanet_data/lidar/images/train/image_852.png,995,76,1000,94,pole
/work/mathiamt/SnowPoleDetection/RetinaNet/keras-retinanet/retinanet_data/lidar/images/train/image_852.png,72,90,77,109,pole
/work/mathiamt/SnowPoleDetection/RetinaNet/keras-retinanet/retinanet_data/lidar/images/train/image_853.png,540,71,545,86,pole
/work/mathiamt/SnowPoleDetection/RetinaNet/keras-retinanet/retinanet_data/lidar/images/train/image_853.png,433,82,439,97,pole
/work/mathiamt/SnowPoleDetection/RetinaNet/keras-retinanet/retinanet_data/lidar/images/train/image_854.png,422,84,428,102,pole
/work/mathiamt/SnowPoleDetection/RetinaNet/keras-retinanet/retinanet_data/lidar/images/train/image_854.png,546,73,553,98,pole
/work/mathiamt/SnowPoleDetection/RetinaNet/keras-retinanet/retinanet_data/lidar/images/train/image_855.png,556,68,563,101,pole
/work/mathiamt/SnowPoleDetection/RetinaNet/keras-retinanet/retinanet_data/lidar/images/train/image_855.png,407,87,413,119,pole
/work/mathiamt/SnowPoleDetection/RetinaNet/keras-retinanet/retinanet_data/lidar/images/train/image_856.png,569,74,578,116,pole
/work/mathiamt/SnowPoleDetection/RetinaNet/keras-retinanet/retinanet_data/lidar/images/train/image_856.png,386,88,393,122,pole
/work/mathiamt/SnowPoleDetection/RetinaNet/keras-retinanet/retinanet_data/lidar/images/train/image_86.png,546,86,553,111,pole
/work/mathiamt/SnowPoleDetection/RetinaNet/keras-retinanet/retinanet_data/lidar/images/train/image_86.png,409,90,415,112,pole
/work/mathiamt/SnowPoleDetection/RetinaNet/keras-retinanet/retinanet_data/lidar/images/train/image_862.png,959,81,967,123,pole
/work/mathiamt/SnowPoleDetection/RetinaNet/keras-retinanet/retinanet_data/lidar/images/train/image_862.png,128,109,139,128,pole
/work/mathiamt/SnowPoleDetection/RetinaNet/keras-retinanet/retinanet_data/lidar/images/train/image_863.png,972,79,978,111,pole
/work/mathiamt/SnowPoleDetection/RetinaNet/keras-retinanet/retinanet_data/lidar/images/train/image_863.png,103,106,114,128,pole
/work/mathiamt/SnowPoleDetection/RetinaNet/keras-retinanet/retinanet_data/lidar/images/train/image_864.png,980,81,986,104,pole
/work/mathiamt/SnowPoleDetection/RetinaNet/keras-retinanet/retinanet_data/lidar/images/train/image_864.png,87,100,96,128,pole
/work/mathiamt/SnowPoleDetection/RetinaNet/keras-retinanet/retinanet_data/lidar/images/train/image_865.png,987,76,992,103,pole
/work/mathiamt/SnowPoleDetection/RetinaNet/keras-retinanet/retinanet_data/lidar/images/train/image_865.png,71,99,81,117,pole
/work/mathiamt/SnowPoleDetection/RetinaNet/keras-retinanet/retinanet_data/lidar/images/train/image_866.png,992,78,997,97,pole
/work/mathiamt/SnowPoleDetection/RetinaNet/keras-retinanet/retinanet_data/lidar/images/train/image_866.png,440,72,444,88,pole
/work/mathiamt/SnowPoleDetection/RetinaNet/keras-retinanet/retinanet_data/lidar/images/train/image_867.png,431,75,438,93,pole
/work/mathiamt/SnowPoleDetection/RetinaNet/keras-retinanet/retinanet_data/lidar/images/train/image_867.png,535,76,542,92,pole
/work/mathiamt/SnowPoleDetection/RetinaNet/keras-retinanet/retinanet_data/lidar/images/train/image_870.png,556,80,565,114,pole
/work/mathiamt/SnowPoleDetection/RetinaNet/keras-retinanet/retinanet_data/lidar/images/train/image_870.png,379,86,390,113,pole
/work/mathiamt/SnowPoleDetection/RetinaNet/keras-retinanet/retinanet_data/lidar/images/train/image_871.png,573,90,581,128,pole
/work/mathiamt/SnowPoleDetection/RetinaNet/keras-retinanet/retinanet_data/lidar/images/train/image_871.png,353,94,359,127,pole
/work/mathiamt/SnowPoleDetection/RetinaNet/keras-retinanet/retinanet_data/lidar/images/train/image_871.png,352,94,355,125,pole
/work/mathiamt/SnowPoleDetection/RetinaNet/keras-retinanet/retinanet_data/lidar/images/train/image_872.png,602,102,612,128,pole
/work/mathiamt/SnowPoleDetection/RetinaNet/keras-retinanet/retinanet_data/lidar/images/train/image_872.png,311,100,323,128,pole
/work/mathiamt/SnowPoleDetection/RetinaNet/keras-retinanet/retinanet_data/lidar/images/train/image_873.png,268,91,276,127,pole
/work/mathiamt/SnowPoleDetection/RetinaNet/keras-retinanet/retinanet_data/lidar/images/train/image_874.png,216,107,225,128,pole
/work/mathiamt/SnowPoleDetection/RetinaNet/keras-retinanet/retinanet_data/lidar/images/train/image_875.png,172,102,180,127,pole
/work/mathiamt/SnowPoleDetection/RetinaNet/keras-retinanet/retinanet_data/lidar/images/train/image_877.png,110,89,118,128,pole
/work/mathiamt/SnowPoleDetection/RetinaNet/keras-retinanet/retinanet_data/lidar/images/train/image_877.png,957,99,964,128,pole
/work/mathiamt/SnowPoleDetection/RetinaNet/keras-retinanet/retinanet_data/lidar/images/train/image_878.png,969,93,976,117,pole
/work/mathiamt/SnowPoleDetection/RetinaNet/keras-retinanet/retinanet_data/lidar/images/train/image_878.png,91,81,98,110,pole
/work/mathiamt/SnowPoleDetection/RetinaNet/keras-retinanet/retinanet_data/lidar/images/train/image_88.png,580,87,593,128,pole
/work/mathiamt/SnowPoleDetection/RetinaNet/keras-retinanet/retinanet_data/lidar/images/train/image_88.png,352,106,360,128,pole
/work/mathiamt/SnowPoleDetection/RetinaNet/keras-retinanet/retinanet_data/lidar/images/train/image_880.png,436,74,443,95,pole
/work/mathiamt/SnowPoleDetection/RetinaNet/keras-retinanet/retinanet_data/lidar/images/train/image_881.png,429,79,433,97,pole
/work/mathiamt/SnowPoleDetection/RetinaNet/keras-retinanet/retinanet_data/lidar/images/train/image_882.png,416,81,423,108,pole
/work/mathiamt/SnowPoleDetection/RetinaNet/keras-retinanet/retinanet_data/lidar/images/train/image_883.png,399,83,405,114,pole
/work/mathiamt/SnowPoleDetection/RetinaNet/keras-retinanet/retinanet_data/lidar/images/train/image_883.png,540,68,546,92,pole
/work/mathiamt/SnowPoleDetection/RetinaNet/keras-retinanet/retinanet_data/lidar/images/train/image_887.png,598,79,608,128,pole
/work/mathiamt/SnowPoleDetection/RetinaNet/keras-retinanet/retinanet_data/lidar/images/train/image_887.png,40,76,43,90,pole
/work/mathiamt/SnowPoleDetection/RetinaNet/keras-retinanet/retinanet_data/lidar/images/train/image_887.png,262,95,271,128,pole
/work/mathiamt/SnowPoleDetection/RetinaNet/keras-retinanet/retinanet_data/lidar/images/train/image_89.png,304,100,315,128,pole
/work/mathiamt/SnowPoleDetection/RetinaNet/keras-retinanet/retinanet_data/lidar/images/train/image_890.png,136,91,145,127,pole
/work/mathiamt/SnowPoleDetection/RetinaNet/keras-retinanet/retinanet_data/lidar/images/train/image_890.png,881,92,893,128,pole
/work/mathiamt/SnowPoleDetection/RetinaNet/keras-retinanet/retinanet_data/lidar/images/train/image_891.png,931,86,940,128,pole
/work/mathiamt/SnowPoleDetection/RetinaNet/keras-retinanet/retinanet_data/lidar/images/train/image_891.png,111,87,118,116,pole
/work/mathiamt/SnowPoleDetection/RetinaNet/keras-retinanet/retinanet_data/lidar/images/train/image_892.png,955,81,964,123,pole
/work/mathiamt/SnowPoleDetection/RetinaNet/keras-retinanet/retinanet_data/lidar/images/train/image_892.png,91,88,99,126,pole
/work/mathiamt/SnowPoleDetection/RetinaNet/keras-retinanet/retinanet_data/lidar/images/train/image_894.png,437,74,443,93,pole
/work/mathiamt/SnowPoleDetection/RetinaNet/keras-retinanet/retinanet_data/lidar/images/train/image_894.png,979,77,984,105,pole
/work/mathiamt/SnowPoleDetection/RetinaNet/keras-retinanet/retinanet_data/lidar/images/train/image_895.png,428,80,434,100,pole
/work/mathiamt/SnowPoleDetection/RetinaNet/keras-retinanet/retinanet_data/lidar/images/train/image_895.png,985,76,991,100,pole
/work/mathiamt/SnowPoleDetection/RetinaNet/keras-retinanet/retinanet_data/lidar/images/train/image_896.png,413,77,420,106,pole
/work/mathiamt/SnowPoleDetection/RetinaNet/keras-retinanet/retinanet_data/lidar/images/train/image_896.png,990,76,996,100,pole
/work/mathiamt/SnowPoleDetection/RetinaNet/keras-retinanet/retinanet_data/lidar/images/train/image_899.png,342,90,353,127,pole
/work/mathiamt/SnowPoleDetection/RetinaNet/keras-retinanet/retinanet_data/lidar/images/train/image_899.png,545,65,551,96,pole
/work/mathiamt/SnowPoleDetection/RetinaNet/keras-retinanet/retinanet_data/lidar/images/train/image_9.png,977,84,984,109,pole
/work/mathiamt/SnowPoleDetection/RetinaNet/keras-retinanet/retinanet_data/lidar/images/train/image_9.png,80,95,87,122,pole
/work/mathiamt/SnowPoleDetection/RetinaNet/keras-retinanet/retinanet_data/lidar/images/train/image_900.png,303,95,313,128,pole
/work/mathiamt/SnowPoleDetection/RetinaNet/keras-retinanet/retinanet_data/lidar/images/train/image_900.png,553,65,562,104,pole
/work/mathiamt/SnowPoleDetection/RetinaNet/keras-retinanet/retinanet_data/lidar/images/train/image_902.png,592,75,603,128,pole
/work/mathiamt/SnowPoleDetection/RetinaNet/keras-retinanet/retinanet_data/lidar/images/train/image_902.png,207,91,215,128,pole
/work/mathiamt/SnowPoleDetection/RetinaNet/keras-retinanet/retinanet_data/lidar/images/train/image_905.png,873,94,884,128,pole
/work/mathiamt/SnowPoleDetection/RetinaNet/keras-retinanet/retinanet_data/lidar/images/train/image_905.png,106,91,114,115,pole
/work/mathiamt/SnowPoleDetection/RetinaNet/keras-retinanet/retinanet_data/lidar/images/train/image_906.png,927,86,935,127,pole
/work/mathiamt/SnowPoleDetection/RetinaNet/keras-retinanet/retinanet_data/lidar/images/train/image_906.png,89,85,96,111,pole
/work/mathiamt/SnowPoleDetection/RetinaNet/keras-retinanet/retinanet_data/lidar/images/train/image_909.png,427,78,433,102,pole
/work/mathiamt/SnowPoleDetection/RetinaNet/keras-retinanet/retinanet_data/lidar/images/train/image_909.png,978,78,984,110,pole
/work/mathiamt/SnowPoleDetection/RetinaNet/keras-retinanet/retinanet_data/lidar/images/train/image_91.png,194,102,202,128,pole
/work/mathiamt/SnowPoleDetection/RetinaNet/keras-retinanet/retinanet_data/lidar/images/train/image_91.png,928,109,937,128,pole
/work/mathiamt/SnowPoleDetection/RetinaNet/keras-retinanet/retinanet_data/lidar/images/train/image_910.png,413,79,421,111,pole
/work/mathiamt/SnowPoleDetection/RetinaNet/keras-retinanet/retinanet_data/lidar/images/train/image_910.png,984,77,990,100,pole
/work/mathiamt/SnowPoleDetection/RetinaNet/keras-retinanet/retinanet_data/lidar/images/train/image_911.png,395,77,404,110,pole
/work/mathiamt/SnowPoleDetection/RetinaNet/keras-retinanet/retinanet_data/lidar/images/train/image_911.png,990,76,995,99,pole
/work/mathiamt/SnowPoleDetection/RetinaNet/keras-retinanet/retinanet_data/lidar/images/train/image_912.png,374,79,384,122,pole
/work/mathiamt/SnowPoleDetection/RetinaNet/keras-retinanet/retinanet_data/lidar/images/train/image_912.png,994,74,998,94,pole
/work/mathiamt/SnowPoleDetection/RetinaNet/keras-retinanet/retinanet_data/lidar/images/train/image_913.png,342,95,347,124,pole
/work/mathiamt/SnowPoleDetection/RetinaNet/keras-retinanet/retinanet_data/lidar/images/train/image_913.png,345,88,351,123,pole
/work/mathiamt/SnowPoleDetection/RetinaNet/keras-retinanet/retinanet_data/lidar/images/train/image_913.png,539,65,544,89,pole
/work/mathiamt/SnowPoleDetection/RetinaNet/keras-retinanet/retinanet_data/lidar/images/train/image_913.png,998,78,1001,91,pole
/work/mathiamt/SnowPoleDetection/RetinaNet/keras-retinanet/retinanet_data/lidar/images/train/image_916.png,564,69,574,105,pole
/work/mathiamt/SnowPoleDetection/RetinaNet/keras-retinanet/retinanet_data/lidar/images/train/image_916.png,204,93,216,128,pole
/work/mathiamt/SnowPoleDetection/RetinaNet/keras-retinanet/retinanet_data/lidar/images/train/image_917.png,585,73,596,125,pole
/work/mathiamt/SnowPoleDetection/RetinaNet/keras-retinanet/retinanet_data/lidar/images/train/image_917.png,162,92,173,126,pole
/work/mathiamt/SnowPoleDetection/RetinaNet/keras-retinanet/retinanet_data/lidar/images/train/image_92.png,959,97,967,128,pole
/work/mathiamt/SnowPoleDetection/RetinaNet/keras-retinanet/retinanet_data/lidar/images/train/image_92.png,149,101,159,127,pole
/work/mathiamt/SnowPoleDetection/RetinaNet/keras-retinanet/retinanet_data/lidar/images/train/image_920.png,450,72,454,85,pole
/work/mathiamt/SnowPoleDetection/RetinaNet/keras-retinanet/retinanet_data/lidar/images/train/image_920.png,87,83,97,111,pole
/work/mathiamt/SnowPoleDetection/RetinaNet/keras-retinanet/retinanet_data/lidar/images/train/image_922.png,948,76,957,124,pole
/work/mathiamt/SnowPoleDetection/RetinaNet/keras-retinanet/retinanet_data/lidar/images/train/image_922.png,436,78,441,92,pole
/work/mathiamt/SnowPoleDetection/RetinaNet/keras-retinanet/retinanet_data/lidar/images/train/image_923.png,966,79,973,112,pole
/work/mathiamt/SnowPoleDetection/RetinaNet/keras-retinanet/retinanet_data/lidar/images/train/image_923.png,427,82,432,100,pole
/work/mathiamt/SnowPoleDetection/RetinaNet/keras-retinanet/retinanet_data/lidar/images/train/image_924.png,414,81,420,102,pole
/work/mathiamt/SnowPoleDetection/RetinaNet/keras-retinanet/retinanet_data/lidar/images/train/image_924.png,976,76,981,110,pole
/work/mathiamt/SnowPoleDetection/RetinaNet/keras-retinanet/retinanet_data/lidar/images/train/image_924.png,538,70,543,84,pole
/work/mathiamt/SnowPoleDetection/RetinaNet/keras-retinanet/retinanet_data/lidar/images/train/image_925.png,542,68,548,92,pole
/work/mathiamt/SnowPoleDetection/RetinaNet/keras-retinanet/retinanet_data/lidar/images/train/image_925.png,397,84,404,111,pole
/work/mathiamt/SnowPoleDetection/RetinaNet/keras-retinanet/retinanet_data/lidar/images/train/image_925.png,984,77,990,103,pole
/work/mathiamt/SnowPoleDetection/RetinaNet/keras-retinanet/retinanet_data/lidar/images/train/image_926.png,550,68,557,96,pole
/work/mathiamt/SnowPoleDetection/RetinaNet/keras-retinanet/retinanet_data/lidar/images/train/image_926.png,375,82,382,115,pole
/work/mathiamt/SnowPoleDetection/RetinaNet/keras-retinanet/retinanet_data/lidar/images/train/image_926.png,989,75,995,97,pole
/work/mathiamt/SnowPoleDetection/RetinaNet/keras-retinanet/retinanet_data/lidar/images/train/image_928.png,577,72,587,116,pole
/work/mathiamt/SnowPoleDetection/RetinaNet/keras-retinanet/retinanet_data/lidar/images/train/image_928.png,306,92,316,128,pole
/work/mathiamt/SnowPoleDetection/RetinaNet/keras-retinanet/retinanet_data/lidar/images/train/image_93.png,975,88,983,128,pole
/work/mathiamt/SnowPoleDetection/RetinaNet/keras-retinanet/retinanet_data/lidar/images/train/image_93.png,117,96,124,124,pole
/work/mathiamt/SnowPoleDetection/RetinaNet/keras-retinanet/retinanet_data/lidar/images/train/image_931.png,1003,71,1007,87,pole
/work/mathiamt/SnowPoleDetection/RetinaNet/keras-retinanet/retinanet_data/lidar/images/train/image_931.png,166,94,176,128,pole
/work/mathiamt/SnowPoleDetection/RetinaNet/keras-retinanet/retinanet_data/lidar/images/train/image_932.png,446,73,451,88,pole
/work/mathiamt/SnowPoleDetection/RetinaNet/keras-retinanet/retinanet_data/lidar/images/train/image_932.png,894,94,900,127,pole
/work/mathiamt/SnowPoleDetection/RetinaNet/keras-retinanet/retinanet_data/lidar/images/train/image_932.png,136,93,142,121,pole
/work/mathiamt/SnowPoleDetection/RetinaNet/keras-retinanet/retinanet_data/lidar/images/train/image_934.png,956,81,963,119,pole
/work/mathiamt/SnowPoleDetection/RetinaNet/keras-retinanet/retinanet_data/lidar/images/train/image_934.png,430,80,435,97,pole
/work/mathiamt/SnowPoleDetection/RetinaNet/keras-retinanet/retinanet_data/lidar/images/train/image_934.png,538,72,544,91,pole
/work/mathiamt/SnowPoleDetection/RetinaNet/keras-retinanet/retinanet_data/lidar/images/train/image_934.png,91,87,98,122,pole
/work/mathiamt/SnowPoleDetection/RetinaNet/keras-retinanet/retinanet_data/lidar/images/train/image_935.png,418,79,424,100,pole
/work/mathiamt/SnowPoleDetection/RetinaNet/keras-retinanet/retinanet_data/lidar/images/train/image_935.png,544,71,550,91,pole
/work/mathiamt/SnowPoleDetection/RetinaNet/keras-retinanet/retinanet_data/lidar/images/train/image_935.png,969,79,976,106,pole
/work/mathiamt/SnowPoleDetection/RetinaNet/keras-retinanet/retinanet_data/lidar/images/train/image_936.png,552,67,558,96,pole
/work/mathiamt/SnowPoleDetection/RetinaNet/keras-retinanet/retinanet_data/lidar/images/train/image_936.png,403,84,409,105,pole
/work/mathiamt/SnowPoleDetection/RetinaNet/keras-retinanet/retinanet_data/lidar/images/train/image_936.png,980,78,984,100,pole
/work/mathiamt/SnowPoleDetection/RetinaNet/keras-retinanet/retinanet_data/lidar/images/train/image_936.png,983,100,987,101,pole
/work/mathiamt/SnowPoleDetection/RetinaNet/keras-retinanet/retinanet_data/lidar/images/train/image_939.png,631,87,641,128,pole
/work/mathiamt/SnowPoleDetection/RetinaNet/keras-retinanet/retinanet_data/lidar/images/train/image_939.png,317,95,327,127,pole
/work/mathiamt/SnowPoleDetection/RetinaNet/keras-retinanet/retinanet_data/lidar/images/train/image_939.png,993,74,999,96,pole
/work/mathiamt/SnowPoleDetection/RetinaNet/keras-retinanet/retinanet_data/lidar/images/train/image_943.png,950,78,957,121,pole
/work/mathiamt/SnowPoleDetection/RetinaNet/keras-retinanet/retinanet_data/lidar/images/train/image_943.png,146,87,154,128,pole
/work/mathiamt/SnowPoleDetection/RetinaNet/keras-retinanet/retinanet_data/lidar/images/train/image_943.png,310,95,322,128,pole
/work/mathiamt/SnowPoleDetection/RetinaNet/keras-retinanet/retinanet_data/lidar/images/train/image_944.png,120,89,128,117,pole
/work/mathiamt/SnowPoleDetection/RetinaNet/keras-retinanet/retinanet_data/lidar/images/train/image_944.png,965,80,974,118,pole
/work/mathiamt/SnowPoleDetection/RetinaNet/keras-retinanet/retinanet_data/lidar/images/train/image_945.png,382,80,389,108,pole
/work/mathiamt/SnowPoleDetection/RetinaNet/keras-retinanet/retinanet_data/lidar/images/train/image_945.png,976,77,984,103,pole
/work/mathiamt/SnowPoleDetection/RetinaNet/keras-retinanet/retinanet_data/lidar/images/train/image_947.png,328,85,336,123,pole
/work/mathiamt/SnowPoleDetection/RetinaNet/keras-retinanet/retinanet_data/lidar/images/train/image_948.png,62,88,67,107,pole
/work/mathiamt/SnowPoleDetection/RetinaNet/keras-retinanet/retinanet_data/lidar/images/train/image_948.png,993,77,997,92,pole
/work/mathiamt/SnowPoleDetection/RetinaNet/keras-retinanet/retinanet_data/lidar/images/train/image_948.png,291,96,299,128,pole
/work/mathiamt/SnowPoleDetection/RetinaNet/keras-retinanet/retinanet_data/lidar/images/train/image_950.png,999,72,1003,87,pole
/work/mathiamt/SnowPoleDetection/RetinaNet/keras-retinanet/retinanet_data/lidar/images/train/image_950.png,208,101,212,125,pole
/work/mathiamt/SnowPoleDetection/RetinaNet/keras-retinanet/retinanet_data/lidar/images/train/image_951.png,1002,74,1006,92,pole
/work/mathiamt/SnowPoleDetection/RetinaNet/keras-retinanet/retinanet_data/lidar/images/train/image_951.png,171,97,175,123,pole
/work/mathiamt/SnowPoleDetection/RetinaNet/keras-retinanet/retinanet_data/lidar/images/train/image_976.png,606,92,611,126,pole
/work/mathiamt/SnowPoleDetection/RetinaNet/keras-retinanet/retinanet_data/lidar/images/train/image_976.png,625,97,631,119,pole
/work/mathiamt/SnowPoleDetection/RetinaNet/keras-retinanet/retinanet_data/lidar/images/train/image_978.png,657,92,665,128,pole
/work/mathiamt/SnowPoleDetection/RetinaNet/keras-retinanet/retinanet_data/lidar/images/train/image_979.png,697,96,705,127,pole
/work/mathiamt/SnowPoleDetection/RetinaNet/keras-retinanet/retinanet_data/lidar/images/train/image_979.png,718,102,724,128,pole
/work/mathiamt/SnowPoleDetection/RetinaNet/keras-retinanet/retinanet_data/lidar/images/train/image_980.png,437,70,440,88,pole
/work/mathiamt/SnowPoleDetection/RetinaNet/keras-retinanet/retinanet_data/lidar/images/train/image_980.png,756,100,762,127,pole
/work/mathiamt/SnowPoleDetection/RetinaNet/keras-retinanet/retinanet_data/lidar/images/train/image_980.png,796,107,803,127,pole
/work/mathiamt/SnowPoleDetection/RetinaNet/keras-retinanet/retinanet_data/lidar/images/train/image_981.png,844,103,850,128,pole
/work/mathiamt/SnowPoleDetection/RetinaNet/keras-retinanet/retinanet_data/lidar/images/train/image_981.png,789,96,798,128,pole
/work/mathiamt/SnowPoleDetection/RetinaNet/keras-retinanet/retinanet_data/lidar/images/train/image_983.png,905,98,911,128,pole
/work/mathiamt/SnowPoleDetection/RetinaNet/keras-retinanet/retinanet_data/lidar/images/train/image_983.png,856,97,861,126,pole
/work/mathiamt/SnowPoleDetection/RetinaNet/keras-retinanet/retinanet_data/lidar/images/train/image_988.png,555,79,561,102,pole
/work/mathiamt/SnowPoleDetection/RetinaNet/keras-retinanet/retinanet_data/lidar/images/train/image_988.png,327,87,334,119,pole
/work/mathiamt/SnowPoleDetection/RetinaNet/keras-retinanet/retinanet_data/lidar/images/train/image_989.png,566,75,572,108,pole
/work/mathiamt/SnowPoleDetection/RetinaNet/keras-retinanet/retinanet_data/lidar/images/train/image_989.png,297,97,305,117,pole
/work/mathiamt/SnowPoleDetection/RetinaNet/keras-retinanet/retinanet_data/lidar/images/train/image_99.png,430,84,435,103,pole
/work/mathiamt/SnowPoleDetection/RetinaNet/keras-retinanet/retinanet_data/lidar/images/train/image_99.png,543,82,548,97,pole
/work/mathiamt/SnowPoleDetection/RetinaNet/keras-retinanet/retinanet_data/lidar/images/train/image_990.png,582,80,588,123,pole
/work/mathiamt/SnowPoleDetection/RetinaNet/keras-retinanet/retinanet_data/lidar/images/train/image_991.png,607,89,617,128,pole
/work/mathiamt/SnowPoleDetection/RetinaNet/keras-retinanet/retinanet_data/lidar/images/train/image_993.png,744,107,753,128,pole
/work/mathiamt/SnowPoleDetection/RetinaNet/keras-retinanet/retinanet_data/lidar/images/train/image_994.png,845,107,853,128,pole
/work/mathiamt/SnowPoleDetection/RetinaNet/keras-retinanet/retinanet_data/lidar/images/train/image_998.png,966,87,973,116,pole
/work/mathiamt/SnowPoleDetection/RetinaNet/keras-retinanet/retinanet_data/lidar/images/train/image_999.png,975,80,980,107,pole
